y_true,y_score,num_tokens,y_id
0,1.024271845817566,512,4711c11387379912
1,0.8755555748939514,513,ai_chinh_tri_0375_gemini-3.7-flash
1,0.8527397513389587,684,ai_the_thao_0335_GPT-5.6 Luna
1,0.8528138399124146,575,ai_van_hoa_0281_gemini-3.7-flash
0,0.9208633303642272,512,084429ac6a2cf5c8
0,0.916201114654541,768,2a4fafec18ee0a9c
0,1.0155038833618164,768,96637af9c602fe34
1,0.9014084339141846,550,ai_xa_hoi_0503_gemini-3.7-flash
0,1.0065789222717283,733,9edbe8451a2001ed
1,0.9104477763175964,685,ai_xa_hoi_0615_GPT-5.6 Luna
1,0.8590308427810669,595,ai_the_thao_0193_gemini-3.7-flash
1,0.8695651888847351,685,ai_xa_hoi_0379_GPT-5.6 Luna
0,0.9588235020637512,632,9e216eda39492d64
0,0.9696969985961914,512,0b42698c1b71da6d
0,0.9324894547462464,768,4c0f2c1d2e819869
1,0.8678571581840515,686,ai_kinh_te_0253_GPT-5.6 Luna
0,1.045454502105713,744,3f49251d9a41f148
0,1.0550458431243896,559,e12394c98757a7fa
1,0.8617021441459656,686,ai_xa_hoi_0594_GPT-5.6 Luna
1,0.8333333134651184,530,ai_kinh_te_0323_gemini-3.7-flash
1,0.8840579986572266,686,ai_giao_duc_0757_GPT-5.6 Luna
1,0.875,684,ai_chinh_tri_0792_GPT-5.6 Luna
0,0.9444444179534912,562,7eec12c50bf6605a
0,0.9724409580230712,530,5143b4b7bc71e7d5
1,0.8892857432365417,685,ai_the_thao_0786_GPT-5.6 Luna
0,0.9227941036224364,681,6c311a8b0b4a8be1
0,0.9482071995735168,512,0929b7c68f784c84
0,0.959999978542328,768,9f4106eb82d6561e
0,0.979253113269806,768,41569aa96b4a1ad9
1,0.886956512928009,596,ai_the_thao_0317_gemini-3.7-flash
1,0.8590308427810669,595,ai_the_thao_0609_gemini-3.7-flash
0,0.948905110359192,582,3c35ac4489bfb4b7
0,0.9755101799964904,652,d4ca2c20c6b7c535
0,0.955974817276001,624,16c47dcb4c0f1172
0,0.9263566136360168,543,4606db8f0f059a72
0,0.9923664331436156,512,992ed94ff724c6b1
0,1.0,627,e0d10d85a51b6737
1,0.8410041928291321,531,ai_the_thao_0102_gemini-3.7-flash
0,1.140625,553,1475ae5944148412
0,0.9814814925193788,768,45e74a9534fe3910
0,1.0722891092300415,662,2c131329b0efdd82
0,1.0463576316833496,674,f52fa95851ff77f1
1,0.8741007447242737,686,ai_van_hoa_0684_GPT-5.6 Luna
1,0.9910714030265808,550,ai_van_hoa_0138_gemini-3.7-flash
0,0.9738562107086182,661,381872f5630658ce
0,0.991304337978363,512,edeb8dc0bdf3d64b
0,1.012195110321045,512,5cd51ce753372a68
1,0.8590308427810669,595,ai_the_thao_0337_gemini-3.7-flash
0,0.9324324131011964,641,4c3c1ecc9f6463f5
1,0.8410041928291321,531,ai_the_thao_0726_gemini-3.7-flash
0,0.9715909361839294,768,2411bb5b938499d0
0,0.9552238583564758,512,0866d004a758c702
0,0.9589040875434875,703,80da191009b8ce72
0,1.015625,628,c1c7cb51324cd102
1,0.8219696879386902,555,ai_van_hoa_0127_gemini-3.7-flash
0,0.9661017060279846,664,0e29f154e0e046fb
1,0.8933823704719543,684,ai_giao_duc_0698_GPT-5.6 Luna
0,0.9255319237709044,549,6a6ea6d49d9b4bc4
0,1.0,638,285aa1290ec9a303
0,0.9527897238731384,659,5f5bd7d95caef0d9
1,0.8695651888847351,685,ai_xa_hoi_0054_GPT-5.6 Luna
0,1.0463576316833496,582,4587e1e2dd774053
0,0.9767441749572754,533,2797319b11b98eeb
0,0.9904305934906006,512,b841e822589f36b5
1,0.8510638475418091,685,ai_chinh_tri_0418_GPT-5.6 Luna
0,0.9534883499145508,768,a8c9462348a2aa1b
1,0.8859649300575256,518,ai_giao_duc_0354_gemini-3.7-flash
1,0.9279661178588868,569,ai_xa_hoi_0525_gemini-3.7-flash
0,0.9864864945411682,627,a8b5cc0f599d9b1a
0,1.02212393283844,327,acdec4625c31ad5d
1,0.9037036895751952,684,ai_kinh_te_0484_GPT-5.6 Luna
1,0.9910714030265808,550,ai_van_hoa_0586_gemini-3.7-flash
1,0.8286713361740112,685,ai_van_hoa_0376_GPT-5.6 Luna
0,0.9481481313705444,130,483adc5d6f51dd7b
0,1.1468926668167114,512,30aea2d2a6e1199d
0,0.975000023841858,692,b94d0f545f56151f
0,0.963235318660736,768,8d58989bf39ddad5
1,0.8360000252723694,557,ai_van_hoa_0147_gemini-3.7-flash
1,0.9230769276618958,494,ai_xa_hoi_0284_gemini-3.7-flash
1,0.8652482032775879,686,ai_xa_hoi_0213_GPT-5.6 Luna
0,1.0284360647201538,768,3a246db095d7d7d0
1,0.8714285492897034,685,ai_the_thao_0267_GPT-5.6 Luna
0,0.966216206550598,512,d69a990be99ae42f
0,1.0061728954315186,512,7f37537b618f4f90
0,1.0,768,f069cb2cd51e52bb
0,0.9774436354637146,631,c3a5b4b1cdfdb02d
1,0.8601398468017578,684,ai_van_hoa_0551_GPT-5.6 Luna
1,0.8859649300575256,518,ai_giao_duc_0642_gemini-3.7-flash
1,0.8723404407501221,685,ai_van_hoa_0362_GPT-5.6 Luna
0,1.0081300735473633,512,cd73652c14fc2167
1,0.8695651888847351,686,ai_xa_hoi_0067_GPT-5.6 Luna
0,0.8949771523475647,512,b9326d3c72430f14
0,0.973154366016388,579,bdcd82705785c911
1,0.8528138399124146,575,ai_van_hoa_0513_gemini-3.7-flash
0,0.9918367266654968,768,5188930c5357708b
0,0.9448275566101074,512,e6d55897e73b64aa
0,0.9577465057373048,512,555fe8663b4da411
0,1.0518518686294556,515,f053d35a0e481bef
0,0.8069307208061218,512,6db5eaa41fdeb846
1,0.8952381014823914,595,ai_chinh_tri_0453_gemini-3.7-flash
0,1.0,617,316d5d0d73070b0d
1,0.8666666746139526,530,ai_giao_duc_0144_gemini-3.7-flash
1,0.8483412265777588,560,ai_giao_duc_0319_gemini-3.7-flash
0,0.8652482032775879,512,a72780f4f716a46a
1,0.925110161304474,599,ai_giao_duc_0605_gemini-3.7-flash
1,0.9279661178588868,569,ai_xa_hoi_0213_gemini-3.7-flash
0,0.9386792182922364,768,ef95aabf8d341de0
0,0.9842932224273682,512,3c6f3ac5ccfa1e39
0,0.959999978542328,602,dee54861cbeda2dd
1,0.9531915187835692,531,ai_xa_hoi_0046_gemini-3.7-flash
0,0.9771689772605896,701,14071fa32a42bac1
1,0.8905109763145447,686,ai_giao_duc_0685_GPT-5.6 Luna
1,0.925110161304474,599,ai_giao_duc_0245_gemini-3.7-flash
0,0.9551281929016112,651,516e72344707d607
0,0.9641255736351012,648,b60ba3272106da4d
0,0.9306358098983764,551,984975496cad6403
1,0.8840579986572266,686,ai_giao_duc_0444_GPT-5.6 Luna
0,0.9110169410705566,653,251aa49a390f9d32
1,0.902255654335022,684,ai_xa_hoi_0071_GPT-5.6 Luna
1,0.8410041928291321,531,ai_the_thao_0238_gemini-3.7-flash
1,0.8527397513389587,686,ai_the_thao_0269_GPT-5.6 Luna
1,0.8799999952316284,554,ai_the_thao_0227_gemini-3.7-flash
1,0.8859649300575256,518,ai_giao_duc_0826_gemini-3.7-flash
1,0.8426573276519775,684,ai_chinh_tri_0772_GPT-5.6 Luna
1,0.8840579986572266,686,ai_giao_duc_0159_GPT-5.6 Luna
1,0.8991228342056274,565,ai_chinh_tri_0634_gemini-3.7-flash
1,0.8776978254318237,685,ai_xa_hoi_0166_GPT-5.6 Luna
1,0.8586956262588501,686,ai_kinh_te_0805_GPT-5.6 Luna
0,0.9834024906158448,768,abed2bc124600fec
0,1.0,768,93128aeda4c64f19
1,0.8731883764266968,686,ai_giao_duc_0591_GPT-5.6 Luna
0,0.9465649127960204,768,22f0133b55e15311
1,0.904411792755127,684,ai_kinh_te_0212_GPT-5.6 Luna
0,0.9795918464660645,526,50e8591139061d85
0,1.0688259601593018,512,2976915240b1a0d7
1,0.8546099066734314,684,ai_giao_duc_0104_GPT-5.6 Luna
1,0.8799999952316284,554,ai_the_thao_0643_gemini-3.7-flash
0,0.9622641801834106,685,ce73f7aea0e8c01f
0,0.9730941653251648,661,499105d77c93bc89
0,1.06965172290802,743,a7acbe340c471d78
0,1.0649350881576538,689,0e26b9386d8f0165
0,1.1061947345733645,512,ee815eeb3f04200d
1,0.9014084339141846,550,ai_xa_hoi_0231_gemini-3.7-flash
1,0.9014084339141846,550,ai_xa_hoi_0799_gemini-3.7-flash
1,0.8401360511779785,684,ai_the_thao_0623_GPT-5.6 Luna
0,0.947580635547638,768,e8a11216610b79bf
0,0.98046875,649,08347af8d32b41e7
0,1.0660792589187622,524,604a8ed511186379
1,0.8469387888908386,685,ai_chinh_tri_0036_GPT-5.6 Luna
1,0.9004328846931458,566,ai_chinh_tri_0302_gemini-3.7-flash
1,0.8341013789176941,561,ai_giao_duc_0771_gemini-3.7-flash
1,0.9004328846931458,566,ai_chinh_tri_0446_gemini-3.7-flash
1,0.8771186470985413,574,ai_van_hoa_0045_gemini-3.7-flash
0,0.9790209531784058,521,b1e3b542c2c14244
0,1.1267606019973757,209,a7d09579c646c7b1
1,0.8695651888847351,685,ai_chinh_tri_0610_GPT-5.6 Luna
1,0.8661971688270569,685,ai_kinh_te_0710_GPT-5.6 Luna
0,1.0256410837173462,692,ecec24125c0ab1a7
1,0.8472222089767456,684,ai_chinh_tri_0020_GPT-5.6 Luna
1,0.8652482032775879,686,ai_van_hoa_0585_GPT-5.6 Luna
0,0.945945918560028,508,214f52d7ee1e1f0a
1,0.8571428656578064,685,ai_giao_duc_0816_GPT-5.6 Luna
0,0.9960474371910096,768,5458fbad8906cbf4
1,0.8666666746139526,530,ai_giao_duc_0464_gemini-3.7-flash
1,0.8680555820465088,686,ai_the_thao_0529_GPT-5.6 Luna
1,0.8423236608505249,517,ai_giao_duc_0502_gemini-3.7-flash
0,1.0232558250427246,768,88c70d8803a1bb0a
1,0.8690476417541504,568,ai_kinh_te_0386_gemini-3.7-flash
1,0.925110161304474,599,ai_giao_duc_0021_gemini-3.7-flash
1,0.8633093237876892,685,ai_kinh_te_0346_GPT-5.6 Luna
1,0.9242424368858336,596,ai_chinh_tri_0529_gemini-3.7-flash
0,0.9854369163513184,511,dd13e21c01b6228c
0,0.959276020526886,512,f4720d9fb688b4d2
1,0.8782608509063721,547,ai_van_hoa_0244_gemini-3.7-flash
1,0.8510638475418091,684,ai_van_hoa_0453_GPT-5.6 Luna
1,0.8546099066734314,687,ai_van_hoa_0100_GPT-5.6 Luna
0,1.0596026182174685,512,acf4d82d64d23894
0,1.0,512,74a9cd1a744e0371
0,0.9301470518112184,512,0cd527058e9d6be5
1,0.8767605423927307,686,ai_xa_hoi_0572_GPT-5.6 Luna
0,0.9930070042610168,674,9afde6c4be5d2358
1,0.8823529481887817,684,ai_giao_duc_0377_GPT-5.6 Luna
0,0.9271523356437684,521,f5906606f0f77a89
0,0.9537037014961244,512,338e093a76fa6361
0,1.0143541097640991,512,8952972d48cc4e08
1,0.9279661178588868,569,ai_xa_hoi_0349_gemini-3.7-flash
0,0.945652186870575,512,9fa34c2a43fdd115
1,0.8607142567634583,685,ai_xa_hoi_0222_GPT-5.6 Luna
1,0.8735178112983704,644,ai_kinh_te_0813_gemini-3.7-flash
0,1.0446927547454834,512,85163e4fa60aa72d
1,0.8623188138008118,687,ai_kinh_te_0136_GPT-5.6 Luna
1,0.8784722089767456,686,ai_the_thao_0177_GPT-5.6 Luna
1,0.8633093237876892,684,ai_chinh_tri_0767_GPT-5.6 Luna
0,0.9928571581840516,655,7520f0147004d744
1,0.8219696879386902,555,ai_van_hoa_0103_gemini-3.7-flash
0,1.0232558250427246,647,f0bb7ffc17e41457
1,0.8991228342056274,565,ai_chinh_tri_0026_gemini-3.7-flash
1,0.8496503233909607,684,ai_van_hoa_0383_GPT-5.6 Luna
1,0.8949275612831116,686,ai_giao_duc_0293_GPT-5.6 Luna
0,1.0,636,8e385722b20776f5
0,0.9882352948188782,512,30b6c9f445a4d07b
1,0.8723404407501221,686,ai_kinh_te_0793_GPT-5.6 Luna
0,0.9436619877815248,613,425acb77fb443144
1,0.8888888955116272,518,ai_chinh_tri_0555_gemini-3.7-flash
0,1.0136985778808594,512,69654d848b29075b
1,0.8666666746139526,530,ai_giao_duc_0528_gemini-3.7-flash
0,0.9711934328079224,615,47210eac74c88c8b
1,0.8905109763145447,684,ai_kinh_te_0108_GPT-5.6 Luna
0,0.967346966266632,654,9ea6c2ae91372a8b
1,0.8738738894462585,530,ai_giao_duc_0580_gemini-3.7-flash
1,0.8360000252723694,557,ai_van_hoa_0771_gemini-3.7-flash
0,0.980861246585846,512,3e8b009e3ad1b151
0,0.9728682041168212,512,0f86ea0d38ea2f8e
1,0.8617021441459656,685,ai_xa_hoi_0713_GPT-5.6 Luna
1,0.8360000252723694,557,ai_van_hoa_0259_gemini-3.7-flash
0,1.037344455718994,554,939e34e78d2ca761
1,0.8633093237876892,684,ai_van_hoa_0478_GPT-5.6 Luna
1,0.8367347121238708,684,ai_the_thao_0679_GPT-5.6 Luna
1,0.912350594997406,515,ai_kinh_te_0352_gemini-3.7-flash
0,0.9485294222831726,635,1e02c2dc3cc4a384
1,0.8528138399124146,575,ai_van_hoa_0697_gemini-3.7-flash
0,0.935742974281311,768,e7c795ea95635f2b
0,0.9547738432884216,634,2f961c60397be51b
0,0.9655172228813172,463,42ec0f0bd17925bc
1,0.8333333134651184,530,ai_kinh_te_0219_gemini-3.7-flash
1,0.8723404407501221,686,ai_chinh_tri_0146_GPT-5.6 Luna
1,0.8848921060562134,685,ai_kinh_te_0358_GPT-5.6 Luna
0,1.0076335668563845,558,5b57fa648dba6131
0,0.8719512224197388,548,4540d8a3c415d0b3
1,0.8782608509063721,547,ai_van_hoa_0620_gemini-3.7-flash
0,0.9388646483421326,557,97fed23344ebc0f1
1,0.8483412265777588,560,ai_giao_duc_0575_gemini-3.7-flash
1,0.9234449863433838,551,ai_xa_hoi_0315_gemini-3.7-flash
1,0.8368055820465088,686,ai_xa_hoi_0386_GPT-5.6 Luna
1,0.8666666746139526,530,ai_giao_duc_0808_gemini-3.7-flash
1,0.8813559412956238,574,ai_van_hoa_0349_gemini-3.7-flash
0,0.8974359035491943,512,cf5844e2e9c6465c
1,0.8389830589294434,554,ai_the_thao_0615_gemini-3.7-flash
1,0.9404255151748656,533,ai_xa_hoi_0690_gemini-3.7-flash
0,0.9354838728904724,512,5709e17de0a923aa
0,0.9954338073730468,695,5f17289c49697d2b
1,0.8639705777168274,684,ai_giao_duc_0457_GPT-5.6 Luna
1,0.8813559412956238,574,ai_van_hoa_0173_gemini-3.7-flash
1,0.8888888955116272,518,ai_chinh_tri_0659_gemini-3.7-flash
0,0.9668508172035216,768,79311f96a9aab9f7
0,0.96517413854599,632,f8316de2e3878988
0,0.995708167552948,768,393f563e8b37b217
1,0.8510638475418091,686,ai_kinh_te_0744_GPT-5.6 Luna
0,0.95652174949646,639,f71f81b43e819a1f
0,1.0054644346237185,512,46359c4014927a5f
0,0.9760000109672546,691,25c498350c23b9d1
0,0.9051094651222228,534,32590085515dfd4a
1,0.9910714030265808,550,ai_van_hoa_0194_gemini-3.7-flash
1,0.8590308427810669,595,ai_the_thao_0737_gemini-3.7-flash
0,1.0656933784484863,637,78d9f7135e0f9089
0,0.9780701994895936,706,7ca300de174219f4
1,0.8510638475418091,685,ai_van_hoa_0817_GPT-5.6 Luna
0,0.9583333134651184,701,47797a2689f89686
0,1.0270270109176636,512,4bf43858b21fb503
1,0.867521345615387,600,ai_giao_duc_0457_gemini-3.7-flash
0,0.9740259647369384,666,abd0d8a9d7fcc078
0,1.0458015203475952,768,6c9d17205dcc13ce
0,0.949999988079071,512,c885aedf82074622
1,0.895652174949646,545,ai_chinh_tri_0296_gemini-3.7-flash
0,1.007299304008484,691,9df8579dea1af1c2
1,0.9383260011672974,551,ai_van_hoa_0766_gemini-3.7-flash
1,0.9057971239089966,686,ai_giao_duc_0509_GPT-5.6 Luna
0,1.032894730567932,589,46d3ebd12ee8862b
1,0.8666666746139526,530,ai_giao_duc_0168_gemini-3.7-flash
0,0.9591836929321288,768,6e7803b9a1f58d63
1,0.8571428656578064,684,ai_chinh_tri_0288_GPT-5.6 Luna
0,1.0,768,6da13274ff90cff0
1,0.8821428418159485,685,ai_the_thao_0212_GPT-5.6 Luna
0,0.978102207183838,512,e82c1082cc8fc77b
0,1.006666660308838,512,31acb40c766dc087
1,0.912350594997406,515,ai_kinh_te_0696_gemini-3.7-flash
0,0.9686098694801332,618,97249f5dd57239f2
0,0.9912663698196412,768,7c3b83873c810409
0,0.9052631855010986,512,2b5ead0f9654f6f6
0,0.9870967864990234,698,fa3f8b59ebcbe4de
1,0.8804348111152649,686,ai_giao_duc_0604_GPT-5.6 Luna
0,1.029197096824646,512,60a50aa8abdcea28
1,0.8528138399124146,575,ai_van_hoa_0201_gemini-3.7-flash
0,1.0285714864730835,686,7dd7be188ca92e51
0,1.0256410837173462,690,68db02773f76498b
0,0.9568345546722412,512,6bb5d550c2a927cb
0,0.945945918560028,510,a83340684ac9a8d6
1,0.8952381014823914,595,ai_chinh_tri_0461_gemini-3.7-flash
0,0.9689922332763672,512,4e4d523de4d64e19
1,0.8510638475418091,684,ai_van_hoa_0137_GPT-5.6 Luna
0,1.0397350788116455,527,0aaa72a6dbd05357
1,0.8584070801734924,544,ai_van_hoa_0160_gemini-3.7-flash
0,0.9583333134651184,691,0e80123134ee00c6
0,1.0760869979858398,509,e264b836c659222e
0,1.092307686805725,512,2d047a6f0e4b77a8
1,0.912350594997406,515,ai_kinh_te_0448_gemini-3.7-flash
0,1.0584415197372437,620,772acaea15f55b16
1,0.8741007447242737,685,ai_kinh_te_0454_GPT-5.6 Luna
1,0.9194915294647216,497,ai_xa_hoi_0712_gemini-3.7-flash
1,0.8514492511749268,684,ai_kinh_te_0562_GPT-5.6 Luna
0,0.9928571581840516,559,c4fce4d1e953e523
1,0.9014084339141846,550,ai_xa_hoi_0711_gemini-3.7-flash
0,1.0763888359069824,652,543dfcf2b0da77bf
1,0.8916084170341492,686,ai_the_thao_0633_GPT-5.6 Luna
0,1.0234375,602,e7ee7fcfa45fc52c
0,0.9531915187835692,520,dc7c70b7eb39102a
0,0.9879032373428344,768,fcd8d4473c3e07c0
1,0.8389830589294434,554,ai_the_thao_0639_gemini-3.7-flash
0,1.0372670888900757,659,9c76fb9712b67937
0,0.993749976158142,512,77708af48c87f767
0,0.9655172228813172,649,1521d7f1712ed53b
1,0.8410041928291321,531,ai_the_thao_0446_gemini-3.7-flash
0,0.970802903175354,560,a65540ebd796d76e
1,0.8601398468017578,684,ai_van_hoa_0519_GPT-5.6 Luna
1,0.8799999952316284,554,ai_the_thao_0675_gemini-3.7-flash
1,0.8473895788192749,521,ai_the_thao_0444_gemini-3.7-flash
0,0.6655405163764954,520,ed4d7a0c8cc3817a
0,1.021276593208313,512,f21db81a6bf8f50c
0,0.9844961166381836,650,dc6df299333dd780
0,1.0129032135009766,512,5456b307b544c435
1,0.8541666865348816,686,ai_the_thao_0093_GPT-5.6 Luna
1,0.8738738894462585,530,ai_giao_duc_0172_gemini-3.7-flash
1,0.8804348111152649,686,ai_xa_hoi_0617_GPT-5.6 Luna
1,0.8777777552604675,684,ai_xa_hoi_0263_GPT-5.6 Luna
0,0.9942196607589722,512,c576cf0e20ec2c1c
0,1.1187214851379397,512,6df44e6965c29ac8
1,0.85447758436203,530,ai_kinh_te_0439_gemini-3.7-flash
0,0.9552238583564758,768,e312471887172fea
1,0.9404255151748656,533,ai_xa_hoi_0770_gemini-3.7-flash
1,0.8473895788192749,521,ai_the_thao_0420_gemini-3.7-flash
1,0.8576388955116272,685,ai_the_thao_0780_GPT-5.6 Luna
1,0.8999999761581421,684,ai_giao_duc_0274_GPT-5.6 Luna
1,0.9242424368858336,596,ai_chinh_tri_0073_gemini-3.7-flash
1,0.85447758436203,530,ai_kinh_te_0607_gemini-3.7-flash
0,0.9337349534034728,512,40bae084a715e21e
0,0.9956896305084229,740,b73d89f1deae438a
0,0.85537189245224,512,2bc1f29a58a14f8c
0,0.9659090638160706,688,e1e04c1603077da4
0,0.9784172773361206,705,3a5f843190b0e86e
0,1.076335906982422,512,f3aa79bc336391a7
1,0.8949275612831116,685,ai_kinh_te_0747_GPT-5.6 Luna
0,0.9906103014945984,512,e4d80547e51117c8
1,0.8464285731315613,684,ai_van_hoa_0437_GPT-5.6 Luna
1,0.8591549396514893,685,ai_the_thao_0518_GPT-5.6 Luna
0,0.9784482717514038,512,7675ee140f06b0f2
1,0.8678571581840515,684,ai_van_hoa_0767_GPT-5.6 Luna
0,1.0149253606796265,543,6d79271246e022c8
0,1.0728477239608765,669,9ce0dbeb5f9a0dd7
0,0.9383886456489564,552,06d9dc9a004339d3
1,0.8741007447242737,684,ai_chinh_tri_0242_GPT-5.6 Luna
1,0.8333333134651184,530,ai_kinh_te_0739_gemini-3.7-flash
1,0.895652174949646,545,ai_chinh_tri_0328_gemini-3.7-flash
1,0.912350594997406,515,ai_kinh_te_0120_gemini-3.7-flash
0,1.0,768,b0555fe602f51f5d
0,1.0,581,6a136ab3f444d122
0,0.970802903175354,768,5032848ef57dce0b
0,0.8756756782531738,665,88be4ebc23d170a9
1,0.8723404407501221,686,ai_chinh_tri_0626_GPT-5.6 Luna
1,0.8590308427810669,595,ai_the_thao_0073_gemini-3.7-flash
0,1.0336134433746338,512,6821c8943598a09d
0,0.9637681245803832,636,2b01d0fc19e07be6
1,0.8527397513389587,686,ai_the_thao_0293_GPT-5.6 Luna
1,0.886956512928009,596,ai_the_thao_0149_gemini-3.7-flash
0,1.043010711669922,528,95758d94e536100e
1,0.912350594997406,515,ai_kinh_te_0128_gemini-3.7-flash
0,0.956204354763031,590,9759483cf4fa72ed
0,0.9581151604652404,768,6fe2fe260d5ea2c8
0,1.127819538116455,512,317ab903c262a9e7
0,0.9391891956329346,627,57ec45a20bb78113
0,1.1103448867797852,512,11317675a94c89fb
0,0.9467213153839112,768,06fa129b5234cd38
1,0.9531915187835692,531,ai_xa_hoi_0574_gemini-3.7-flash
1,0.8991228342056274,565,ai_chinh_tri_0714_gemini-3.7-flash
1,0.9242424368858336,596,ai_chinh_tri_0817_gemini-3.7-flash
1,0.8590308427810669,595,ai_the_thao_0129_gemini-3.7-flash
0,0.9669811129570008,592,212744871f46af78
1,0.8731883764266968,684,ai_chinh_tri_0791_GPT-5.6 Luna
0,1.0333333015441897,641,879b8162763752b8
1,0.866906464099884,685,ai_chinh_tri_0218_GPT-5.6 Luna
0,0.9829787015914916,512,fe1352087675c251
0,0.9872881174087524,571,7f625fe9e707ce81
0,0.959770143032074,693,f8436218f50b1481
1,0.9166666865348816,514,ai_kinh_te_0804_gemini-3.7-flash
1,0.8333333134651184,530,ai_kinh_te_0475_gemini-3.7-flash
1,0.8723404407501221,684,ai_the_thao_0275_GPT-5.6 Luna
1,0.84375,686,ai_van_hoa_0649_GPT-5.6 Luna
0,0.9529411792755128,768,4d996dda0c57e158
1,0.8723404407501221,685,ai_kinh_te_0558_GPT-5.6 Luna
0,0.9806451797485352,655,17d5c1bf924f00a6
1,0.8617021441459656,685,ai_the_thao_0558_GPT-5.6 Luna
0,0.971222996711731,540,d49af1a8bd7111f9
1,0.8341013789176941,561,ai_giao_duc_0283_gemini-3.7-flash
1,0.8735178112983704,644,ai_kinh_te_0485_gemini-3.7-flash
0,1.0283688306808472,507,0a5e18ee15a1db09
0,0.9931507110595704,768,72c64ae1f4af758f
0,0.8823529481887817,768,052e4ef255375158
0,0.9858155846595764,768,9b45299914c6dc4f
0,0.9769230484962464,500,77dd3654aecc9429
1,0.8848921060562134,686,ai_xa_hoi_0420_GPT-5.6 Luna
1,0.8741007447242737,685,ai_xa_hoi_0411_GPT-5.6 Luna
1,0.9234449863433838,551,ai_xa_hoi_0267_gemini-3.7-flash
0,0.9025423526763916,512,1049056da5240199
0,1.0,768,225f0c72d076abae
0,0.9397590160369872,562,de427e172a1b968b
1,0.8590308427810669,595,ai_the_thao_0705_gemini-3.7-flash
1,0.83984375,555,ai_van_hoa_0023_gemini-3.7-flash
0,0.9506726264953612,679,2f6de9093164a803
1,0.8854166865348816,686,ai_the_thao_0497_GPT-5.6 Luna
1,0.8591549396514893,685,ai_the_thao_0470_GPT-5.6 Luna
0,1.0303030014038086,683,92393cfc2168204d
1,0.8410041928291321,531,ai_the_thao_0494_gemini-3.7-flash
0,1.0106383562088013,512,35cbbf65ff59a25e
1,0.8617021441459656,684,ai_van_hoa_0162_GPT-5.6 Luna
1,0.912350594997406,515,ai_kinh_te_0504_gemini-3.7-flash
1,0.9230769276618958,494,ai_xa_hoi_0460_gemini-3.7-flash
1,0.8426573276519775,684,ai_xa_hoi_0488_GPT-5.6 Luna
1,0.9037036895751952,684,ai_giao_duc_0474_GPT-5.6 Luna
1,0.8714285492897034,685,ai_xa_hoi_0609_GPT-5.6 Luna
1,0.8695651888847351,684,ai_kinh_te_0383_GPT-5.6 Luna
0,1.0289016962051392,723,b4c2d1d868474313
0,0.9773755669593812,618,c029a8cc46764698
0,0.9919678568840028,768,ab9f6a79f249f0b7
0,0.9932432174682616,582,f68c34e0e7852d65
1,0.8776978254318237,686,ai_xa_hoi_0225_GPT-5.6 Luna
0,0.9923076629638672,704,70081913b9f10291
1,0.8591549396514893,686,ai_xa_hoi_0629_GPT-5.6 Luna
0,1.015625,567,737f97be7c44b82a
1,0.8731883764266968,684,ai_xa_hoi_0792_GPT-5.6 Luna
0,0.9767441749572754,652,98983fc669010607
0,1.0108696222305298,609,ddd01d57cd59b729
1,0.9230769276618958,494,ai_xa_hoi_0796_gemini-3.7-flash
1,0.8286713361740112,684,ai_the_thao_0624_GPT-5.6 Luna
1,0.9166666865348816,514,ai_kinh_te_0116_gemini-3.7-flash
1,0.8510638475418091,686,ai_kinh_te_0648_GPT-5.6 Luna
0,0.9285714030265808,512,aaf815a776f5a115
0,0.9806201457977296,734,9e2703509d99e68e
1,0.8633093237876892,686,ai_chinh_tri_0514_GPT-5.6 Luna
1,0.8733624219894409,545,ai_chinh_tri_0044_gemini-3.7-flash
0,0.959276020526886,768,235994fa696110af
1,0.8561151027679443,684,ai_kinh_te_0818_GPT-5.6 Luna
0,0.9795082211494446,768,0f57becc6b531663
1,0.9004328846931458,566,ai_chinh_tri_0814_gemini-3.7-flash
0,1.0163934230804443,654,610d04151eb16f4d
1,0.8473895788192749,521,ai_the_thao_0700_gemini-3.7-flash
0,1.059701442718506,675,951efe2ec0cf89b5
0,0.9545454382896424,646,68f099515f6dcf0a
1,0.8804348111152649,686,ai_giao_duc_0348_GPT-5.6 Luna
1,0.925110161304474,599,ai_giao_duc_0445_gemini-3.7-flash
1,0.8848921060562134,685,ai_kinh_te_0118_GPT-5.6 Luna
0,0.9058296084403992,512,e8a52346339706ba
1,0.8617021441459656,685,ai_van_hoa_0552_GPT-5.6 Luna
0,0.9409090876579284,768,2277ea54851fd84b
1,0.8633093237876892,684,ai_van_hoa_0438_GPT-5.6 Luna
1,0.8515625,567,ai_kinh_te_0342_gemini-3.7-flash
1,0.8735178112983704,644,ai_kinh_te_0829_gemini-3.7-flash
0,0.9791666865348816,512,75e142b8a0773e06
0,0.9677419066429138,768,41aa4ff6f8e47601
1,0.8713235259056091,684,ai_giao_duc_0361_GPT-5.6 Luna
0,0.9561753273010254,647,4e30f328872f60fa
1,0.8690476417541504,568,ai_kinh_te_0314_gemini-3.7-flash
0,0.9801324605941772,768,27f7247627d97be5
0,0.9928571581840516,673,16730bdfc3380146
0,0.9060402512550354,570,7d80b95addcacca8
0,1.097561001777649,616,a4b73fd4b45667e4
0,0.9545454382896424,768,c174a1ec124a46c5
0,1.0404040813446045,512,827f4e13860bc74f
1,0.8666666746139526,530,ai_giao_duc_0744_gemini-3.7-flash
0,0.7960784435272217,512,595ce378c0764e64
1,0.8576388955116272,685,ai_the_thao_0540_GPT-5.6 Luna
0,1.0208333730697632,683,11b746585a2d3c09
1,0.8690476417541504,568,ai_kinh_te_0410_gemini-3.7-flash
1,0.8389830589294434,554,ai_the_thao_0463_gemini-3.7-flash
1,0.9230769276618958,494,ai_xa_hoi_0204_gemini-3.7-flash
0,0.942307710647583,768,8f8a24c11397ab72
1,0.8666666746139526,530,ai_giao_duc_0816_gemini-3.7-flash
1,0.8680555820465088,686,ai_the_thao_0249_GPT-5.6 Luna
1,0.8992537260055542,685,ai_xa_hoi_0167_GPT-5.6 Luna
0,1.108433723449707,645,c90711f24f406b5d
0,0.911646604537964,512,8bac7c9d5befd8dd
1,0.8776978254318237,686,ai_giao_duc_0559_GPT-5.6 Luna
0,1.0720000267028809,642,17ed4eee9b34f494
1,0.8804348111152649,684,ai_chinh_tri_0832_GPT-5.6 Luna
0,0.9950248599052428,667,3573b79049f48964
1,0.8956834673881531,686,ai_xa_hoi_0220_GPT-5.6 Luna
1,0.8755555748939514,513,ai_chinh_tri_0239_gemini-3.7-flash
1,0.8695651888847351,685,ai_chinh_tri_0050_GPT-5.6 Luna
1,0.8733624219894409,545,ai_chinh_tri_0508_gemini-3.7-flash
1,0.8500000238418579,684,ai_chinh_tri_0102_GPT-5.6 Luna
1,0.8586956262588501,685,ai_chinh_tri_0494_GPT-5.6 Luna
1,0.8601398468017578,684,ai_van_hoa_0671_GPT-5.6 Luna
0,0.9610389471054076,577,8dae8f82afe5f1e4
1,0.8483412265777588,560,ai_giao_duc_0255_gemini-3.7-flash
1,0.8219696879386902,555,ai_van_hoa_0439_gemini-3.7-flash
1,0.9166666865348816,514,ai_kinh_te_0452_gemini-3.7-flash
1,0.8799999952316284,554,ai_the_thao_0187_gemini-3.7-flash
0,1.0394736528396606,607,a4235c5c63631c1c
1,0.8823529481887817,684,ai_giao_duc_0401_GPT-5.6 Luna
1,0.912350594997406,515,ai_kinh_te_0248_gemini-3.7-flash
0,0.9290780425071716,768,e8b5a7ad3a52a01b
1,0.9242424368858336,596,ai_chinh_tri_0081_gemini-3.7-flash
1,0.8888888955116272,518,ai_chinh_tri_0419_gemini-3.7-flash
0,1.0444444417953491,768,e177a87d2022e934
0,1.0,512,14b8246a1e73f00d
1,0.867521345615387,600,ai_giao_duc_0809_gemini-3.7-flash
1,0.8410041928291321,531,ai_the_thao_0166_gemini-3.7-flash
0,0.8743718862533569,623,c5ac13a3db1dbc53
1,0.8360000252723694,557,ai_van_hoa_0251_gemini-3.7-flash
1,0.8859649300575256,518,ai_giao_duc_0770_gemini-3.7-flash
1,0.8785714507102966,686,ai_van_hoa_0404_GPT-5.6 Luna
1,0.8623188138008118,686,ai_chinh_tri_0067_GPT-5.6 Luna
0,0.9806451797485352,697,5ee0a556681759e6
0,1.0042016506195068,622,65301f9e9e5e2c98
0,0.991189420223236,590,c63a11b6ad5891f1
1,0.8333333134651184,685,ai_van_hoa_0089_GPT-5.6 Luna
0,1.0070422887802124,531,e81163ebffd278c3
1,0.8299319744110107,684,ai_the_thao_0615_GPT-5.6 Luna
0,0.9793103337287904,703,179e5905d17679fb
1,0.852173924446106,595,ai_the_thao_0817_gemini-3.7-flash
1,0.8970588445663452,684,ai_kinh_te_0100_GPT-5.6 Luna
1,0.8925926089286804,684,ai_giao_duc_0346_GPT-5.6 Luna
0,1.0538461208343506,630,078f81b249940d01
0,1.0456852912902832,618,74aa724ecb9a5499
0,1.038167953491211,512,df676a4c2b501382
1,0.8799999952316284,554,ai_the_thao_0003_gemini-3.7-flash
0,0.9455782175064088,686,385cd4c3fc698861
0,0.9777777791023254,763,111230201633b45b
0,0.9407894611358644,512,f0c612d36f2bb717
1,0.8949275612831116,686,ai_giao_duc_0727_GPT-5.6 Luna
1,0.8695651888847351,685,ai_xa_hoi_0150_GPT-5.6 Luna
1,0.8733624219894409,545,ai_chinh_tri_0572_gemini-3.7-flash
0,0.9094827771186828,677,3f8cc47e41d0b13c
1,0.9166666865348816,514,ai_kinh_te_0252_gemini-3.7-flash
1,0.8368794322013855,683,ai_xa_hoi_0696_GPT-5.6 Luna
1,0.925110161304474,599,ai_giao_duc_0541_gemini-3.7-flash
1,0.8546099066734314,684,ai_xa_hoi_0643_GPT-5.6 Luna
1,0.9014084339141846,550,ai_xa_hoi_0215_gemini-3.7-flash
0,0.9503546357154846,645,8374560c202b5679
1,0.8978102207183838,686,ai_giao_duc_0363_GPT-5.6 Luna
0,0.9124087691307068,700,82a1a3df11c140f0
0,0.9800000190734864,733,7c021f670137c13a
1,0.85447758436203,530,ai_kinh_te_0327_gemini-3.7-flash
1,0.8483412265777588,560,ai_giao_duc_0815_gemini-3.7-flash
1,0.8652482032775879,686,ai_chinh_tri_0771_GPT-5.6 Luna
1,0.8586956262588501,684,ai_van_hoa_0814_GPT-5.6 Luna
1,0.8546099066734314,685,ai_van_hoa_0425_GPT-5.6 Luna
1,0.8472222089767456,686,ai_the_thao_0714_GPT-5.6 Luna
1,0.886956512928009,596,ai_the_thao_0061_gemini-3.7-flash
0,0.948905110359192,768,c87ef3ffeebd47d3
0,1.0,764,8dbe5249ed5b6fb1
0,1.0080645084381104,679,ea9b09fa3330ebd9
1,0.8584070801734924,544,ai_van_hoa_0504_gemini-3.7-flash
1,0.9279661178588868,569,ai_xa_hoi_0669_gemini-3.7-flash
0,0.9543378949165344,768,99301a98e3123f2a
0,1.0551180839538574,605,7b1d29cbebd75de8
1,0.8755555748939514,513,ai_chinh_tri_0727_gemini-3.7-flash
0,1.0384615659713743,512,3b0ad5816538d04f
0,0.9949495196342468,512,855a941f0644721c
1,0.8767605423927307,686,ai_van_hoa_0090_GPT-5.6 Luna
0,1.0071429014205933,762,0639f57e401cb174
1,0.9230769276618958,494,ai_xa_hoi_0244_gemini-3.7-flash
1,0.8829787373542786,686,ai_kinh_te_0006_GPT-5.6 Luna
0,1.062222242355347,514,45ac4b2bc8c49505
0,0.9722222089767456,622,459c3a8fe6c83d5f
0,1.1367521286010742,564,c92584526699e3f2
1,0.8799999952316284,554,ai_the_thao_0787_gemini-3.7-flash
1,0.895652174949646,545,ai_chinh_tri_0424_gemini-3.7-flash
1,0.8821428418159485,686,ai_chinh_tri_0776_GPT-5.6 Luna
1,0.8591549396514893,685,ai_the_thao_0398_GPT-5.6 Luna
0,1.0133333206176758,615,3c4f44a7c8b0af06
1,0.8633093237876892,685,ai_kinh_te_0703_GPT-5.6 Luna
1,0.8473895788192749,521,ai_the_thao_0468_gemini-3.7-flash
0,1.0675675868988037,729,7486505c7b008851
1,0.9004328846931458,566,ai_chinh_tri_0342_gemini-3.7-flash
1,0.8782608509063721,547,ai_van_hoa_0660_gemini-3.7-flash
1,0.866906464099884,685,ai_giao_duc_0116_GPT-5.6 Luna
1,0.8695651888847351,685,ai_xa_hoi_0289_GPT-5.6 Luna
1,0.8473895788192749,521,ai_the_thao_0516_gemini-3.7-flash
0,0.9338235259056092,580,4d5d6ae91e9ffeb7
0,0.9712643623352052,691,704ec49772bb8480
0,0.94372296333313,512,cb0dd1ecbfa2aef4
0,1.0592105388641355,512,e610e3e678fb7df2
1,0.925110161304474,599,ai_giao_duc_0029_gemini-3.7-flash
1,0.8219696879386902,555,ai_van_hoa_0679_gemini-3.7-flash
1,0.9227467775344848,570,ai_xa_hoi_0249_gemini-3.7-flash
0,0.9760000109672546,656,9f2ccf9d4ef4867d
1,0.8590308427810669,595,ai_the_thao_0401_gemini-3.7-flash
1,0.8661971688270569,686,ai_xa_hoi_0154_GPT-5.6 Luna
1,0.895652174949646,545,ai_chinh_tri_0680_gemini-3.7-flash
1,0.9230769276618958,494,ai_xa_hoi_0020_gemini-3.7-flash
1,0.85447758436203,530,ai_kinh_te_0719_gemini-3.7-flash
1,0.9166666865348816,514,ai_kinh_te_0140_gemini-3.7-flash
0,0.9838056564331056,512,e2aa5a0c28be000d
0,1.0337553024291992,630,5da8aa02feb15b3d
1,0.8991228342056274,565,ai_chinh_tri_0778_gemini-3.7-flash
1,0.8804348111152649,685,ai_kinh_te_0199_GPT-5.6 Luna
1,0.8528138399124146,575,ai_van_hoa_0569_gemini-3.7-flash
0,1.0,512,a23d58ffe7c2a4cc
1,0.895652174949646,545,ai_chinh_tri_0064_gemini-3.7-flash
1,0.8936170339584351,686,ai_giao_duc_0094_GPT-5.6 Luna
1,0.886956512928009,596,ai_the_thao_0389_gemini-3.7-flash
0,1.0,519,4ef6f7aea2f52171
0,0.9603174328804016,512,f1185ef983a29424
1,0.8804348111152649,686,ai_xa_hoi_0621_GPT-5.6 Luna
1,0.8978102207183838,686,ai_giao_duc_0365_GPT-5.6 Luna
0,1.1360946893692017,550,2aafff7caf8b0776
0,0.9214285612106324,768,6249f0c6d760e328
0,1.055813908576965,520,02b4f9318a89c95a
1,0.8410041928291321,531,ai_the_thao_0742_gemini-3.7-flash
1,0.8541666865348816,685,ai_the_thao_0716_GPT-5.6 Luna
1,0.8607142567634583,684,ai_van_hoa_0605_GPT-5.6 Luna
1,0.9242424368858336,596,ai_chinh_tri_0601_gemini-3.7-flash
1,0.9234449863433838,551,ai_xa_hoi_0331_gemini-3.7-flash
0,0.9644268751144408,622,c92b92d4488f4d03
0,0.9346405267715454,768,8fd444bbffe2ec6f
0,0.942307710647583,668,55ecad3a9f89d4f5
1,0.8916084170341492,686,ai_the_thao_0033_GPT-5.6 Luna
0,1.02816903591156,569,bd4c216edf5f9640
1,0.8576388955116272,686,ai_the_thao_0133_GPT-5.6 Luna
1,0.9227467775344848,570,ai_xa_hoi_0433_gemini-3.7-flash
0,1.0599077939987185,512,7c31764cd33ff766
0,0.9212121367454528,768,8bb90ffec4a49861
0,1.0202702283859253,659,97cd5b6ce12dbcfc
1,0.9014084339141846,550,ai_xa_hoi_0447_gemini-3.7-flash
0,0.969924807548523,673,8a7153c33cc4097a
0,0.969465672969818,573,2a9ca86dbf502984
0,0.9418604373931884,768,434a0da718ccecc2
1,0.8546099066734314,684,ai_giao_duc_0224_GPT-5.6 Luna
1,0.8949275612831116,686,ai_giao_duc_0127_GPT-5.6 Luna
0,0.9631901979446412,768,77708af48c87f767
1,0.8333333134651184,685,ai_van_hoa_0329_GPT-5.6 Luna
1,0.8617021441459656,685,ai_giao_duc_0592_GPT-5.6 Luna
1,0.8556337952613831,684,ai_the_thao_0211_GPT-5.6 Luna
1,0.9194915294647216,497,ai_xa_hoi_0080_gemini-3.7-flash
1,0.8423236608505249,517,ai_giao_duc_0222_gemini-3.7-flash
0,0.9791666865348816,512,e17ac47fdca6d68f
0,0.8717948794364929,506,2205530d730dfd27
1,0.8341013789176941,561,ai_giao_duc_0667_gemini-3.7-flash
1,0.8713235259056091,684,ai_giao_duc_0225_GPT-5.6 Luna
1,0.8392857313156128,684,ai_chinh_tri_0038_GPT-5.6 Luna
0,1.048387050628662,527,ead2a38da2517414
1,0.9014084339141846,550,ai_xa_hoi_0127_gemini-3.7-flash
1,0.8472222089767456,686,ai_the_thao_0765_GPT-5.6 Luna
0,1.09375,535,8aba907339397550
1,0.8695651888847351,684,ai_chinh_tri_0221_GPT-5.6 Luna
0,0.9837398529052734,590,456002c95905f48e
1,0.8571428656578064,686,ai_kinh_te_0688_GPT-5.6 Luna
1,0.8666666746139526,530,ai_giao_duc_0784_gemini-3.7-flash
0,0.9727891087532043,512,019e4cd1649fc329
0,0.9568345546722412,669,16b34c0fe7fc8b26
0,1.0,768,4bbed9659801b1d2
1,0.8888888955116272,518,ai_chinh_tri_0139_gemini-3.7-flash
0,0.9861111044883728,636,73375e1a6ce00beb
0,0.8625954389572144,609,c0733bfcbd42cea4
0,0.9929577708244324,751,0da5054044685c6c
1,0.8401360511779785,684,ai_the_thao_0175_GPT-5.6 Luna
0,1.0,675,861527c3aa792869
1,0.8848921060562134,685,ai_the_thao_0242_GPT-5.6 Luna
1,0.8666666746139526,530,ai_giao_duc_0712_gemini-3.7-flash
0,0.9038461446762084,512,6c38cab3f9242a6b
1,0.9910714030265808,550,ai_van_hoa_0314_gemini-3.7-flash
1,0.8714285492897034,686,ai_van_hoa_0243_GPT-5.6 Luna
1,0.8496503233909607,685,ai_van_hoa_0476_GPT-5.6 Luna
1,0.8510638475418091,684,ai_van_hoa_0377_GPT-5.6 Luna
0,1.1081081628799438,522,ef3894966418cb30
1,0.8556337952613831,686,ai_kinh_te_0715_GPT-5.6 Luna
0,0.9925925731658936,693,e19caf1abbaa5c73
0,1.0275862216949463,512,f6f59812d7c78feb
0,1.0209205150604248,768,bf3b852f8695e4b3
1,0.8888888955116272,643,ai_kinh_te_0425_gemini-3.7-flash
1,0.8633093237876892,684,ai_chinh_tri_0693_GPT-5.6 Luna
0,1.1055046319961548,259,617c1d59bb76747a
1,0.8500000238418579,685,ai_chinh_tri_0574_GPT-5.6 Luna
0,0.9938650131225586,768,66ce8f2bc911e142
1,0.8949275612831116,686,ai_giao_duc_0829_GPT-5.6 Luna
0,0.9430894255638124,631,5745b75368a7ffb8
1,0.8755555748939514,513,ai_chinh_tri_0511_gemini-3.7-flash
1,0.8741007447242737,686,ai_chinh_tri_0384_GPT-5.6 Luna
1,0.8840579986572266,686,ai_van_hoa_0572_GPT-5.6 Luna
1,0.8731883764266968,686,ai_kinh_te_0352_GPT-5.6 Luna
0,1.0758620500564575,512,2d58f1c06266994f
1,0.8884119987487793,574,ai_van_hoa_0773_gemini-3.7-flash
1,0.9234449863433838,551,ai_xa_hoi_0563_gemini-3.7-flash
0,0.9751037359237672,551,6152f5f82784e9a6
1,0.8473895788192749,521,ai_the_thao_0156_gemini-3.7-flash
1,0.8738738894462585,530,ai_giao_duc_0036_gemini-3.7-flash
0,0.9834024906158448,553,847e5cc5c7d66345
0,1.013071894645691,619,884a4bffa7f21c95
0,0.9718875288963318,512,7f1483da3c296db7
1,0.9404255151748656,533,ai_xa_hoi_0306_gemini-3.7-flash
0,0.9159663915634156,512,ae4990e5abe68e62
0,1.0346320867538452,661,8e7dd80d80f46611
1,0.8714285492897034,685,ai_van_hoa_0415_GPT-5.6 Luna
1,0.8860294222831726,684,ai_giao_duc_0538_GPT-5.6 Luna
1,0.8392857313156128,684,ai_chinh_tri_0247_GPT-5.6 Luna
0,0.9956140518188475,768,267f4ed4e2739c17
1,0.8799999952316284,554,ai_the_thao_0699_gemini-3.7-flash
1,0.8738738894462585,530,ai_giao_duc_0284_gemini-3.7-flash
0,1.0116958618164062,653,db0f7649a69e95a0
0,1.0437955856323242,512,692726b7229c83fd
1,0.8473895788192749,521,ai_the_thao_0196_gemini-3.7-flash
0,1.074626922607422,661,0d3765d088ee6c4f
0,0.985401451587677,684,ed65d51221ddbab5
0,0.966216206550598,768,5a5230913f76b004
1,0.8952381014823914,595,ai_chinh_tri_0653_gemini-3.7-flash
0,0.9527559280395508,512,f8304d8c3d727b85
1,0.902255654335022,684,ai_xa_hoi_0599_GPT-5.6 Luna
1,0.8590308427810669,595,ai_the_thao_0177_gemini-3.7-flash
0,1.0507246255874634,684,ae8c82b538b0d083
1,0.8776978254318237,686,ai_xa_hoi_0665_GPT-5.6 Luna
1,0.8723404407501221,685,ai_kinh_te_0395_GPT-5.6 Luna
1,0.8785714507102966,686,ai_xa_hoi_0525_GPT-5.6 Luna
1,0.8738738894462585,530,ai_giao_duc_0228_gemini-3.7-flash
1,0.867521345615387,600,ai_giao_duc_0425_gemini-3.7-flash
0,0.971222996711731,768,f00f8a5a985e214d
1,0.8360000252723694,557,ai_van_hoa_0219_gemini-3.7-flash
0,1.0205479860305786,512,c3f9af90e4b19ad0
0,1.0316455364227295,512,c89c790a3a0e1f7d
1,0.9014084339141846,550,ai_xa_hoi_0079_gemini-3.7-flash
0,1.0044444799423218,512,29fdb1539adb624e
0,0.9588477611541748,706,386790761d868ff7
1,0.8617021441459656,684,ai_the_thao_0019_GPT-5.6 Luna
0,1.0379747152328491,546,8e9feaff41c2ee06
0,1.0204081535339355,559,32ac1c3ae6c59338
1,0.8483412265777588,560,ai_giao_duc_0559_gemini-3.7-flash
0,0.9502262473106384,512,dc68e29910670e4d
1,0.9004328846931458,566,ai_chinh_tri_0566_gemini-3.7-flash
1,0.9531915187835692,531,ai_xa_hoi_0278_gemini-3.7-flash
0,0.9736841917037964,512,2381344ada607c6a
1,0.8528138399124146,575,ai_van_hoa_0457_gemini-3.7-flash
0,1.0214285850524902,768,89555444168e6401
1,0.8952381014823914,595,ai_chinh_tri_0541_gemini-3.7-flash
1,0.886956512928009,596,ai_the_thao_0117_gemini-3.7-flash
0,1.009216547012329,534,6bd9503ee2178a06
1,0.8840579986572266,686,ai_giao_duc_0343_GPT-5.6 Luna
1,0.9194915294647216,497,ai_xa_hoi_0536_gemini-3.7-flash
0,0.8971630930900574,501,f4f980916476174e
0,1.049327373504639,591,34aff953892f0723
0,0.9846153855323792,512,790ece1aa30f6043
0,0.9503546357154846,744,07a2dd22b9102b35
1,0.9234449863433838,551,ai_xa_hoi_0499_gemini-3.7-flash
1,0.8541666865348816,684,ai_chinh_tri_0092_GPT-5.6 Luna
1,0.8755555748939514,513,ai_chinh_tri_0599_gemini-3.7-flash
1,0.8392857313156128,684,ai_chinh_tri_0670_GPT-5.6 Luna
0,0.9699570536613464,512,695cca5c790c9979
1,0.8738738894462585,530,ai_giao_duc_0340_gemini-3.7-flash
0,1.0208333730697632,635,6457e99eab1a3154
0,0.9766082167625428,512,17f1309ad327a029
1,0.8814814686775208,685,ai_chinh_tri_0025_GPT-5.6 Luna
0,0.9242424368858336,689,1245e9c022cb67aa
0,1.0750988721847534,676,c41b644d7bd07da3
1,0.9014084339141846,550,ai_xa_hoi_0607_gemini-3.7-flash
1,0.8515625,567,ai_kinh_te_0222_gemini-3.7-flash
0,0.8951048851013184,768,2f124b27a99dd6ec
0,0.9929078221321106,753,6962d4114249b60b
1,0.9014084339141846,550,ai_xa_hoi_0551_gemini-3.7-flash
1,0.8666666746139526,530,ai_giao_duc_0120_gemini-3.7-flash
0,1.016736388206482,654,1f4d4b0833b08bcb
0,0.9626556038856506,684,363d22acd7fd46f2
1,0.8333333134651184,530,ai_kinh_te_0211_gemini-3.7-flash
0,0.934426248073578,512,6689b13293855373
1,0.8952381014823914,595,ai_chinh_tri_0245_gemini-3.7-flash
1,0.9166666865348816,514,ai_kinh_te_0500_gemini-3.7-flash
1,0.8859649300575256,518,ai_giao_duc_0834_gemini-3.7-flash
0,1.013157844543457,662,dcf291a66531c8f9
0,0.964028775691986,512,70a74f1b08208fae
1,0.8401360511779785,684,ai_the_thao_0415_GPT-5.6 Luna
0,0.9865771532058716,684,eb369cf5df33294f
1,0.8735178112983704,644,ai_kinh_te_0181_gemini-3.7-flash
0,1.0,586,d7855b2a33ed2842
0,0.971222996711731,768,570943c9e0f6e0d4
0,0.9365853667259216,768,1d8b743f483d0742
0,0.9647887349128724,741,642c907a30a60d67
0,1.032894730567932,629,a22349cb8942b3df
1,0.8607142567634583,684,ai_chinh_tri_0600_GPT-5.6 Luna
1,0.8991228342056274,565,ai_chinh_tri_0754_gemini-3.7-flash
0,0.9912280440330504,619,f73ae0e15ca48524
0,0.9601593613624572,616,489444eb9ae36af4
0,1.1463414430618286,508,a236543ad95c2975
0,1.04453444480896,684,30ff8ac4b331df34
1,0.8333333134651184,530,ai_kinh_te_0467_gemini-3.7-flash
0,0.9172661900520324,512,8e4d437e78712709
1,0.9166666865348816,514,ai_kinh_te_0060_gemini-3.7-flash
1,0.925110161304474,599,ai_giao_duc_0037_gemini-3.7-flash
0,0.8562091588973999,768,f2144667639f2096
1,0.8623188138008118,685,ai_chinh_tri_0817_GPT-5.6 Luna
1,0.8360000252723694,557,ai_van_hoa_0747_gemini-3.7-flash
1,0.8623188138008118,684,ai_chinh_tri_0617_GPT-5.6 Luna
0,0.9923664331436156,570,aa50bb6563a01219
0,1.0040322542190552,512,de804a044c901e16
1,0.921641767024994,686,ai_giao_duc_0227_GPT-5.6 Luna
1,0.9014084339141846,550,ai_xa_hoi_0199_gemini-3.7-flash
1,0.8483412265777588,560,ai_giao_duc_0399_gemini-3.7-flash
0,0.9020978808403016,512,a890bd03d0769ff7
1,0.8859649300575256,518,ai_giao_duc_0034_gemini-3.7-flash
0,0.9095744490623474,549,055a906aa6e81bcd
0,1.006802678108215,560,b40412410b46583b
1,0.8695651888847351,685,ai_chinh_tri_0490_GPT-5.6 Luna
1,0.9404255151748656,533,ai_xa_hoi_0474_gemini-3.7-flash
1,0.8439716100692749,686,ai_xa_hoi_0341_GPT-5.6 Luna
0,0.9617021083831788,512,606d409ba2d6f470
0,0.9531915187835692,526,db6365ae12a0e05d
1,0.8860294222831726,686,ai_xa_hoi_0195_GPT-5.6 Luna
1,0.8500000238418579,683,ai_van_hoa_0101_GPT-5.6 Luna
0,0.9841269850730896,512,fb4227bb1e8336ae
0,0.936170220375061,686,c4a93dd5b0bd12e3
1,0.8633093237876892,687,ai_kinh_te_0216_GPT-5.6 Luna
0,1.046153903007507,640,a02133be1e002a87
0,1.0174672603607178,720,ac017b55db80c1a7
0,1.0621118545532229,512,41749836e29a77b5
1,0.8617021441459656,686,ai_van_hoa_0793_GPT-5.6 Luna
1,0.8389830589294434,554,ai_the_thao_0263_gemini-3.7-flash
0,1.0087336301803589,512,f4f088ea19a8a09d
1,0.8785714507102966,685,ai_kinh_te_0273_GPT-5.6 Luna
1,0.9111111164093018,684,ai_kinh_te_0628_GPT-5.6 Luna
0,0.9558823704719543,747,540b27a8bc3e6a5f
0,1.0458015203475952,634,aa492d24a8ac158d
0,1.0209790468215942,512,a087408f7ff5fc85
0,0.9776119589805604,633,9fb20a0a34141016
1,0.8623188138008118,684,ai_chinh_tri_0657_GPT-5.6 Luna
1,0.8636363744735718,685,ai_the_thao_0299_GPT-5.6 Luna
0,1.0540540218353271,768,8cc25453db9447cb
1,0.8584070801734924,544,ai_van_hoa_0464_gemini-3.7-flash
0,0.9471153616905212,768,03cf9f2ed26ecc55
0,1.0,677,be815465d41a15b6
1,0.8888888955116272,643,ai_kinh_te_0201_gemini-3.7-flash
1,0.8219696879386902,555,ai_van_hoa_0623_gemini-3.7-flash
0,0.8962655663490295,613,729a63d4f4deaab2
1,0.8999999761581421,684,ai_giao_duc_0634_GPT-5.6 Luna
1,0.8500000238418579,684,ai_the_thao_0120_GPT-5.6 Luna
1,0.8978102207183838,686,ai_giao_duc_0485_GPT-5.6 Luna
1,0.8367347121238708,684,ai_the_thao_0559_GPT-5.6 Luna
0,0.964601755142212,408,3b56bd1d4cae8501
0,1.0073529481887815,512,b073c5b376c108c7
1,0.8528138399124146,575,ai_van_hoa_0369_gemini-3.7-flash
0,0.9769585132598876,583,cbd9b4a3229ebcf0
1,0.8389830589294434,554,ai_the_thao_0311_gemini-3.7-flash
0,1.073770523071289,602,666060358eff6d60
0,0.9692307710647584,584,af443cba2a456be0
0,1.0546875,682,4e435b73e9db2972
1,0.9279661178588868,569,ai_xa_hoi_0629_gemini-3.7-flash
1,0.8859649300575256,518,ai_giao_duc_0186_gemini-3.7-flash
0,0.970370352268219,768,94b48cadd2e68977
0,0.9375,768,a9f43d3c93caf802
1,0.9194915294647216,497,ai_xa_hoi_0512_gemini-3.7-flash
1,0.8758864998817444,686,ai_kinh_te_0091_GPT-5.6 Luna
0,1.0317460298538208,512,48422751a15e9b9b
1,0.9404255151748656,533,ai_xa_hoi_0122_gemini-3.7-flash
1,0.8813559412956238,574,ai_van_hoa_0701_gemini-3.7-flash
0,0.9842519760131836,650,4051a8d2eec9e630
1,0.829365074634552,523,ai_the_thao_0504_gemini-3.7-flash
0,0.9702380895614624,595,c97b2db6fd0a20b8
0,0.9257143139839172,696,bc7f8f91e02f9a1b
0,1.090909123420715,721,8a3d0231672c6d85
0,0.9488189220428468,516,ab9f2e421fc85c3e
1,0.875,686,ai_the_thao_0217_GPT-5.6 Luna
0,0.9929577708244324,569,802c01918dc3a6eb
1,0.8514492511749268,684,ai_kinh_te_0130_GPT-5.6 Luna
0,0.912162184715271,658,dbe2058915060db5
1,0.8473895788192749,521,ai_the_thao_0020_gemini-3.7-flash
0,0.9346405267715454,514,edd686d936798d00
0,0.985185205936432,418,2d0b7d15cdfd421d
1,0.8859649300575256,518,ai_giao_duc_0738_gemini-3.7-flash
1,0.9014084339141846,550,ai_xa_hoi_0431_gemini-3.7-flash
1,0.9383260011672974,551,ai_van_hoa_0254_gemini-3.7-flash
0,1.0074074268341064,607,d42ef70feabafc8d
0,0.969465672969818,512,6d813af1b7e5bed9
1,0.8483412265777588,560,ai_giao_duc_0719_gemini-3.7-flash
0,0.9735682606697084,563,03b4a9d7c57cd9c7
1,0.9204545617103576,685,ai_xa_hoi_0447_GPT-5.6 Luna
0,0.9696969985961914,645,5f1aaae676ae0dc5
0,1.0331125259399414,602,d14c44c1f328f12a
1,0.8868613243103027,686,ai_kinh_te_0392_GPT-5.6 Luna
1,0.866906464099884,685,ai_chinh_tri_0578_GPT-5.6 Luna
0,0.9626556038856506,768,33506e01f59a4266
1,0.8759124279022217,684,ai_van_hoa_0446_GPT-5.6 Luna
1,0.8591549396514893,685,ai_kinh_te_0195_GPT-5.6 Luna
0,1.0444444417953491,699,fe5e7cf2b70dbe37
0,0.9724137783050536,768,a34c12b001ddb3e6
0,1.0740740299224854,512,2b64727081f9329c
0,0.9523809552192688,582,59d02b6a3e425acc
1,0.8755555748939514,513,ai_chinh_tri_0063_gemini-3.7-flash
0,0.9684684872627258,405,288b86bb2cfb2235
0,1.0070422887802124,670,a0d64b9f9122df5b
0,0.9663461446762084,768,ca73d51abe361817
1,0.918660283088684,551,ai_xa_hoi_0811_gemini-3.7-flash
0,0.8816326260566711,768,7e8ba72f855de2d4
1,0.8799999952316284,554,ai_the_thao_0083_gemini-3.7-flash
1,0.8591549396514893,687,ai_van_hoa_0028_GPT-5.6 Luna
0,1.0478469133377075,512,726bff6fac5cc932
1,0.8426573276519775,684,ai_van_hoa_0426_GPT-5.6 Luna
1,0.8913043737411499,686,ai_giao_duc_0453_GPT-5.6 Luna
1,0.8840579986572266,684,ai_van_hoa_0030_GPT-5.6 Luna
1,0.8617021441459656,685,ai_giao_duc_0640_GPT-5.6 Luna
1,0.8286713361740112,685,ai_van_hoa_0016_GPT-5.6 Luna
1,0.9014084339141846,550,ai_xa_hoi_0255_gemini-3.7-flash
0,0.9282700419425964,512,d190af43cb5018ec
0,1.03649640083313,512,9104498ddbcc9c8f
1,0.9135338068008424,685,ai_xa_hoi_0535_GPT-5.6 Luna
0,1.0227272510528564,655,b03aad7a78da0e3f
0,0.9166666865348816,654,69fb6102aaaa30d2
0,1.0,543,689b79ef70bec54d
1,0.84375,684,ai_chinh_tri_0708_GPT-5.6 Luna
0,0.9436619877815248,662,d8bbe6b1a70d3bd7
1,0.8546099066734314,684,ai_van_hoa_0165_GPT-5.6 Luna
0,0.9514925479888916,512,56c454114ecf414a
0,1.0,552,b82d2e701b0868c1
0,0.94907408952713,768,bf5dd80dabe9cf21
1,0.8528138399124146,575,ai_van_hoa_0449_gemini-3.7-flash
1,0.8758864998817444,686,ai_kinh_te_0291_GPT-5.6 Luna
0,0.9813664555549622,676,3bf84bdb39d61073
0,0.9637681245803832,768,feed01a9c611f4e7
0,0.963235318660736,656,f59a76c36e124297
1,0.8590308427810669,595,ai_the_thao_0689_gemini-3.7-flash
0,0.8888888955116272,612,a441b1db38b3aae4
1,0.8571428656578064,685,ai_chinh_tri_0159_GPT-5.6 Luna
0,1.0693641901016235,768,bfea7bfdc50f0512
0,0.95302015542984,512,05ee461e675497ff
0,0.9233871102333068,768,9e603bcbb54819f3
1,0.9135338068008424,684,ai_xa_hoi_0831_GPT-5.6 Luna
0,1.0117647647857666,768,cd1b4df942192aeb
1,0.8576388955116272,685,ai_the_thao_0660_GPT-5.6 Luna
1,0.8695651888847351,686,ai_giao_duc_0652_GPT-5.6 Luna
0,0.951127827167511,678,f68bf5f1e6177806
0,1.0448979139328003,658,0bee8b7503cbf0b2
0,0.9452054500579834,632,575762dfd2659b9a
0,0.9214285612106324,511,8247f9436274f864
1,0.8617021441459656,685,ai_giao_duc_0544_GPT-5.6 Luna
1,0.8804348111152649,685,ai_chinh_tri_0229_GPT-5.6 Luna
0,0.969465672969818,512,200f234185516e32
0,1.021276593208313,692,989eb5df4f1d9423
1,0.8527397513389587,686,ai_the_thao_0629_GPT-5.6 Luna
1,0.8556337952613831,686,ai_kinh_te_0475_GPT-5.6 Luna
1,0.8333333134651184,685,ai_van_hoa_0569_GPT-5.6 Luna
1,0.8590308427810669,595,ai_the_thao_0393_gemini-3.7-flash
1,0.8389830589294434,554,ai_the_thao_0407_gemini-3.7-flash
0,0.9959349632263184,634,829546ff5d55691e
0,0.9527559280395508,512,40ddd1c1afb6a0ef
1,0.8367347121238708,684,ai_the_thao_0399_GPT-5.6 Luna
0,1.0378787517547607,600,a0eed6f6c1eb0591
1,0.84375,684,ai_chinh_tri_0108_GPT-5.6 Luna
0,0.9527027010917664,511,2331b76a5edeefee
1,0.8423236608505249,517,ai_giao_duc_0126_gemini-3.7-flash
1,0.8389830589294434,554,ai_the_thao_0247_gemini-3.7-flash
0,1.0642857551574707,768,adabe6676288cce9
1,0.8219696879386902,555,ai_van_hoa_0095_gemini-3.7-flash
1,0.8485915660858154,685,ai_van_hoa_0696_GPT-5.6 Luna
1,0.829365074634552,523,ai_the_thao_0512_gemini-3.7-flash
0,1.0384615659713743,512,8127406dbb2046c4
0,1.1344537734985352,512,9962fc17cdf1a174
0,1.046153903007507,651,18277724d694d295
0,0.9591836929321288,768,66bd1628dd0ca768
1,0.8848921060562134,686,ai_van_hoa_0315_GPT-5.6 Luna
1,0.8868613243103027,685,ai_xa_hoi_0819_GPT-5.6 Luna
1,0.8952381014823914,595,ai_chinh_tri_0149_gemini-3.7-flash
1,0.8758864998817444,684,ai_van_hoa_0239_GPT-5.6 Luna
1,0.8865247964859009,686,ai_giao_duc_0134_GPT-5.6 Luna
0,0.8518518805503845,613,5ec5572c055991c8
0,1.1734694242477417,512,7bdb5235fe9c9810
1,0.8999999761581421,686,ai_giao_duc_0291_GPT-5.6 Luna
1,0.8713235259056091,684,ai_kinh_te_0834_GPT-5.6 Luna
0,0.9637681245803832,512,10a8b22c561d21ae
0,0.9100719690322876,768,19c24f56da624320
0,0.9957627058029176,679,b31817a681f9dcdd
1,0.8517241477966309,686,ai_the_thao_0549_GPT-5.6 Luna
0,1.063829779624939,671,8f4f2907c4da11d0
0,0.9790209531784058,512,a4a00c94d525cd43
0,0.902877688407898,768,c3619a8b33e80f6e
0,1.023809552192688,768,d473b463ff2e0ad1
1,0.8731883764266968,684,ai_van_hoa_0070_GPT-5.6 Luna
1,0.8714285492897034,686,ai_xa_hoi_0164_GPT-5.6 Luna
0,1.018072247505188,571,dadea95447dd88a9
1,0.8755555748939514,513,ai_chinh_tri_0463_gemini-3.7-flash
0,0.9957627058029176,548,5c04a7a6869e2e47
1,0.9060150384902954,684,ai_xa_hoi_0279_GPT-5.6 Luna
1,0.9227467775344848,570,ai_xa_hoi_0241_gemini-3.7-flash
0,1.0,676,7cd66a36d7d02df2
1,0.8500000238418579,684,ai_the_thao_0480_GPT-5.6 Luna
0,0.8260869383811951,673,1e3070e8fa6b501a
0,0.970802903175354,768,c942cc9ab52ae601
1,0.8813559412956238,574,ai_van_hoa_0517_gemini-3.7-flash
1,0.8636363744735718,686,ai_the_thao_0725_GPT-5.6 Luna
0,0.9621211886405944,521,81324df132ba91f1
1,0.8741007447242737,686,ai_giao_duc_0756_GPT-5.6 Luna
1,0.8528138399124146,575,ai_van_hoa_0689_gemini-3.7-flash
1,0.8633093237876892,684,ai_chinh_tri_0093_GPT-5.6 Luna
0,0.9788732528686525,583,8a138a6424dbd705
1,0.9404255151748656,533,ai_xa_hoi_0298_gemini-3.7-flash
1,0.8695651888847351,684,ai_chinh_tri_0373_GPT-5.6 Luna
1,0.9279661178588868,569,ai_xa_hoi_0493_gemini-3.7-flash
0,0.9272727370262146,768,c9c646f704f598d6
0,1.0996016263961792,512,8e39f007d92ac6c1
0,0.9777777791023254,645,48d9d26125cb45c5
1,0.8949275612831116,686,ai_giao_duc_0589_GPT-5.6 Luna
1,0.8758864998817444,685,ai_the_thao_0819_GPT-5.6 Luna
1,0.8392857313156128,684,ai_chinh_tri_0790_GPT-5.6 Luna
1,0.8888888955116272,684,ai_xa_hoi_0183_GPT-5.6 Luna
0,0.902597427368164,512,5f3b9e7fa5f84676
0,1.0136985778808594,652,1601d9857b2344ef
0,0.980861246585846,768,51c97bcaae0d29da
1,0.8888888955116272,643,ai_kinh_te_0089_gemini-3.7-flash
0,0.925000011920929,409,d218c8e6ea0ce73b
1,0.8367347121238708,684,ai_the_thao_0639_GPT-5.6 Luna
0,1.007575750350952,577,d32d0affb7617a95
0,1.129629611968994,512,a0cf5b476ab9a508
0,1.023809552192688,610,c2ebaa3fcc1c2efd
0,1.0409090518951416,544,9edcf5ea0e61aa8f
1,0.8576388955116272,685,ai_the_thao_0180_GPT-5.6 Luna
1,0.9910714030265808,550,ai_van_hoa_0610_gemini-3.7-flash
1,0.8758864998817444,686,ai_the_thao_0677_GPT-5.6 Luna
0,0.9269230961799622,512,e5dd430b3726d817
0,1.0410958528518677,590,8431ec16f477e0ef
0,0.9713114500045776,585,767d191d6ca99b0b
0,0.9894737005233764,663,91a77a5b32bc6c67
0,0.9642857313156128,673,fcc0ae1ec9f7c362
1,0.8888888955116272,518,ai_chinh_tri_0635_gemini-3.7-flash
0,0.9496402740478516,535,7706db796190e1f6
0,1.05633807182312,512,c46db1a9031cbcf9
1,0.8755555748939514,513,ai_chinh_tri_0695_gemini-3.7-flash
1,0.8731883764266968,686,ai_kinh_te_0072_GPT-5.6 Luna
0,0.9507575631141664,567,441bdb60ee5523ff
0,1.0214592218399048,512,4ee50b035b2cee5e
0,1.035573124885559,629,bb440ac43162d787
1,0.8933823704719543,684,ai_giao_duc_0098_GPT-5.6 Luna
0,1.116564393043518,654,cbeb493e0130669e
1,0.8652482032775879,685,ai_the_thao_0726_GPT-5.6 Luna
0,1.0077519416809082,616,cfd87a816cea4617
0,0.970802903175354,512,929faae3d7d7471f
0,1.0123456716537476,655,5f91ecd97dc0a657
0,1.0756971836090088,642,d0b8aa58b5f18b23
0,0.931249976158142,768,e6f3a087916ee20d
1,0.8391608595848083,684,ai_xa_hoi_0520_GPT-5.6 Luna
1,0.8617021441459656,685,ai_xa_hoi_0803_GPT-5.6 Luna
1,0.8546099066734314,685,ai_van_hoa_0353_GPT-5.6 Luna
0,0.9864864945411682,555,16b50b3d7ed2001b
0,0.9328858852386476,746,d69b6557af33f0e3
1,0.8510638475418091,686,ai_kinh_te_0024_GPT-5.6 Luna
1,0.8723404407501221,685,ai_giao_duc_0624_GPT-5.6 Luna
1,0.8868613243103027,685,ai_xa_hoi_0339_GPT-5.6 Luna
1,0.8859649300575256,518,ai_giao_duc_0226_gemini-3.7-flash
0,1.007575750350952,561,ba1154d8888e4ef7
0,1.0075187683105469,650,5f835e1ac00ecaec
1,0.8859649300575256,518,ai_giao_duc_0474_gemini-3.7-flash
0,0.973154366016388,688,f814954f97b84c4b
0,0.951724112033844,702,2ab691a065306500
0,0.8870967626571655,512,1ea55f0f2d5d6778
1,0.9014084339141846,550,ai_xa_hoi_0775_gemini-3.7-flash
0,0.939849615097046,661,fb4a6ba6749b9a4f
1,0.8925926089286804,684,ai_giao_duc_0826_GPT-5.6 Luna
1,0.8586956262588501,685,ai_chinh_tri_0073_GPT-5.6 Luna
1,0.8690476417541504,568,ai_kinh_te_0258_gemini-3.7-flash
0,1.045161247253418,553,0e31321d15ad0791
0,0.990867555141449,504,d9a293486f093ebf
0,1.0486111640930176,512,87eac81a1c1f4b9d
0,1.0522388219833374,628,d0a2f4bb3fda6fa0
1,0.8607142567634583,686,ai_xa_hoi_0566_GPT-5.6 Luna
0,0.978102207183838,552,8b7b5d15f9e78b10
1,0.9004328846931458,566,ai_chinh_tri_0102_gemini-3.7-flash
0,0.9713114500045776,512,798519d20982bfac
1,0.8868613243103027,684,ai_kinh_te_0060_GPT-5.6 Luna
1,0.8649635314941406,684,ai_chinh_tri_0425_GPT-5.6 Luna
0,1.0208333730697632,555,b9fb26ad30293938
0,0.9591836929321288,768,ee5a571f1af31f46
1,0.8458904027938843,685,ai_the_thao_0468_GPT-5.6 Luna
0,0.9007633328437804,768,ad1ee63bda117ec9
0,0.9801587462425232,512,a633d78b91f0927f
1,0.8333333134651184,530,ai_kinh_te_0347_gemini-3.7-flash
1,0.8731883764266968,685,ai_kinh_te_0149_GPT-5.6 Luna
0,0.8954248428344727,544,00bd72d3b01c68fe
1,0.8617021441459656,686,ai_kinh_te_0021_GPT-5.6 Luna
1,0.8341013789176941,561,ai_giao_duc_0179_gemini-3.7-flash
0,1.0468084812164309,592,76d69d9d7607427a
1,0.8531468510627747,687,ai_van_hoa_0468_GPT-5.6 Luna
1,0.9404255151748656,533,ai_xa_hoi_0482_gemini-3.7-flash
1,0.8733624219894409,545,ai_chinh_tri_0748_gemini-3.7-flash
0,1.035398244857788,512,dde3928cdb8fb179
1,0.8263888955116272,684,ai_the_thao_0464_GPT-5.6 Luna
0,1.0833333730697632,636,2fe113f657505a77
1,0.8978102207183838,686,ai_giao_duc_0245_GPT-5.6 Luna
1,0.8723404407501221,685,ai_van_hoa_0242_GPT-5.6 Luna
1,0.886956512928009,596,ai_the_thao_0197_gemini-3.7-flash
0,0.961240291595459,681,74247664289ca242
0,0.9659090638160706,712,475b20a10c2d5dfa
0,1.042553186416626,656,74fd55c45d685fe8
0,0.9145299196243286,656,00ecaae128bede43
0,0.9380165338516236,567,22ad2679166e1a14
1,0.8755555748939514,513,ai_chinh_tri_0399_gemini-3.7-flash
1,0.9004328846931458,566,ai_chinh_tri_0038_gemini-3.7-flash
1,0.866906464099884,685,ai_xa_hoi_0641_GPT-5.6 Luna
1,0.8991228342056274,565,ai_chinh_tri_0418_gemini-3.7-flash
0,1.1393442153930664,524,bced5168b2d944f8
1,0.912350594997406,515,ai_kinh_te_0104_gemini-3.7-flash
0,0.9549180269241332,577,1aa80259d365104b
1,0.8617021441459656,686,ai_kinh_te_0381_GPT-5.6 Luna
0,1.0797545909881592,512,d87808065e82e93b
1,0.8991228342056274,565,ai_chinh_tri_0122_gemini-3.7-flash
0,1.0267857313156128,550,cb7fcb3eff73a330
0,1.0303030014038086,512,7614124402ee2322
1,0.925110161304474,599,ai_giao_duc_0453_gemini-3.7-flash
0,1.016806721687317,517,1b44fcf0b3d5ee20
0,0.9729729890823364,588,5364bf0c9fec1e89
1,0.8666666746139526,530,ai_giao_duc_0024_gemini-3.7-flash
1,0.8799999952316284,554,ai_the_thao_0667_gemini-3.7-flash
0,0.8951612710952759,512,d05d02d57f8b4a97
0,0.9708333611488342,718,9a7bfebc7200c4ba
1,0.8925926089286804,684,ai_xa_hoi_0823_GPT-5.6 Luna
0,1.025906682014465,512,fb487b22a7d35a01
1,0.8410041928291321,531,ai_the_thao_0590_gemini-3.7-flash
0,1.0,677,5c22c020aa5e1a97
0,1.029411792755127,512,3206fcf463e6c041
0,0.934426248073578,620,608dc3b6fde1c36d
1,0.8410041928291321,531,ai_the_thao_0366_gemini-3.7-flash
1,0.8758864998817444,685,ai_kinh_te_0278_GPT-5.6 Luna
0,0.7894737124443054,768,ad3e9b57a3738d29
1,0.8690476417541504,568,ai_kinh_te_0058_gemini-3.7-flash
0,1.15625,512,be5528ed47a0e8ee
0,1.0486111640930176,694,28d97f87f91677e8
1,0.8814814686775208,684,ai_kinh_te_0514_GPT-5.6 Luna
1,0.8584070801734924,544,ai_van_hoa_0656_gemini-3.7-flash
0,1.2313432693481443,397,5d00ce4745c20bcd
1,0.8695651888847351,686,ai_giao_duc_0271_GPT-5.6 Luna
0,0.9862068891525269,646,e2d4bdd46c4eac6d
1,0.9242424368858336,596,ai_chinh_tri_0801_gemini-3.7-flash
1,0.8571428656578064,685,ai_giao_duc_0576_GPT-5.6 Luna
1,0.8723404407501221,686,ai_chinh_tri_0386_GPT-5.6 Luna
1,0.895652174949646,545,ai_chinh_tri_0360_gemini-3.7-flash
1,0.9227467775344848,570,ai_xa_hoi_0313_gemini-3.7-flash
0,1.0516128540039062,768,14c752bd6473182b
0,1.0139859914779663,768,65597baedfa3f2d4
1,0.8652482032775879,684,ai_the_thao_0683_GPT-5.6 Luna
0,0.9295774698257446,532,f9c59d6e6e53705d
1,0.8630136847496033,686,ai_the_thao_0521_GPT-5.6 Luna
0,0.9513888955116272,534,0d28f1c510ad5b2b
0,0.9252336621284484,503,866838ff0705853b
0,0.9772727489471436,512,54c36173eb0b0fed
0,1.057692289352417,574,c3712dd59ac1a86e
0,0.9797979593276978,692,d99001c04e308604
1,0.9166666865348816,514,ai_kinh_te_0380_gemini-3.7-flash
0,0.9745222926139832,631,9d8260406f029910
1,0.9383260011672974,551,ai_van_hoa_0694_gemini-3.7-flash
1,0.8546099066734314,685,ai_xa_hoi_0398_GPT-5.6 Luna
1,0.8576388955116272,686,ai_van_hoa_0728_GPT-5.6 Luna
1,0.8991228342056274,565,ai_chinh_tri_0722_gemini-3.7-flash
1,0.9037036895751952,686,ai_giao_duc_0715_GPT-5.6 Luna
1,0.8695651888847351,684,ai_chinh_tri_0023_GPT-5.6 Luna
1,0.8695651888847351,684,ai_chinh_tri_0253_GPT-5.6 Luna
0,0.9801324605941772,768,d267e42cdf8afc76
0,1.0657894611358645,439,2ac22c874f2fba12
0,0.9307359457015992,768,6ddabfa54a22ec59
0,0.9814814925193788,684,0f6b6be80f2280b9
0,1.051383376121521,768,f84ebcaace7c6f92
1,0.8829787373542786,686,ai_xa_hoi_0556_GPT-5.6 Luna
0,1.0068492889404297,512,2040793ff6be16cb
0,0.9612069129943848,589,b3decddf55e026a6
1,0.8978102207183838,686,ai_giao_duc_0123_GPT-5.6 Luna
1,0.8556337952613831,686,ai_van_hoa_0760_GPT-5.6 Luna
1,0.8859649300575256,518,ai_giao_duc_0618_gemini-3.7-flash
1,0.886956512928009,596,ai_the_thao_0093_gemini-3.7-flash
1,0.9383260011672974,551,ai_van_hoa_0078_gemini-3.7-flash
0,1.0,663,538b1e9e4db3bdb3
0,1.0229885578155518,529,30e9c73ec475c486
0,1.0133333206176758,768,9851abe82ac91ab6
0,0.9929577708244324,512,fbf71a9b3723b758
0,0.7806122303009033,768,ed93fd89079376df
1,0.8341013789176941,561,ai_giao_duc_0819_gemini-3.7-flash
1,0.886956512928009,596,ai_the_thao_0437_gemini-3.7-flash
1,0.8758864998817444,685,ai_van_hoa_0255_GPT-5.6 Luna
1,0.8888888955116272,518,ai_chinh_tri_0315_gemini-3.7-flash
1,0.8741007447242737,686,ai_van_hoa_0724_GPT-5.6 Luna
0,0.9011857509613036,694,a699f100802d59a4
1,0.8514492511749268,684,ai_kinh_te_0762_GPT-5.6 Luna
0,1.038759708404541,698,c21447bb86789649
1,0.8546099066734314,685,ai_van_hoa_0001_GPT-5.6 Luna
1,0.8510638475418091,685,ai_chinh_tri_0686_GPT-5.6 Luna
1,0.8546099066734314,686,ai_xa_hoi_0282_GPT-5.6 Luna
1,0.8473895788192749,521,ai_the_thao_0452_gemini-3.7-flash
0,1.0214285850524902,666,8c669610bacaeb82
0,0.9703390002250672,768,49ae62d833cedd8f
1,0.9383260011672974,551,ai_van_hoa_0702_gemini-3.7-flash
0,0.9746835231781006,512,e501b637ba7b4b5f
0,0.9171597361564636,512,5f849fe94f71c23c
1,0.8758864998817444,685,ai_kinh_te_0422_GPT-5.6 Luna
0,0.9503546357154846,646,bf5acbebaa75f9f0
1,0.8510638475418091,686,ai_kinh_te_0528_GPT-5.6 Luna
1,0.8623188138008118,686,ai_kinh_te_0184_GPT-5.6 Luna
1,0.9404255151748656,533,ai_xa_hoi_0106_gemini-3.7-flash
1,0.8925926089286804,684,ai_xa_hoi_0583_GPT-5.6 Luna
0,1.034090876579285,512,607baa0e76457076
1,0.8586207032203674,685,ai_chinh_tri_0524_GPT-5.6 Luna
1,0.8510638475418091,686,ai_xa_hoi_0037_GPT-5.6 Luna
1,0.8341013789176941,561,ai_giao_duc_0355_gemini-3.7-flash
1,0.9060150384902954,684,ai_xa_hoi_0399_GPT-5.6 Luna
1,0.8607142567634583,684,ai_giao_duc_0800_GPT-5.6 Luna
1,0.8510638475418091,686,ai_xa_hoi_0637_GPT-5.6 Luna
0,1.0678733587265017,619,8f0c980af95ec4a6
0,0.9214876294136048,512,95790e4e5616ec27
0,1.3312883377075195,512,b3b057cf74bb6442
1,0.8341013789176941,561,ai_giao_duc_0651_gemini-3.7-flash
1,0.8527397513389587,685,ai_the_thao_0148_GPT-5.6 Luna
0,1.0152671337127686,512,56d2c9bf42e8238e
1,0.9194915294647216,497,ai_xa_hoi_0560_gemini-3.7-flash
0,0.9236947894096376,512,c36c6c263669da57
1,0.9004328846931458,566,ai_chinh_tri_0782_gemini-3.7-flash
0,1.0574712753295898,649,9b812a4c45eb3918
0,0.9079999923706056,681,d09d55b95c3c64df
1,0.9166666865348816,514,ai_kinh_te_0004_gemini-3.7-flash
0,0.9069767594337464,697,135a58f27ca4654c
0,0.9212121367454528,512,6a1809b4255aa913
0,0.9722222089767456,512,bcef4a8150c12b7a
0,1.0076923370361328,768,a49e532506d15feb
0,1.0207469463348389,686,1a6cbda1b6eab384
1,0.8517241477966309,686,ai_the_thao_0309_GPT-5.6 Luna
1,0.8591549396514893,685,ai_the_thao_0390_GPT-5.6 Luna
1,0.8888888955116272,643,ai_kinh_te_0345_gemini-3.7-flash
1,0.8678571581840515,686,ai_van_hoa_0355_GPT-5.6 Luna
0,1.0096617937088013,648,394d5248f0767375
0,0.9826839566230774,768,326413efeb48dfc1
0,0.9934640526771544,512,20cde5292d9e5abf
0,1.0285714864730835,596,51cfc24980ea3c9c
1,0.8966942429542542,497,ai_xa_hoi_0816_gemini-3.7-flash
0,1.1206896305084229,520,bcdb4a37a12a28f3
1,0.8723404407501221,685,ai_kinh_te_0249_GPT-5.6 Luna
1,0.8821428418159485,685,ai_kinh_te_0382_GPT-5.6 Luna
0,0.9695122241973876,512,e117b242106ec1ac
1,0.8333333134651184,530,ai_kinh_te_0043_gemini-3.7-flash
0,0.991525411605835,512,1c21e9ff8c680586
0,1.0134228467941284,562,3c5821ce60d82c0e
1,0.9166666865348816,514,ai_kinh_te_0796_gemini-3.7-flash
0,1.032786846160889,512,d3af3ab41ed9ecf7
0,1.0270270109176636,652,c66744e0f2c6f72e
1,0.9404255151748656,533,ai_xa_hoi_0050_gemini-3.7-flash
0,0.9076923131942748,665,9cbc48afe8bc9f71
0,1.041176438331604,691,3eef2c9e8905b19c
1,0.8695651888847351,685,ai_xa_hoi_0030_GPT-5.6 Luna
0,0.9617834687232972,512,172537c6f624c9ec
1,0.9227467775344848,570,ai_xa_hoi_0601_gemini-3.7-flash
0,0.9941176176071168,631,444d1414dd249e0e
0,1.0,679,3e2c960bc6741427
0,1.0689655542373655,615,dd3c9ef74c523b31
1,0.85447758436203,530,ai_kinh_te_0047_gemini-3.7-flash
0,0.9635036587715148,512,7dfd7a61d1a2283e
0,0.9446640610694884,654,9f129f78f2176670
1,0.8423236608505249,517,ai_giao_duc_0142_gemini-3.7-flash
0,1.0,728,679693308a06e3bc
1,0.8666666746139526,530,ai_giao_duc_0064_gemini-3.7-flash
1,0.925110161304474,599,ai_giao_duc_0749_gemini-3.7-flash
0,0.928909957408905,617,8ce871c12eecc8ad
0,1.0397350788116455,512,2be1ad877cd04076
1,0.8978102207183838,686,ai_giao_duc_0723_GPT-5.6 Luna
0,0.8868613243103027,512,7ca291f2cda1cd2f
0,0.9959999918937684,512,c215a0acf68e1b37
1,0.8576388955116272,685,ai_the_thao_0636_GPT-5.6 Luna
0,0.9710144996643066,537,01aaa321735ce427
0,0.9419354796409608,707,583034c957c8b345
1,0.8607142567634583,687,ai_van_hoa_0060_GPT-5.6 Luna
1,0.8723404407501221,686,ai_kinh_te_0457_GPT-5.6 Luna
1,0.8345070481300354,684,ai_xa_hoi_0800_GPT-5.6 Luna
0,0.9912280440330504,484,e9c2cab504532b81
1,0.8888888955116272,518,ai_chinh_tri_0523_gemini-3.7-flash
1,0.8714285492897034,686,ai_xa_hoi_0417_GPT-5.6 Luna
0,0.9928571581840516,768,e53d4c140856a068
1,0.9014084339141846,550,ai_xa_hoi_0103_gemini-3.7-flash
0,0.9928571581840516,512,13da1f8d15b0e903
1,0.8829787373542786,686,ai_giao_duc_0782_GPT-5.6 Luna
0,0.9503816962242126,768,79e2d408d947476b
0,0.9339622855186462,527,b9e78b312b4ecf96
0,0.9752066135406494,660,05279a87422ca0c4
0,0.9631336331367492,768,3535cdfe43dd5e65
1,0.8661971688270569,685,ai_the_thao_0790_GPT-5.6 Luna
1,0.8859649300575256,518,ai_giao_duc_0818_gemini-3.7-flash
0,0.9391891956329346,768,cbd8be5ae2183152
0,0.930232584476471,636,1de19be1bea3511e
0,1.073770523071289,768,fd38e62325e18b46
1,0.8905109763145447,686,ai_chinh_tri_0561_GPT-5.6 Luna
1,0.8777777552604675,684,ai_xa_hoi_0383_GPT-5.6 Luna
0,0.9568965435028076,641,21e5779ea71424f9
0,1.037037014961243,512,39bbba98fec68bb8
0,1.0232558250427246,768,ceaca60e35bab684
0,1.0070422887802124,572,90e5a270c63fb8a0
1,0.9230769276618958,494,ai_xa_hoi_0004_gemini-3.7-flash
0,0.9863945841789246,512,7ff2ab02f4115274
1,0.867521345615387,600,ai_giao_duc_0465_gemini-3.7-flash
1,0.8813559412956238,574,ai_van_hoa_0677_gemini-3.7-flash
1,0.8840579986572266,686,ai_van_hoa_0452_GPT-5.6 Luna
0,0.9629629850387572,512,c90bfc166cd24e6c
0,1.147982120513916,570,2dc1f225aab95068
0,1.0,653,cd0a65b77e99c11b
0,0.7893081903457642,654,09913f4fa4bcb1b2
0,0.9618320465087892,768,5095455cdb79c547
0,0.9931507110595704,768,05f69dd7a0bcb1bd
0,0.9396985173225404,768,d5b5a73f2ce8ca81
1,0.8888888955116272,518,ai_chinh_tri_0235_gemini-3.7-flash
1,0.8735178112983704,644,ai_kinh_te_0709_gemini-3.7-flash
0,1.028777003288269,370,5a791d4203bc9268
1,0.8776978254318237,685,ai_kinh_te_0237_GPT-5.6 Luna
1,0.8952381014823914,595,ai_chinh_tri_0829_gemini-3.7-flash
1,0.8888888955116272,643,ai_kinh_te_0689_gemini-3.7-flash
1,0.925110161304474,599,ai_giao_duc_0285_gemini-3.7-flash
1,0.9279661178588868,569,ai_xa_hoi_0685_gemini-3.7-flash
0,0.8523809313774109,572,663679b1b3572a46
0,0.949999988079071,512,a89addc93a1babfc
0,0.8771929740905762,512,2493f2a76f5ee309
1,0.9194915294647216,497,ai_xa_hoi_0072_gemini-3.7-flash
0,0.918367326259613,512,4a4f5920f33c3046
1,0.9135338068008424,684,ai_xa_hoi_0231_GPT-5.6 Luna
1,0.8391608595848083,684,ai_the_thao_0176_GPT-5.6 Luna
0,0.91304349899292,688,c0799b21cce1f935
1,0.8741007447242737,684,ai_chinh_tri_0482_GPT-5.6 Luna
0,0.935606062412262,666,399cbb201c289a56
1,0.8345070481300354,684,ai_xa_hoi_0680_GPT-5.6 Luna
0,0.9448819160461426,573,156cadc1d5e9a7e7
0,0.9784482717514038,512,6d93bf898343e645
1,0.8341013789176941,561,ai_giao_duc_0171_gemini-3.7-flash
1,0.8813559412956238,574,ai_van_hoa_0597_gemini-3.7-flash
0,0.9857142567634584,545,93f10464d79509d7
0,1.0178571939468384,707,85d65419e32e95d6
1,0.8464285731315613,684,ai_kinh_te_0538_GPT-5.6 Luna
0,0.97265625,755,feae8e183d5cb7a3
1,0.8472222089767456,685,ai_chinh_tri_0564_GPT-5.6 Luna
0,0.9436089992523192,512,127cd0695de39f17
1,0.8733624219894409,545,ai_chinh_tri_0604_gemini-3.7-flash
1,0.8464285731315613,685,ai_van_hoa_0067_GPT-5.6 Luna
1,0.8389830589294434,554,ai_the_thao_0175_gemini-3.7-flash
0,0.8888888955116272,512,746744aa72074132
0,1.0384615659713743,689,7ececd5f50c2782f
0,0.9096385836601256,512,63114da29ad4a716
0,0.937062919139862,768,1fe2a2223312b482
0,0.9866666793823242,768,d8ce738d008a4bc2
1,0.9194915294647216,497,ai_xa_hoi_0672_gemini-3.7-flash
1,0.828000009059906,529,ai_the_thao_0554_gemini-3.7-flash
0,1.0,768,1b29109c93a767ea
0,0.9497717022895812,768,33f88b2594cbb1e2
1,0.8423236608505249,517,ai_giao_duc_0590_gemini-3.7-flash
0,1.0487804412841797,512,4e47a3818d25b3a0
0,0.984375,693,c5a12a9dc137931f
0,1.0903226137161257,578,48cc0a51ff7a8866
1,0.8723404407501221,685,ai_giao_duc_0568_GPT-5.6 Luna
1,0.866906464099884,685,ai_chinh_tri_0698_GPT-5.6 Luna
0,0.9282868504524232,672,06b385538b8a35b6
0,0.9714285731315612,563,b159a4e096bc8ea5
1,0.8368055820465088,685,ai_kinh_te_0785_GPT-5.6 Luna
0,0.9785714149475098,512,7262919b3ab85ac6
0,0.907801389694214,565,294d16d4094116c8
1,0.8936170339584351,686,ai_giao_duc_0214_GPT-5.6 Luna
0,0.940397322177887,722,8aecc28413cd2f45
0,0.9038461446762084,512,0b76a84b65fa74cb
0,0.9354838728904724,689,b9b6463e6b869c9a
0,0.9265305995941162,512,e454b8b34f717c81
1,0.875,684,ai_kinh_te_0599_GPT-5.6 Luna
1,0.8401360511779785,684,ai_the_thao_0719_GPT-5.6 Luna
0,0.9828571677207948,692,f906fae4c8443b62
1,0.8617021441459656,684,ai_the_thao_0619_GPT-5.6 Luna
1,0.8936170339584351,686,ai_kinh_te_0801_GPT-5.6 Luna
1,0.8525179624557495,684,ai_van_hoa_0251_GPT-5.6 Luna
0,0.995145618915558,602,b094d4c6775fea0a
0,0.9656488299369812,696,0c1d39449c690c43
0,0.9514170289039612,683,8b58d713904f0510
0,0.9326424598693848,768,d2d1f76fec961e06
1,0.8804348111152649,686,ai_xa_hoi_0377_GPT-5.6 Luna
1,0.8888888955116272,518,ai_chinh_tri_0611_gemini-3.7-flash
1,0.8678571581840515,686,ai_van_hoa_0595_GPT-5.6 Luna
1,0.8368055820465088,686,ai_xa_hoi_0746_GPT-5.6 Luna
0,0.9702127575874328,768,77f9116b4874203d
1,0.8423236608505249,517,ai_giao_duc_0206_gemini-3.7-flash
1,0.8426573276519775,684,ai_chinh_tri_0292_GPT-5.6 Luna
1,0.8840579986572266,686,ai_giao_duc_0399_GPT-5.6 Luna
1,0.8453237414360046,684,ai_chinh_tri_0422_GPT-5.6 Luna
1,0.8741007447242737,686,ai_giao_duc_0735_GPT-5.6 Luna
1,0.8514492511749268,684,ai_chinh_tri_0162_GPT-5.6 Luna
1,0.8528138399124146,575,ai_van_hoa_0329_gemini-3.7-flash
1,0.9279661178588868,569,ai_xa_hoi_0365_gemini-3.7-flash
0,1.0817610025405884,768,5701a908aa8e0337
1,0.8695651888847351,685,ai_giao_duc_0452_GPT-5.6 Luna
0,0.9523809552192688,768,253b7a4a924b2105
1,0.8706293702125549,686,ai_xa_hoi_0052_GPT-5.6 Luna
1,0.9060150384902954,685,ai_xa_hoi_0247_GPT-5.6 Luna
0,1.0042918920516968,549,341caeb5cb935425
0,0.99319726228714,512,20adda3d8949c40b
0,0.9935483932495116,512,dcc983eea41d7e55
0,0.9029126167297364,512,32ce61548d7bc2b1
0,1.0253807306289673,512,f81b7e83f31ae5f6
0,0.9554139971733092,512,969daf98af5a49b0
1,0.8723404407501221,685,ai_chinh_tri_0320_GPT-5.6 Luna
0,0.9836734533309937,512,dc0c32a46faeb217
1,0.9910714030265808,550,ai_van_hoa_0522_gemini-3.7-flash
0,0.9612902998924256,512,19789c6abbcd563d
1,0.8652482032775879,685,ai_the_thao_0483_GPT-5.6 Luna
1,0.835616409778595,684,ai_chinh_tri_0500_GPT-5.6 Luna
0,0.9343065619468688,512,a00374fcc50f45e5
1,0.8617021441459656,686,ai_xa_hoi_0810_GPT-5.6 Luna
1,0.8450704216957092,684,ai_the_thao_0016_GPT-5.6 Luna
0,0.959999978542328,512,480c8d8126dd9876
0,0.8543046116828918,637,5570131d2a7d608a
1,0.8517241477966309,686,ai_the_thao_0669_GPT-5.6 Luna
1,0.8590308427810669,595,ai_the_thao_0569_gemini-3.7-flash
0,1.0390625,768,342b15b49696b100
1,0.8607142567634583,684,ai_kinh_te_0815_GPT-5.6 Luna
1,0.8623188138008118,685,ai_van_hoa_0387_GPT-5.6 Luna
1,0.9166666865348816,514,ai_kinh_te_0564_gemini-3.7-flash
1,0.8607142567634583,685,ai_chinh_tri_0631_GPT-5.6 Luna
0,0.9017857313156128,632,62031449499b69bc
0,0.99578058719635,768,e2928913c4aa4656
0,0.948051929473877,512,d037384cc57af8a2
0,1.0047619342803955,512,b90d0feaa3ee201f
1,0.9230769276618958,494,ai_xa_hoi_0060_gemini-3.7-flash
1,0.8426573276519775,684,ai_chinh_tri_0532_GPT-5.6 Luna
0,0.9281768202781676,512,2e731237c133e5cf
1,0.8333333134651184,530,ai_kinh_te_0827_gemini-3.7-flash
1,0.8496503233909607,686,ai_van_hoa_0112_GPT-5.6 Luna
1,0.8652482032775879,685,ai_the_thao_0490_GPT-5.6 Luna
0,0.8798449635505676,768,844bd09b3d4c0515
0,0.9927536249160768,512,d10367efcf99425b
0,0.9054054021835328,768,256f017eb44c547e
1,0.8333333134651184,530,ai_kinh_te_0291_gemini-3.7-flash
1,0.8341013789176941,561,ai_giao_duc_0603_gemini-3.7-flash
1,0.8868613243103027,684,ai_chinh_tri_0005_GPT-5.6 Luna
1,0.8617021441459656,685,ai_kinh_te_0655_GPT-5.6 Luna
1,0.828000009059906,529,ai_the_thao_0594_gemini-3.7-flash
0,0.962406039237976,512,fc95fc396b3d7ad4
1,0.8617021441459656,686,ai_chinh_tri_0555_GPT-5.6 Luna
0,0.9580152630805968,593,cba67fd663b0d9e1
1,0.9014084339141846,550,ai_xa_hoi_0399_gemini-3.7-flash
0,0.91780823469162,665,b59415962434f31a
1,0.8617021441459656,685,ai_xa_hoi_0083_GPT-5.6 Luna
0,1.008888840675354,634,bfdd0ba5d34c8584
1,0.8888888955116272,643,ai_kinh_te_0641_gemini-3.7-flash
0,0.9802371263504028,768,f9206e1b878e27c9
0,0.95333331823349,618,af2b97df1f1a9504
0,0.944915235042572,512,52ce415c652194a6
0,1.03125,568,839ac0d8c1562e67
1,0.8333333134651184,530,ai_kinh_te_0483_gemini-3.7-flash
1,0.8767605423927307,686,ai_van_hoa_0258_GPT-5.6 Luna
1,0.8759124279022217,684,ai_chinh_tri_0623_GPT-5.6 Luna
0,0.9910714030265808,635,37ccb3fc737bc6cd
0,0.9521738886833192,666,cc6c79b860e3c4cb
0,0.9895833134651184,699,fcd9486d75db495a
0,1.0141509771347046,652,7d4ee952d67c5f06
0,1.02173912525177,768,2156aaef29bf0414
1,0.8410041928291321,531,ai_the_thao_0646_gemini-3.7-flash
1,0.8531468510627747,687,ai_van_hoa_0588_GPT-5.6 Luna
1,0.8799999952316284,554,ai_the_thao_0043_gemini-3.7-flash
0,1.0416666269302368,512,3163b1e67821de9c
0,0.9910314083099364,768,1b7cef02a06d6759
1,0.8423236608505249,517,ai_giao_duc_0614_gemini-3.7-flash
1,0.8586956262588501,685,ai_chinh_tri_0265_GPT-5.6 Luna
0,0.9931507110595704,512,311ca4c14080c39e
0,0.9879032373428344,512,45ecc6665703acbf
1,0.9234449863433838,551,ai_xa_hoi_0123_gemini-3.7-flash
0,0.9822221994400024,768,38a645760f4d0a07
0,0.9637096524238586,768,2c757ab24620931c
0,1.020689606666565,615,f34f8100d9aa2a05
1,0.8483412265777588,560,ai_giao_duc_0415_gemini-3.7-flash
0,1.0061349868774414,661,58e46d1d2fd2dab1
0,0.961240291595459,604,ba71e6a3ba026862
0,1.06965172290802,646,9ecbad9a5756c516
1,0.8741007447242737,686,ai_giao_duc_0036_GPT-5.6 Luna
0,0.9265305995941162,768,2296ac4fecf58af1
1,0.8840579986572266,684,ai_van_hoa_0630_GPT-5.6 Luna
0,0.9508196711540222,512,e4224781a056424f
1,0.8584070801734924,544,ai_van_hoa_0320_gemini-3.7-flash
0,0.9461538195610046,616,104947acdb3a61a6
1,0.8617021441459656,685,ai_giao_duc_0760_GPT-5.6 Luna
0,1.03125,622,61a784e1bbac9aef
0,0.9330143332481384,700,43488f3ced795bdb
0,0.9748427867889404,653,13eb7692512b50e8
0,0.9533898234367372,512,34058ebae26a813b
1,0.9037036895751952,686,ai_giao_duc_0035_GPT-5.6 Luna
0,1.042553186416626,512,2bfed7f44af77ba4
1,0.9111111164093018,685,ai_kinh_te_0636_GPT-5.6 Luna
1,0.8341013789176941,561,ai_giao_duc_0715_gemini-3.7-flash
0,0.9924812316894532,528,b8e557a31548c7f5
1,0.8473895788192749,521,ai_the_thao_0692_gemini-3.7-flash
1,0.8731883764266968,684,ai_chinh_tri_0533_GPT-5.6 Luna
1,0.9204545617103576,685,ai_xa_hoi_0687_GPT-5.6 Luna
1,0.867521345615387,600,ai_giao_duc_0345_gemini-3.7-flash
1,0.8473895788192749,521,ai_the_thao_0740_gemini-3.7-flash
0,0.9580419659614564,768,f8962d39a3d07d10
0,1.0852713584899902,768,a89583f8db169015
0,1.0,671,6d8b28550b8ccd6c
0,0.9882352948188782,512,1488987c52da06bf
0,0.9353233575820924,768,15d0a4ffd1ae11f5
1,0.8253968358039856,557,ai_van_hoa_0019_gemini-3.7-flash
1,0.9166666865348816,514,ai_kinh_te_0468_gemini-3.7-flash
1,0.8333333134651184,684,ai_van_hoa_0829_GPT-5.6 Luna
0,1.0,699,70f36d9bf4b0821c
0,0.9788732528686525,512,c1d33432a712d040
0,1.0670102834701538,512,e67c67ae03f2ded7
0,1.0222222805023191,671,340f57ddbd4c33de
0,1.0399999618530271,417,abda0300f0ce6d4a
0,0.9714285731315612,512,b1dcf8feefb2c31d
0,0.891566276550293,510,c7d289ae1aa442e5
1,0.8888888955116272,643,ai_kinh_te_0737_gemini-3.7-flash
1,0.8785714507102966,686,ai_xa_hoi_0636_GPT-5.6 Luna
0,1.0202020406723022,562,0923cb3ce2805b3f
0,1.049327373504639,512,da570c5b0e3b24fd
0,1.0222222805023191,631,568f10d2b7b8d7f7
0,1.0258620977401731,512,c9ecdf884ffd7221
1,0.8333333134651184,530,ai_kinh_te_0451_gemini-3.7-flash
0,1.0,553,fd80f172634e325e
1,0.8623188138008118,684,ai_chinh_tri_0347_GPT-5.6 Luna
1,0.8755555748939514,513,ai_chinh_tri_0791_gemini-3.7-flash
1,0.8424657583236694,685,ai_chinh_tri_0196_GPT-5.6 Luna
0,0.9740259647369384,668,40ec668e4e507100
0,0.9714285731315612,556,10e8e4dbb7cad96e
1,0.9004328846931458,566,ai_chinh_tri_0726_gemini-3.7-flash
0,0.9051383137702942,607,ebee6b654468548d
1,0.8527397513389587,686,ai_the_thao_0389_GPT-5.6 Luna
0,0.9617021083831788,673,cc3e283e21b8ebe4
1,0.8483412265777588,560,ai_giao_duc_0671_gemini-3.7-flash
1,0.8219696879386902,555,ai_van_hoa_0311_gemini-3.7-flash
0,1.0055866241455078,656,f0c7aa7ba02d9b42
0,1.045454502105713,512,515213ff17efe332
1,0.8678571581840515,685,ai_kinh_te_0413_GPT-5.6 Luna
0,1.0502091646194458,609,2a9def4e423aeb64
1,0.8888888955116272,518,ai_chinh_tri_0467_gemini-3.7-flash
1,0.9531915187835692,531,ai_xa_hoi_0438_gemini-3.7-flash
0,0.9115646481513976,690,d5fc2b8db1c92b9c
0,1.037383198738098,521,a600e4fd9ac1a414
0,1.0608108043670654,512,465b977a805da7bc
1,0.8690476417541504,568,ai_kinh_te_0042_gemini-3.7-flash
1,0.9014084339141846,550,ai_xa_hoi_0783_gemini-3.7-flash
0,0.9865471124649048,512,e52b0c1a9cbe09e0
0,0.9587156176567078,724,5f841f532ea31fb8
0,1.0068492889404297,512,d97bef74ffeb7c05
1,0.895652174949646,545,ai_chinh_tri_0200_gemini-3.7-flash
0,1.045751690864563,664,c509062ee350b54d
1,0.895652174949646,545,ai_chinh_tri_0784_gemini-3.7-flash
1,0.9234449863433838,551,ai_xa_hoi_0571_gemini-3.7-flash
0,1.105263113975525,543,5f06b812956625a5
0,1.0539419651031494,599,42032634d24022ca
1,0.9910714030265808,550,ai_van_hoa_0290_gemini-3.7-flash
1,0.8733624219894409,545,ai_chinh_tri_0668_gemini-3.7-flash
0,0.9856114983558656,663,1f90136db0516720
0,0.927374303340912,512,859fcac64c45dea4
0,0.9949238300323486,631,66164dc47671e4bc
0,0.903553307056427,698,93038a961847b476
1,0.9004328846931458,566,ai_chinh_tri_0742_gemini-3.7-flash
0,1.0673575401306152,658,b958ba136baa0330
1,0.8695651888847351,686,ai_giao_duc_0292_GPT-5.6 Luna
0,1.0119047164916992,768,df2b893c1ec1e24c
1,0.9910714030265808,550,ai_van_hoa_0514_gemini-3.7-flash
1,0.8840579986572266,686,ai_van_hoa_0092_GPT-5.6 Luna
1,0.8785714507102966,685,ai_the_thao_0022_GPT-5.6 Luna
1,0.8633093237876892,686,ai_kinh_te_0344_GPT-5.6 Luna
1,0.8776978254318237,684,ai_the_thao_0715_GPT-5.6 Luna
1,0.8799999952316284,554,ai_the_thao_0555_gemini-3.7-flash
1,0.8617021441459656,685,ai_kinh_te_0333_GPT-5.6 Luna
0,1.0075187683105469,631,c23e79031439e995
0,0.994709014892578,768,585bf157c75535a1
0,0.9800000190734864,554,265e4d982d5e9b5d
1,0.9166666865348816,514,ai_kinh_te_0036_gemini-3.7-flash
1,0.8541666865348816,684,ai_chinh_tri_0812_GPT-5.6 Luna
0,1.021897792816162,576,7a1f31d3fd862f52
0,0.91780823469162,674,b631fc5384cfc209
1,0.8661971688270569,686,ai_van_hoa_0768_GPT-5.6 Luna
0,0.9563491940498352,768,b743faa422cb3764
1,0.8714285492897034,686,ai_van_hoa_0003_GPT-5.6 Luna
1,0.9242424368858336,596,ai_chinh_tri_0649_gemini-3.7-flash
0,0.8346154093742371,534,fbd8f1b4504a0368
1,0.9194915294647216,497,ai_xa_hoi_0200_gemini-3.7-flash
1,0.8515625,567,ai_kinh_te_0622_gemini-3.7-flash
1,0.895652174949646,545,ai_chinh_tri_0312_gemini-3.7-flash
0,0.9883720874786376,768,bc01734050302276
1,0.9166666865348816,514,ai_kinh_te_0324_gemini-3.7-flash
1,0.8601398468017578,686,ai_the_thao_0397_GPT-5.6 Luna
0,0.8920454382896423,768,57914c54e1e697c0
1,0.8991228342056274,565,ai_chinh_tri_0642_gemini-3.7-flash
1,0.828000009059906,529,ai_the_thao_0154_gemini-3.7-flash
0,0.9571428298950196,645,9806341c2be19702
1,0.8723404407501221,686,ai_kinh_te_0019_GPT-5.6 Luna
0,1.0428571701049805,512,f939337889079b2a
1,0.9910714030265808,550,ai_van_hoa_0394_gemini-3.7-flash
1,0.8341013789176941,561,ai_giao_duc_0003_gemini-3.7-flash
1,0.8333333134651184,684,ai_xa_hoi_0224_GPT-5.6 Luna
1,0.8829787373542786,685,ai_the_thao_0346_GPT-5.6 Luna
0,1.0090090036392212,538,17f37b9a5a972f9e
0,0.9852941036224364,668,6bd10b0631689c7f
0,0.9777777791023254,768,c2f6b008a2b7e577
0,0.9496123790740968,768,53f1b5319b9a0c5f
0,0.908450722694397,768,0717b06318d11732
0,1.0139859914779663,563,2534b19242c5dd0b
0,1.0,432,c5898561c0018506
1,0.886956512928009,596,ai_the_thao_0765_gemini-3.7-flash
1,0.8389830589294434,554,ai_the_thao_0239_gemini-3.7-flash
0,0.935251772403717,662,d3aeaef2cb30dd9b
1,0.9194915294647216,497,ai_xa_hoi_0544_gemini-3.7-flash
1,0.8546099066734314,686,ai_van_hoa_0544_GPT-5.6 Luna
1,0.8999999761581421,684,ai_giao_duc_0210_GPT-5.6 Luna
0,0.9419354796409608,585,61a5ebd0001958b1
1,0.8617021441459656,685,ai_kinh_te_0353_GPT-5.6 Luna
1,0.8546099066734314,686,ai_xa_hoi_0162_GPT-5.6 Luna
0,0.9428571462631226,616,8884b143b7b4a94f
1,0.8525179624557495,684,ai_van_hoa_0157_GPT-5.6 Luna
1,0.8472222089767456,685,ai_van_hoa_0594_GPT-5.6 Luna
0,1.0681818723678589,573,133286c7b577000a
0,1.216216206550598,512,724f7a2781a045e9
1,0.8859649300575256,518,ai_giao_duc_0282_gemini-3.7-flash
1,0.8782608509063721,547,ai_van_hoa_0428_gemini-3.7-flash
0,1.0112359523773191,611,de541576f35d8616
1,0.8925926089286804,684,ai_kinh_te_0684_GPT-5.6 Luna
0,0.9285714030265808,768,4990827cf99c3660
1,0.8607142567634583,686,ai_van_hoa_0163_GPT-5.6 Luna
0,1.0,525,3d89cfb6b2eeb76e
0,0.97826087474823,557,95eaafbf2bf08ca0
0,0.9847328066825868,766,d7397387907eab06
1,0.8804348111152649,686,ai_xa_hoi_0697_GPT-5.6 Luna
1,0.9194915294647216,497,ai_xa_hoi_0272_gemini-3.7-flash
1,0.8478260636329651,684,ai_chinh_tri_0018_GPT-5.6 Luna
0,0.97826087474823,620,ee3ea63863c26b13
0,0.9222797751426696,512,e33b43d169ba2bd4
0,0.9541666507720948,768,7ee5ccfa35be797b
0,0.9924812316894532,512,f2d889adc0dbfc8b
1,0.895652174949646,545,ai_chinh_tri_0584_gemini-3.7-flash
0,1.0198675394058228,512,fab5c10afa38219d
0,1.0386472940444946,768,a72389957a6d624d
1,0.9279661178588868,569,ai_xa_hoi_0749_gemini-3.7-flash
0,0.9861111044883728,673,a18480757a30f966
1,0.9531915187835692,531,ai_xa_hoi_0254_gemini-3.7-flash
1,0.8652482032775879,685,ai_the_thao_0370_GPT-5.6 Luna
1,0.8607142567634583,684,ai_xa_hoi_0558_GPT-5.6 Luna
0,1.087591290473938,503,282f166d3267a087
1,0.8741258978843689,686,ai_xa_hoi_0748_GPT-5.6 Luna
1,0.8531468510627747,686,ai_xa_hoi_0682_GPT-5.6 Luna
0,1.0129870176315308,502,954aea6be8bc9765
1,0.8423236608505249,517,ai_giao_duc_0534_gemini-3.7-flash
1,0.8450704216957092,684,ai_xa_hoi_0424_GPT-5.6 Luna
1,0.8785714507102966,685,ai_the_thao_0742_GPT-5.6 Luna
1,0.912350594997406,515,ai_kinh_te_0424_gemini-3.7-flash
0,0.9934640526771544,768,92a4d4aad6cae3c5
1,0.8999999761581421,684,ai_giao_duc_0722_GPT-5.6 Luna
1,0.8933823704719543,684,ai_giao_duc_0338_GPT-5.6 Luna
0,0.9620853066444396,512,151923b251d4753d
0,1.075757622718811,512,8296cedd6229b6ce
1,0.828000009059906,529,ai_the_thao_0354_gemini-3.7-flash
1,0.9234449863433838,551,ai_xa_hoi_0643_gemini-3.7-flash
0,0.9204545617103576,541,48fa1e0bcd994563
0,1.08695650100708,550,e2e3a0bfbe41a003
0,0.9224806427955629,512,eb3732d0697f9266
1,0.8652482032775879,686,ai_van_hoa_0600_GPT-5.6 Luna
1,0.8755555748939514,513,ai_chinh_tri_0047_gemini-3.7-flash
1,0.912350594997406,515,ai_kinh_te_0032_gemini-3.7-flash
0,1.039370059967041,537,a267d03ee037e0f4
0,0.9323671460151672,648,49d6766f8b98ce27
1,0.8584070801734924,544,ai_van_hoa_0600_gemini-3.7-flash
0,1.0147058963775637,512,fac2d367c7eea507
1,0.8991228342056274,565,ai_chinh_tri_0586_gemini-3.7-flash
0,0.9166666865348816,684,997faa01a6c81e1c
1,0.8652482032775879,684,ai_van_hoa_0607_GPT-5.6 Luna
0,1.0202702283859253,512,fc9d944651c91ddc
1,0.912350594997406,515,ai_kinh_te_0648_gemini-3.7-flash
1,0.8804348111152649,686,ai_xa_hoi_0257_GPT-5.6 Luna
0,0.9547511339187622,768,0274368a5ae824d3
1,0.8840579986572266,686,ai_giao_duc_0695_GPT-5.6 Luna
1,0.8888888955116272,684,ai_xa_hoi_0303_GPT-5.6 Luna
0,0.9716312289237976,512,ae0ff164b052d7d3
1,0.8584070801734924,544,ai_van_hoa_0488_gemini-3.7-flash
0,0.8927038908004761,719,f50fd183f20e4423
1,0.8546099066734314,685,ai_kinh_te_0150_GPT-5.6 Luna
0,0.9877049326896667,512,c4430482b5cd96a2
1,0.8633093237876892,685,ai_chinh_tri_0147_GPT-5.6 Luna
1,0.8367347121238708,684,ai_the_thao_0279_GPT-5.6 Luna
0,0.9510204195976256,512,20dc0977ebff6c9c
0,0.9504504799842834,467,1c06f815ec23e59d
1,0.8473895788192749,521,ai_the_thao_0044_gemini-3.7-flash
0,1.0737327337265017,658,3010002e15f16895
0,1.0282257795333862,512,137a9a1608dc2d58
1,0.867521345615387,600,ai_giao_duc_0089_gemini-3.7-flash
1,0.9234449863433838,551,ai_xa_hoi_0035_gemini-3.7-flash
1,0.8804348111152649,684,ai_giao_duc_0368_GPT-5.6 Luna
1,0.8884891867637634,685,ai_giao_duc_0168_GPT-5.6 Luna
1,0.8181818127632141,555,ai_van_hoa_0791_gemini-3.7-flash
1,0.8782608509063721,547,ai_van_hoa_0596_gemini-3.7-flash
1,0.9234449863433838,551,ai_xa_hoi_0723_gemini-3.7-flash
1,0.8776978254318237,686,ai_xa_hoi_0204_GPT-5.6 Luna
1,0.8690476417541504,568,ai_kinh_te_0218_gemini-3.7-flash
1,0.8733624219894409,545,ai_chinh_tri_0196_gemini-3.7-flash
0,0.8771186470985413,500,c0bf80a12ec9e021
1,0.8690476417541504,568,ai_kinh_te_0266_gemini-3.7-flash
1,0.8360000252723694,557,ai_van_hoa_0563_gemini-3.7-flash
0,1.0797545909881592,675,246e97f65c2e2037
1,0.8541666865348816,685,ai_the_thao_0356_GPT-5.6 Luna
0,1.04347825050354,684,2af31fd1e54fc9e7
0,0.9552238583564758,555,f4d413a3033a27b4
1,0.8367347121238708,684,ai_the_thao_0431_GPT-5.6 Luna
1,0.9230769276618958,494,ai_xa_hoi_0380_gemini-3.7-flash
0,1.029411792755127,676,0ae10c973700a0b4
1,0.8652482032775879,685,ai_the_thao_0250_GPT-5.6 Luna
0,0.9135338068008424,768,52e8dde36578c07f
0,1.0394736528396606,512,a7a8f8e3718ee28f
1,0.9194915294647216,497,ai_xa_hoi_0360_gemini-3.7-flash
1,0.8527397513389587,685,ai_the_thao_0028_GPT-5.6 Luna
0,0.9801324605941772,658,ea85df6b614e6b03
0,0.8834080696105957,768,c2683d3bb223e5ce
0,0.9918367266654968,427,62049e8d52d68d53
0,0.9716312289237976,768,f12c5c3f306a512c
1,0.9067164063453674,684,ai_giao_duc_0522_GPT-5.6 Luna
0,1.007575750350952,512,c060ff8ea3b0faf3
1,0.8678571581840515,686,ai_chinh_tri_0426_GPT-5.6 Luna
1,0.8633093237876892,686,ai_chinh_tri_0259_GPT-5.6 Luna
1,0.8423236608505249,517,ai_giao_duc_0182_gemini-3.7-flash
0,0.9333333373069764,727,ede4b218b87aa5bf
0,1.0,768,fb1973ee523e9a85
1,0.8181818127632141,555,ai_van_hoa_0799_gemini-3.7-flash
0,1.0127660036087036,672,f69c594177e870dd
0,0.935714304447174,575,fed9d0ad58750d8c
1,0.829365074634552,523,ai_the_thao_0136_gemini-3.7-flash
1,0.8661971688270569,685,ai_the_thao_0718_GPT-5.6 Luna
1,0.8723404407501221,686,ai_xa_hoi_0106_GPT-5.6 Luna
1,0.9060150384902954,685,ai_xa_hoi_0727_GPT-5.6 Luna
0,1.023364543914795,637,6db2c6a6e240494c
1,0.9172932505607604,686,ai_giao_duc_0427_GPT-5.6 Luna
1,0.8601398468017578,684,ai_van_hoa_0639_GPT-5.6 Luna
0,1.0,665,18be7d2559aefab5
1,0.9166666865348816,514,ai_kinh_te_0388_gemini-3.7-flash
1,0.828000009059906,529,ai_the_thao_0378_gemini-3.7-flash
0,0.9552238583564758,512,c53f06383f245623
1,0.8905109763145447,684,ai_kinh_te_0588_GPT-5.6 Luna
1,0.925110161304474,599,ai_giao_duc_0093_gemini-3.7-flash
1,0.9910714030265808,550,ai_van_hoa_0202_gemini-3.7-flash
1,0.9242424368858336,596,ai_chinh_tri_0377_gemini-3.7-flash
0,1.057692289352417,539,35f6c6a9f496e137
0,0.955974817276001,768,f4d40c20deec072a
0,0.9404255151748656,512,0b5f16dc7193ec5f
1,0.9531915187835692,531,ai_xa_hoi_0142_gemini-3.7-flash
1,0.9037036895751952,684,ai_kinh_te_0724_GPT-5.6 Luna
0,1.0,768,6a88db4b903bc2d9
0,0.9878048896789552,768,5ed472ed3d9f1f70
1,0.8528138399124146,575,ai_van_hoa_0721_gemini-3.7-flash
1,0.9257642030715942,550,ai_van_hoa_0778_gemini-3.7-flash
0,1.0152671337127686,671,94189ad1cb447316
1,0.9910714030265808,550,ai_van_hoa_0330_gemini-3.7-flash
0,0.9570815563201904,512,97917c5ebfe8e29d
0,1.0,729,97ed0b3b3d8c23f8
0,1.069930076599121,512,95f7f03f2cb9c8ff
1,0.9230769276618958,494,ai_xa_hoi_0148_gemini-3.7-flash
0,0.9738562107086182,537,4804d2ab14eaca38
0,1.074626922607422,606,296c59849b3c6407
0,0.9958506226539612,633,067a766c19f625a8
1,0.8473895788192749,521,ai_the_thao_0580_gemini-3.7-flash
1,0.8546099066734314,684,ai_van_hoa_0645_GPT-5.6 Luna
0,0.9955357313156128,539,4b24d1ec8a59cdc6
1,0.8410041928291321,531,ai_the_thao_0190_gemini-3.7-flash
0,0.9856114983558656,634,ac7ff7d6722df21a
0,0.9729729890823364,768,cc9d5ae5742e39ee
1,0.9135338068008424,684,ai_xa_hoi_0711_GPT-5.6 Luna
1,0.9242424368858336,596,ai_chinh_tri_0337_gemini-3.7-flash
0,0.9476743936538696,628,5a34724997f41bb7
1,0.8731883764266968,686,ai_chinh_tri_0784_GPT-5.6 Luna
0,0.9481481313705444,688,f3855f3a476c2db1
1,0.8690476417541504,568,ai_kinh_te_0018_gemini-3.7-flash
1,0.8991228342056274,565,ai_chinh_tri_0354_gemini-3.7-flash
1,0.84375,684,ai_chinh_tri_0268_GPT-5.6 Luna
1,0.8219696879386902,555,ai_van_hoa_0495_gemini-3.7-flash
1,0.8360000252723694,557,ai_van_hoa_0611_gemini-3.7-flash
1,0.8341013789176941,561,ai_giao_duc_0307_gemini-3.7-flash
1,0.8758864998817444,686,ai_van_hoa_0410_GPT-5.6 Luna
1,0.8690476417541504,568,ai_kinh_te_0706_gemini-3.7-flash
1,0.85447758436203,530,ai_kinh_te_0279_gemini-3.7-flash
0,1.121693134307861,534,48604aff75d3d997
1,0.8633093237876892,685,ai_the_thao_0342_GPT-5.6 Luna
0,0.9629629850387572,668,2ebcd473d9918e88
0,0.9111111164093018,517,4c9f2ec15c5a41b0
0,0.9813953638076782,514,f8a444400ad36959
1,0.8690476417541504,568,ai_kinh_te_0274_gemini-3.7-flash
1,0.8485915660858154,686,ai_kinh_te_0145_GPT-5.6 Luna
1,0.8617021441459656,684,ai_the_thao_0283_GPT-5.6 Luna
1,0.8690476417541504,568,ai_kinh_te_0514_gemini-3.7-flash
0,0.9575757384300232,397,608b1f323e6adc5b
1,0.8633093237876892,685,ai_kinh_te_0103_GPT-5.6 Luna
1,0.8723404407501221,685,ai_kinh_te_0035_GPT-5.6 Luna
0,1.0,512,86c372e8dc1ca1c6
1,0.829365074634552,523,ai_the_thao_0752_gemini-3.7-flash
0,0.92946058511734,609,9455173945a4770f
0,0.9686098694801332,768,81b1bd11b6d00849
1,0.8888888955116272,518,ai_chinh_tri_0739_gemini-3.7-flash
0,0.9606741666793824,678,ed6ac2ee499af4a8
1,0.8485915660858154,684,ai_xa_hoi_0016_GPT-5.6 Luna
1,0.8367347121238708,684,ai_the_thao_0519_GPT-5.6 Luna
1,0.8840579986572266,686,ai_giao_duc_0815_GPT-5.6 Luna
0,0.9638009071350098,670,49e74e4bace74613
0,0.946666657924652,538,72aaf36ea727ea3c
0,1.0986547470092771,512,a0426b5a453c41a1
0,0.9120370149612428,512,2eedcb05e9675b00
1,0.8804348111152649,686,ai_kinh_te_0349_GPT-5.6 Luna
1,0.829365074634552,523,ai_the_thao_0696_gemini-3.7-flash
1,0.89552241563797,684,ai_giao_duc_0250_GPT-5.6 Luna
0,1.0438246726989746,512,bce21dd4e52b05c7
1,0.8410041928291321,531,ai_the_thao_0126_gemini-3.7-flash
1,0.8952381014823914,595,ai_chinh_tri_0533_gemini-3.7-flash
1,0.8785714507102966,686,ai_xa_hoi_0262_GPT-5.6 Luna
1,0.9910714030265808,550,ai_van_hoa_0594_gemini-3.7-flash
1,0.8821428418159485,686,ai_giao_duc_0758_GPT-5.6 Luna
1,0.881118893623352,686,ai_the_thao_0585_GPT-5.6 Luna
0,0.985401451587677,654,2d17c46de574d223
1,0.829365074634552,523,ai_the_thao_0488_gemini-3.7-flash
1,0.8450704216957092,684,ai_van_hoa_0293_GPT-5.6 Luna
0,0.990654230117798,681,a1aa127afde0a881
1,0.8978102207183838,686,ai_giao_duc_0605_GPT-5.6 Luna
0,0.8863636255264282,622,31fd5a4db1ddb571
0,1.00421941280365,512,4df982eeb3cba141
0,0.91566264629364,768,bebe50b744bef678
1,0.8633093237876892,686,ai_chinh_tri_0179_GPT-5.6 Luna
1,0.886956512928009,596,ai_the_thao_0253_gemini-3.7-flash
0,0.9757084846496582,768,2a9422e9e64e549b
0,1.063380241394043,512,f5cf268153b025c4
0,1.0378150939941406,568,cadadae892565531
0,0.9190751314163208,512,48b0c03e3ebe514c
1,0.8576388955116272,686,ai_the_thao_0661_GPT-5.6 Luna
0,0.9789029359817504,512,a30540dda223d114
0,1.046979904174805,668,d9c1b354414f0601
0,0.97183096408844,553,ed12b2682d10a121
1,0.8404255509376526,684,ai_van_hoa_0629_GPT-5.6 Luna
0,1.02717387676239,512,d864aa85465aee01
0,0.9513513445854188,768,8869aff29d50c50c
1,0.8426573276519775,686,ai_xa_hoi_0554_GPT-5.6 Luna
1,0.8601398468017578,686,ai_van_hoa_0328_GPT-5.6 Luna
1,0.8905109763145447,684,ai_van_hoa_0590_GPT-5.6 Luna
1,0.925110161304474,599,ai_giao_duc_0013_gemini-3.7-flash
1,0.9531915187835692,531,ai_xa_hoi_0430_gemini-3.7-flash
0,1.10869562625885,512,01b2500471f0d6d4
1,0.8755555748939514,513,ai_chinh_tri_0039_gemini-3.7-flash
0,0.9420289993286132,512,082d8bb9534d04db
0,1.0149253606796265,512,6aafbae41e1a742f
0,0.9285714030265808,555,55fd6bf4c4717cb6
0,0.9179104566574096,700,49cb6b9d1963e790
1,0.8620689511299133,686,ai_the_thao_0004_GPT-5.6 Luna
1,0.8999999761581421,684,ai_kinh_te_0020_GPT-5.6 Luna
1,0.8735178112983704,644,ai_kinh_te_0477_gemini-3.7-flash
0,0.932330846786499,671,03655b11af719b65
1,0.8391608595848083,684,ai_the_thao_0544_GPT-5.6 Luna
0,0.949999988079071,512,d2b6a5884e07fb6e
1,0.8341013789176941,561,ai_giao_duc_0435_gemini-3.7-flash
1,0.9242424368858336,596,ai_chinh_tri_0569_gemini-3.7-flash
1,0.8731883764266968,686,ai_giao_duc_0831_GPT-5.6 Luna
1,0.8623188138008118,684,ai_chinh_tri_0583_GPT-5.6 Luna
0,0.9685534834861756,675,42b391995cc8d5c5
0,0.9777777791023254,512,0bfd574c94578f82
0,0.970588207244873,768,ee0af61a994f5a14
1,0.8576642274856567,684,ai_van_hoa_0502_GPT-5.6 Luna
0,0.8928571343421936,768,88f3908e40e751e8
0,0.9808917045593262,512,0382f2452b073d93
0,1.0162161588668823,768,bf9a16be38eb7d5c
1,0.8661971688270569,685,ai_the_thao_0500_GPT-5.6 Luna
1,0.8521126508712769,683,ai_xa_hoi_0528_GPT-5.6 Luna
1,0.9014084339141846,550,ai_xa_hoi_0327_gemini-3.7-flash
1,0.925110161304474,599,ai_giao_duc_0469_gemini-3.7-flash
1,0.867521345615387,600,ai_giao_duc_0121_gemini-3.7-flash
1,0.8888888955116272,684,ai_giao_duc_0393_GPT-5.6 Luna
1,0.9227467775344848,570,ai_xa_hoi_0569_gemini-3.7-flash
0,1.0320855379104614,768,cc12f85c29290d7c
1,0.9230769276618958,494,ai_xa_hoi_0612_gemini-3.7-flash
1,0.9404255151748656,533,ai_xa_hoi_0714_gemini-3.7-flash
1,0.8528138399124146,575,ai_van_hoa_0137_gemini-3.7-flash
0,0.96517413854599,533,3aea9d4648f696d9
1,0.895652174949646,545,ai_chinh_tri_0368_gemini-3.7-flash
0,0.9876543283462524,512,d2ef588aa11c508c
0,0.9154929518699646,512,8444bd671e930444
1,0.8521126508712769,683,ai_xa_hoi_0168_GPT-5.6 Luna
1,0.829365074634552,523,ai_the_thao_0240_gemini-3.7-flash
0,1.0303030014038086,691,29fd3955c36cf988
0,0.8994975090026855,597,255141fe6e063a70
0,0.965384602546692,572,40393618491c4040
1,0.8591549396514893,685,ai_the_thao_0758_GPT-5.6 Luna
0,0.9548386931419371,705,0ff54158f9c9613f
0,1.0886075496673584,631,cfd60563b11db433
1,0.8652482032775879,685,ai_the_thao_0243_GPT-5.6 Luna
1,0.8713235259056091,685,ai_chinh_tri_0089_GPT-5.6 Luna
0,1.021897792816162,768,51a740e389c7bfe8
1,0.8617021441459656,685,ai_the_thao_0438_GPT-5.6 Luna
0,1.0225988626480105,512,740f4d0e585ad1ba
0,1.0663716793060305,535,f9f3a474de2fe5e3
0,0.95652174949646,662,12a1c95afab2b112
1,0.8633093237876892,684,ai_the_thao_0792_GPT-5.6 Luna
1,0.828000009059906,529,ai_the_thao_0034_gemini-3.7-flash
0,0.9285714030265808,670,1d6479a91939e975
0,1.0044642686843872,363,f95f8035ce83d1ae
0,1.237113356590271,509,27deed471311967d
0,0.970802903175354,512,6b6eeae1f6e34bca
0,0.954285740852356,593,d80aba437f0b2dfc
0,0.9856114983558656,512,d8a378291d95f664
0,1.033783793449402,651,71ccb71ddc9d3ccd
1,0.8515625,567,ai_kinh_te_0734_gemini-3.7-flash
0,1.0330578088760376,512,f540aa12049cdf65
0,0.930232584476471,602,5efce18f233b3991
0,0.9208333492279052,768,da2847a1b44ae222
0,0.9864864945411682,693,23111f8ca7c0ac61
1,0.9227467775344848,570,ai_xa_hoi_0449_gemini-3.7-flash
0,0.9944444298744202,768,77720f145d1ecb36
1,0.8368055820465088,684,ai_van_hoa_0751_GPT-5.6 Luna
1,0.8888888955116272,684,ai_kinh_te_0554_GPT-5.6 Luna
1,0.8888888955116272,518,ai_chinh_tri_0451_gemini-3.7-flash
0,0.9200000166893004,692,fe9ccc2b8cb8f452
0,0.9834710955619812,635,97e3b4f9c76aee72
0,0.9583333134651184,714,87fa034a5ee910bb
0,0.917391300201416,552,5947289c93ff9995
0,1.0,512,53751f3e3e08d2ea
1,0.829365074634552,523,ai_the_thao_0528_gemini-3.7-flash
1,0.925110161304474,599,ai_giao_duc_0629_gemini-3.7-flash
1,0.8453237414360046,684,ai_van_hoa_0237_GPT-5.6 Luna
0,0.9752066135406494,577,7ee021da798813f1
0,0.9685039520263672,539,17b1ae818581584e
0,0.9506173133850098,512,81df9cf87fe6c5fb
0,1.0230768918991089,674,1f72a46fb6b2a1b4
0,1.067193627357483,620,c2c7e17fedc61db7
1,0.8868613243103027,686,ai_kinh_te_0032_GPT-5.6 Luna
0,0.9772727489471436,673,340587fbc5e05dff
1,0.9014084339141846,550,ai_xa_hoi_0743_gemini-3.7-flash
1,0.8591549396514893,687,ai_van_hoa_0308_GPT-5.6 Luna
0,0.9541984796524048,512,cb1441172d23b9a8
1,0.8905109763145447,686,ai_chinh_tri_0601_GPT-5.6 Luna
0,1.0039682388305664,768,4de91f45597c99f9
1,0.8859649300575256,518,ai_giao_duc_0210_gemini-3.7-flash
1,0.8601398468017578,686,ai_van_hoa_0448_GPT-5.6 Luna
1,0.8584070801734924,544,ai_van_hoa_0608_gemini-3.7-flash
1,0.895652174949646,545,ai_chinh_tri_0720_gemini-3.7-flash
1,0.8840579986572266,686,ai_van_hoa_0212_GPT-5.6 Luna
0,0.9610389471054076,512,c81ed1c488e25776
1,0.8389830589294434,554,ai_the_thao_0367_gemini-3.7-flash
1,0.8759124279022217,685,ai_xa_hoi_0059_GPT-5.6 Luna
0,0.900473952293396,664,41360ea2a4115cb5
1,0.828000009059906,529,ai_the_thao_0466_gemini-3.7-flash
1,0.8733624219894409,545,ai_chinh_tri_0548_gemini-3.7-flash
0,0.9276315569877625,768,544403916687619e
1,0.8590308427810669,595,ai_the_thao_0489_gemini-3.7-flash
0,1.0334928035736084,503,f6beeefb34dc33da
0,1.0,512,b42ff81b8de0953f
1,0.8652482032775879,686,ai_chinh_tri_0736_GPT-5.6 Luna
0,1.0439560413360596,659,50e242019d767584
1,0.8714285492897034,685,ai_xa_hoi_0094_GPT-5.6 Luna
1,0.8738738894462585,530,ai_giao_duc_0100_gemini-3.7-flash
0,0.942307710647583,768,68a4802724db94b1
0,0.9141790866851808,651,d399257419c22252
0,0.9169960618019104,671,e11c6f9be5c38271
1,0.8607142567634583,685,ai_xa_hoi_0089_GPT-5.6 Luna
1,0.8678571581840515,686,ai_chinh_tri_0786_GPT-5.6 Luna
1,0.8758864998817444,686,ai_kinh_te_0771_GPT-5.6 Luna
1,0.8823529481887817,684,ai_giao_duc_0201_GPT-5.6 Luna
1,0.84375,686,ai_van_hoa_0169_GPT-5.6 Luna
1,0.8571428656578064,685,ai_chinh_tri_0039_GPT-5.6 Luna
1,0.8859649300575256,518,ai_giao_duc_0578_gemini-3.7-flash
1,0.8461538553237915,683,ai_xa_hoi_0688_GPT-5.6 Luna
1,0.8755555748939514,513,ai_chinh_tri_0479_gemini-3.7-flash
1,0.9014084339141846,550,ai_xa_hoi_0295_gemini-3.7-flash
1,0.8584070801734924,544,ai_van_hoa_0088_gemini-3.7-flash
1,0.8813559412956238,574,ai_van_hoa_0253_gemini-3.7-flash
0,0.8590604066848755,512,61300671b6faf192
1,0.8733624219894409,545,ai_chinh_tri_0172_gemini-3.7-flash
0,1.1146245002746582,768,7307d3a82ab3bdb8
1,0.8469387888908386,685,ai_chinh_tri_0636_GPT-5.6 Luna
0,1.0,568,3bb1df3ca528aad8
1,0.8584070801734924,544,ai_van_hoa_0144_gemini-3.7-flash
1,0.8546099066734314,684,ai_van_hoa_0826_GPT-5.6 Luna
0,0.9871794581413268,701,0d42cbeabec1bbf7
0,1.0077519416809082,768,bdf0c109c94126df
0,0.9797979593276978,650,eda34b755beda6b6
1,0.9166666865348816,514,ai_kinh_te_0652_gemini-3.7-flash
1,0.8652482032775879,686,ai_chinh_tri_0531_GPT-5.6 Luna
1,0.8723404407501221,685,ai_kinh_te_0275_GPT-5.6 Luna
0,0.9650349617004396,697,a533ee5486028092
1,0.8528138399124146,575,ai_van_hoa_0529_gemini-3.7-flash
1,0.866906464099884,686,ai_giao_duc_0676_GPT-5.6 Luna
1,0.8423236608505249,517,ai_giao_duc_0654_gemini-3.7-flash
1,0.8423236608505249,517,ai_giao_duc_0054_gemini-3.7-flash
1,0.8541666865348816,684,ai_chinh_tri_0212_GPT-5.6 Luna
1,0.8469387888908386,686,ai_the_thao_0321_GPT-5.6 Luna
1,0.8410041928291321,531,ai_the_thao_0142_gemini-3.7-flash
0,0.9735682606697084,768,ea4aa7d89e14108a
1,0.8776978254318237,685,ai_kinh_te_0117_GPT-5.6 Luna
1,0.8695651888847351,686,ai_xa_hoi_0475_GPT-5.6 Luna
1,0.8804348111152649,686,ai_xa_hoi_0017_GPT-5.6 Luna
0,0.9928057789802552,768,5af676360c15a3e4
1,0.8804348111152649,685,ai_kinh_te_0439_GPT-5.6 Luna
1,0.8219696879386902,555,ai_van_hoa_0455_gemini-3.7-flash
0,0.8235294222831726,512,25d19313729e3a2a
1,0.8541666865348816,686,ai_the_thao_0213_GPT-5.6 Luna
0,1.03184711933136,768,d1bafa4d151c1808
0,0.940397322177887,639,3a023217b58fc602
0,0.9664429426193236,671,cc09bf25a15176ed
0,1.0153846740722656,675,4759db22c0b7202b
0,1.0358566045761108,660,b23614c958fa71fb
1,0.8695651888847351,684,ai_kinh_te_0551_GPT-5.6 Luna
0,1.0,768,ee2f3ccd7ae2b352
0,1.0666667222976685,684,c46fe50c23a8f9a6
1,0.8633093237876892,684,ai_chinh_tri_0213_GPT-5.6 Luna
0,1.0,563,dc12e0a8e72fa3c8
1,0.9227467775344848,570,ai_xa_hoi_0489_gemini-3.7-flash
0,0.9404255151748656,512,42c80c2386b0c13e
1,0.8546099066734314,685,ai_van_hoa_0121_GPT-5.6 Luna
1,0.9230769276618958,494,ai_xa_hoi_0764_gemini-3.7-flash
1,0.912350594997406,515,ai_kinh_te_0328_gemini-3.7-flash
1,0.8636363744735718,684,ai_van_hoa_0591_GPT-5.6 Luna
1,0.8723404407501221,685,ai_giao_duc_0448_GPT-5.6 Luna
0,0.9496402740478516,768,1a5d99bbdb3107dc
1,0.8804348111152649,686,ai_xa_hoi_0217_GPT-5.6 Luna
0,0.9487179517745972,512,5041f20870ff7686
1,0.8952381014823914,595,ai_chinh_tri_0141_gemini-3.7-flash
1,0.8695651888847351,684,ai_kinh_te_0023_GPT-5.6 Luna
0,0.9052132964134216,768,b9750ce27f0c8175
0,1.0065360069274902,572,4660bce491887e05
1,0.8999999761581421,684,ai_giao_duc_0394_GPT-5.6 Luna
0,0.9849624037742616,768,6fa67ad7c7585af7
0,1.0828402042388916,768,e04338313feea568
1,0.9383260011672974,551,ai_van_hoa_0550_gemini-3.7-flash
1,0.8473895788192749,521,ai_the_thao_0140_gemini-3.7-flash
0,1.0303030014038086,512,a60531df98b29415
1,0.8733624219894409,545,ai_chinh_tri_0484_gemini-3.7-flash
1,0.8695651888847351,684,ai_kinh_te_0503_GPT-5.6 Luna
0,0.9807692170143129,512,c0582aef3867446c
0,0.967479646205902,512,2e94527d8114508d
1,0.875,684,ai_giao_duc_0545_GPT-5.6 Luna
1,0.9279661178588868,569,ai_xa_hoi_0253_gemini-3.7-flash
1,0.9004328846931458,566,ai_chinh_tri_0046_gemini-3.7-flash
0,1.0902255773544312,663,4f17e64069ff1916
0,0.99319726228714,768,1b237df5ddc7ae4a
0,0.9921875,543,7ca4c24e2c92ae4e
0,1.0068492889404297,768,14a9bfd538fd8835
0,0.945945918560028,512,aec4c4da25770a6f
0,0.9744681119918824,768,6e2e13f801a69113
0,0.987500011920929,615,af30216ad1e4abdf
0,1.0277777910232544,602,eab1d53a5fe0d5e3
0,0.927419364452362,512,7e781416261581cc
1,0.8666666746139526,530,ai_giao_duc_0360_gemini-3.7-flash
1,0.8690476417541504,568,ai_kinh_te_0170_gemini-3.7-flash
1,0.8341013789176941,561,ai_giao_duc_0507_gemini-3.7-flash
1,0.8591549396514893,687,ai_van_hoa_0668_GPT-5.6 Luna
1,0.9234449863433838,551,ai_xa_hoi_0379_gemini-3.7-flash
1,0.8905109763145447,684,ai_van_hoa_0230_GPT-5.6 Luna
0,0.9735099077224731,569,c5434ed268ba64af
0,1.173076868057251,634,638c6e6c3fc0fb8d
0,0.9333333373069764,528,b875659e09b3a4a9
0,1.007575750350952,505,27d18b7a5e065a0b
0,1.117241382598877,648,d8b032e4c6482ed4
1,0.8636363744735718,685,ai_van_hoa_0303_GPT-5.6 Luna
0,1.0100502967834473,534,006f4af4fbda300a
1,0.8723404407501221,686,ai_van_hoa_0104_GPT-5.6 Luna
0,0.9521738886833192,512,cf5f7e7b69dea46e
0,0.9558823704719543,512,46bd30c404fb5332
1,0.8966942429542542,497,ai_xa_hoi_0824_gemini-3.7-flash
0,0.9478672742843628,512,3574a03a09ad6ce7
1,0.828000009059906,529,ai_the_thao_0138_gemini-3.7-flash
0,0.9785714149475098,512,50c22665782e99c1
0,1.0682927370071411,512,68cf3f56326d9ef9
0,0.9772727489471436,535,205c3a4cf4c1b392
0,1.0,768,52eb9e926af1d7ad
0,0.9940476417541504,718,921df2a09782d562
1,0.8617021441459656,685,ai_kinh_te_0569_GPT-5.6 Luna
1,0.8690476417541504,568,ai_kinh_te_0138_gemini-3.7-flash
1,0.8741007447242737,684,ai_chinh_tri_0362_GPT-5.6 Luna
1,0.8823529481887817,684,ai_giao_duc_0257_GPT-5.6 Luna
1,0.8999999761581421,686,ai_giao_duc_0675_GPT-5.6 Luna
1,0.8633093237876892,685,ai_kinh_te_0226_GPT-5.6 Luna
0,0.9571428298950196,516,64f73dd41f06aa13
1,0.8713235259056091,684,ai_giao_duc_0585_GPT-5.6 Luna
1,0.8741007447242737,686,ai_xa_hoi_0265_GPT-5.6 Luna
1,0.8697183132171631,686,ai_xa_hoi_0548_GPT-5.6 Luna
1,0.8991228342056274,565,ai_chinh_tri_0474_gemini-3.7-flash
1,0.9279661178588868,569,ai_xa_hoi_0501_gemini-3.7-flash
1,0.925110161304474,599,ai_giao_duc_0573_gemini-3.7-flash
0,1.018264889717102,657,01bf1147fe0e73eb
1,0.8461538553237915,683,ai_xa_hoi_0448_GPT-5.6 Luna
1,0.8738738894462585,530,ai_giao_duc_0276_gemini-3.7-flash
1,0.8510638475418091,685,ai_chinh_tri_0806_GPT-5.6 Luna
1,0.8731883764266968,684,ai_chinh_tri_0002_GPT-5.6 Luna
1,0.8496503233909607,685,ai_van_hoa_0716_GPT-5.6 Luna
1,0.8341013789176941,561,ai_giao_duc_0187_gemini-3.7-flash
1,0.8782608509063721,547,ai_van_hoa_0564_gemini-3.7-flash
0,1.0788382291793823,561,2fd6e9194e2b1908
1,0.8888888955116272,518,ai_chinh_tri_0475_gemini-3.7-flash
0,0.9181034564971924,356,c89e729f42db2263
0,0.987261176109314,768,2ae4e03ecb75305f
0,0.9852941036224364,512,89d202204b43626e
0,1.0272108316421509,512,cdef35d55be3e2a9
0,0.9104477763175964,768,56af193ecbe42f48
0,1.0616739988327026,633,de56b51e673ac741
1,0.867521345615387,600,ai_giao_duc_0449_gemini-3.7-flash
0,1.0,710,a2d2075555b36aa5
0,0.978723406791687,512,90acee84aecf36f3
0,0.925000011920929,768,e802e1ba3e345fa3
0,1.2615385055541992,512,3487dcd77bcf9303
1,0.8571428656578064,684,ai_chinh_tri_0168_GPT-5.6 Luna
0,1.0074074268341064,614,632d803594fd22ad
0,0.963235318660736,626,e53f12d3b276cba3
1,0.9004328846931458,566,ai_chinh_tri_0646_gemini-3.7-flash
1,0.8666666746139526,530,ai_giao_duc_0032_gemini-3.7-flash
0,1.090517282485962,689,f40248f526cc898a
0,1.0,727,7eca596d2cf07561
1,0.8483412265777588,560,ai_giao_duc_0663_gemini-3.7-flash
1,0.8633093237876892,686,ai_kinh_te_0200_GPT-5.6 Luna
0,1.046875,768,cd0bdafe899d1ad7
1,0.8689655065536499,686,ai_the_thao_0209_GPT-5.6 Luna
1,0.8556337952613831,686,ai_van_hoa_0392_GPT-5.6 Luna
1,0.8483412265777588,560,ai_giao_duc_0223_gemini-3.7-flash
0,1.191919207572937,512,6b1d30a2e7906571
0,0.9420289993286132,768,0167f78686ad93be
0,1.0833333730697632,512,7e176b47b04db023
0,1.0,626,88d27122db3597d6
0,1.0254237651824951,575,1035660dd8840b20
1,0.8723404407501221,686,ai_xa_hoi_0586_GPT-5.6 Luna
0,1.038888931274414,512,224c83b1fb95f033
1,0.8333333134651184,530,ai_kinh_te_0715_gemini-3.7-flash
1,0.9222221970558168,684,ai_kinh_te_0668_GPT-5.6 Luna
0,1.0189573764801023,768,75fef2103bc2f541
0,1.0065360069274902,554,c78657aee11f0437
0,1.0064102411270142,768,059cdbb5d3dd4ece
0,0.9928571581840516,512,fa684422946ec719
1,0.9227467775344848,570,ai_xa_hoi_0177_gemini-3.7-flash
0,0.9421965479850768,570,46b6a8fede33f674
0,0.9833333492279052,768,3043b1bb9eb3b679
1,0.85447758436203,530,ai_kinh_te_0007_gemini-3.7-flash
1,0.9234449863433838,551,ai_xa_hoi_0411_gemini-3.7-flash
1,0.8785714507102966,685,ai_kinh_te_0633_GPT-5.6 Luna
0,1.0989011526107788,545,54a759e704299b7f
1,0.8299319744110107,684,ai_the_thao_0015_GPT-5.6 Luna
0,1.024154543876648,624,b10f976d82ba9263
1,0.9014084339141846,550,ai_xa_hoi_0055_gemini-3.7-flash
1,0.925110161304474,599,ai_giao_duc_0381_gemini-3.7-flash
0,1.0290697813034058,654,b849f358498896eb
0,1.0060241222381592,669,9df5ee526f77d21d
1,0.8777777552604675,684,ai_giao_duc_0729_GPT-5.6 Luna
0,0.9351851940155028,666,51bd630c3695546c
0,1.021621584892273,540,b58623b15e0ffe08
0,0.9928057789802552,768,dcb3e00c9ffb3cc0
0,0.9444444179534912,540,16cb9421c5dfd9e2
0,0.9913420081138612,512,139f70a31f438997
1,0.9383260011672974,551,ai_van_hoa_0190_gemini-3.7-flash
0,1.0155038833618164,559,c1cddfb50a25f1bb
0,1.0152671337127686,680,0d8fa29861663075
0,1.0086956024169922,629,921ba9b6cb07cbfd
1,0.8952381014823914,595,ai_chinh_tri_0581_gemini-3.7-flash
1,0.8586956262588501,684,ai_chinh_tri_0618_GPT-5.6 Luna
0,0.9943820238113404,537,4ad2f4f2af73e1e1
0,0.9041095972061156,546,c1de9d6a71d45f17
0,0.911764681339264,512,9b216d4d300b57a7
0,0.8794326186180115,768,e7eeb3592cb68900
1,0.8859649300575256,518,ai_giao_duc_0114_gemini-3.7-flash
1,0.8561151027679443,686,ai_kinh_te_0360_GPT-5.6 Luna
1,0.8723404407501221,686,ai_xa_hoi_0653_GPT-5.6 Luna
1,0.8633093237876892,684,ai_chinh_tri_0287_GPT-5.6 Luna
0,0.774193525314331,653,29b18f9a7d258056
0,1.051792860031128,646,38a8cbaf4488110e
0,0.9735099077224731,512,2b9c0992a9385263
0,1.047619104385376,535,f5d04e8d99096461
1,0.8949275612831116,686,ai_giao_duc_0607_GPT-5.6 Luna
1,0.8952381014823914,595,ai_chinh_tri_0445_gemini-3.7-flash
1,0.9227467775344848,570,ai_xa_hoi_0377_gemini-3.7-flash
1,0.8527397513389587,686,ai_the_thao_0173_GPT-5.6 Luna
1,0.908088207244873,686,ai_giao_duc_0563_GPT-5.6 Luna
1,0.9227467775344848,570,ai_xa_hoi_0705_gemini-3.7-flash
1,0.8666666746139526,530,ai_giao_duc_0776_gemini-3.7-flash
1,0.8859649300575256,518,ai_giao_duc_0298_gemini-3.7-flash
1,0.8368794322013855,683,ai_xa_hoi_0624_GPT-5.6 Luna
0,0.9906976819038392,512,0ea6b6be5eb2d380
1,0.85447758436203,530,ai_kinh_te_0559_gemini-3.7-flash
0,0.970802903175354,512,2bd743773bec9b9c
1,0.886956512928009,596,ai_the_thao_0285_gemini-3.7-flash
1,0.8741007447242737,685,ai_kinh_te_0334_GPT-5.6 Luna
0,0.903930127620697,768,ccc2820a3c4c2fa5
1,0.8286713361740112,684,ai_the_thao_0144_GPT-5.6 Luna
1,0.867521345615387,600,ai_giao_duc_0001_gemini-3.7-flash
0,1.0,632,bc08b8c43aedea71
0,0.9572649598121644,570,12b691408a5097d2
1,0.8345070481300354,684,ai_xa_hoi_0200_GPT-5.6 Luna
1,0.8723404407501221,686,ai_kinh_te_0217_GPT-5.6 Luna
1,0.8426573276519775,684,ai_van_hoa_0786_GPT-5.6 Luna
1,0.9227467775344848,570,ai_xa_hoi_0297_gemini-3.7-flash
0,0.914814829826355,768,891211ee58e83ae2
0,1.0329217910766602,768,77635c247c20b3c1
1,0.8717948794364929,596,ai_the_thao_0821_gemini-3.7-flash
1,0.866906464099884,685,ai_xa_hoi_0126_GPT-5.6 Luna
0,1.1909548044204712,697,30e4d8ec86647e94
0,0.95175439119339,686,6ae5f6a686763593
0,0.913385808467865,610,1e2c20de7181d034
0,1.014492750167847,593,d97b61428d7f0565
1,0.925110161304474,599,ai_giao_duc_0277_gemini-3.7-flash
0,1.0538461208343506,683,6e7a19ee453b0ed6
0,0.89453125,532,30d1fc84427a28a8
1,0.8401360511779785,684,ai_the_thao_0727_GPT-5.6 Luna
0,0.9844961166381836,571,4e119a314850c5e8
1,0.8952381014823914,595,ai_chinh_tri_0685_gemini-3.7-flash
0,1.1370558738708496,332,80bce64f7cb3384c
1,0.8561151027679443,684,ai_kinh_te_0338_GPT-5.6 Luna
0,0.9432623982429504,660,5d8b7beca6260f90
1,0.8759124279022217,684,ai_van_hoa_0286_GPT-5.6 Luna
1,0.9227467775344848,570,ai_xa_hoi_0225_gemini-3.7-flash
1,0.8525179624557495,684,ai_van_hoa_0757_GPT-5.6 Luna
1,0.8591549396514893,686,ai_xa_hoi_0149_GPT-5.6 Luna
1,0.8888888955116272,518,ai_chinh_tri_0203_gemini-3.7-flash
0,0.97972971200943,693,3a131a40808e654a
0,1.0227272510528564,768,7245a1e8b978edf6
0,0.953947365283966,584,27eefe3a9dbbbb0f
0,0.9366196990013124,554,7dc8c00aca366d2a
1,0.8333333134651184,684,ai_van_hoa_0589_GPT-5.6 Luna
1,0.8450704216957092,684,ai_xa_hoi_0664_GPT-5.6 Luna
1,0.9383260011672974,551,ai_van_hoa_0366_gemini-3.7-flash
1,0.9404255151748656,533,ai_xa_hoi_0666_gemini-3.7-flash
0,0.9785714149475098,768,a8ea4cafdbf402ad
0,0.9589040875434875,512,182271ed42337721
0,0.9796748161315918,615,b752b260341650d0
0,1.0191388130187988,697,c9cd56636eae9be7
1,0.9166666865348816,514,ai_kinh_te_0716_gemini-3.7-flash
1,0.8389830589294434,554,ai_the_thao_0303_gemini-3.7-flash
0,1.0119521617889404,603,26551b5ad12d63c5
0,0.945945918560028,535,0d49f4c5bcead50e
0,0.956204354763031,673,4bd40d4ac915f1ed
1,0.828000009059906,529,ai_the_thao_0370_gemini-3.7-flash
1,0.8690476417541504,568,ai_kinh_te_0362_gemini-3.7-flash
1,0.9194915294647216,497,ai_xa_hoi_0616_gemini-3.7-flash
0,0.9465649127960204,768,7bb81669d52589f9
0,1.0449999570846558,512,31b508e797806254
1,0.8341013789176941,561,ai_giao_duc_0131_gemini-3.7-flash
0,1.0305343866348269,768,752c0b811d061e7f
1,0.886956512928009,596,ai_the_thao_0157_gemini-3.7-flash
0,0.9635036587715148,512,032f2b57e73347d4
1,0.8666666746139526,530,ai_giao_duc_0080_gemini-3.7-flash
1,0.8590308427810669,595,ai_the_thao_0257_gemini-3.7-flash
1,0.9279661178588868,569,ai_xa_hoi_0261_gemini-3.7-flash
1,0.8661971688270569,686,ai_the_thao_0324_GPT-5.6 Luna
0,1.0071429014205933,562,2531b24df8ff9af3
1,0.8713235259056091,684,ai_chinh_tri_0353_GPT-5.6 Luna
1,0.8782608509063721,547,ai_van_hoa_0324_gemini-3.7-flash
1,0.8341013789176941,561,ai_giao_duc_0659_gemini-3.7-flash
0,0.9863945841789246,678,e4bc241384a4382a
1,0.8735178112983704,644,ai_kinh_te_0461_gemini-3.7-flash
0,1.029197096824646,768,af2515274b12e53e
0,0.9940119981765748,768,363469b70627e263
1,0.8661971688270569,686,ai_van_hoa_0408_GPT-5.6 Luna
1,0.9166666865348816,514,ai_kinh_te_0292_gemini-3.7-flash
1,0.8617021441459656,685,ai_xa_hoi_0203_GPT-5.6 Luna
0,0.9135802388191224,636,43a0c179e8758e41
1,0.8297872543334961,684,ai_van_hoa_0301_GPT-5.6 Luna
0,0.9817073345184326,768,e7ef511d2371cf11
0,0.9538461565971376,512,9304de63b6f00d9c
0,1.0,512,870d095e1dbe1db7
1,0.8848921060562134,686,ai_van_hoa_0435_GPT-5.6 Luna
0,1.0416666269302368,512,a2781d5fbb14b759
1,0.8666666746139526,530,ai_giao_duc_0160_gemini-3.7-flash
1,0.8401360511779785,684,ai_the_thao_0263_GPT-5.6 Luna
0,0.9128630757331848,549,f81d1b8069aec678
0,1.045918345451355,512,454be3924e6c408b
1,0.9230769276618958,494,ai_xa_hoi_0188_gemini-3.7-flash
0,0.9943820238113404,512,c6dfc5fc2d49df5c
0,0.9419642686843872,568,395af06d9e527764
1,0.8450704216957092,684,ai_van_hoa_0413_GPT-5.6 Luna
1,0.8410041928291321,531,ai_the_thao_0350_gemini-3.7-flash
0,0.8860759735107422,768,fb395c23f9ee2bb0
0,0.8523489832878113,599,51d51de9aa80c243
1,0.8952381014823914,595,ai_chinh_tri_0613_gemini-3.7-flash
1,0.8741258978843689,686,ai_xa_hoi_0148_GPT-5.6 Luna
1,0.8652482032775879,686,ai_van_hoa_0360_GPT-5.6 Luna
1,0.8865247964859009,686,ai_giao_duc_0486_GPT-5.6 Luna
1,0.925110161304474,599,ai_giao_duc_0813_gemini-3.7-flash
1,0.8401360511779785,684,ai_the_thao_0295_GPT-5.6 Luna
0,1.0220588445663452,629,461543e41a43f662
0,0.9375,689,c8d668f7b6a4d10e
0,1.0359711647033691,546,006f6b8c645a2975
0,1.0,533,e122d1f839c88b31
1,0.85447758436203,530,ai_kinh_te_0231_gemini-3.7-flash
0,0.9346405267715454,663,10f2436aefe0cf7e
0,0.9821428656578064,565,428d77941ce3fd02
1,0.9279661178588868,569,ai_xa_hoi_0757_gemini-3.7-flash
0,0.932835817337036,688,72122c4e35f14e2a
0,0.96875,512,41b393b89a09d2c4
0,1.0382165908813477,512,3d3b7365ad8106af
0,0.9075144529342652,533,c1d46f58079ca7e4
0,1.044871807098389,545,45eef225b3e51b9f
1,0.8410041928291321,531,ai_the_thao_0078_gemini-3.7-flash
0,1.014492750167847,579,e8e30961e3355866
1,0.9279661178588868,569,ai_xa_hoi_0117_gemini-3.7-flash
1,0.8804348111152649,686,ai_van_hoa_0052_GPT-5.6 Luna
0,0.9503816962242126,626,abe48aa9e69b5da6
0,1.0499999523162842,750,ca95b6e2f4dadbff
1,0.8423236608505249,517,ai_giao_duc_0574_gemini-3.7-flash
0,0.9794238805770874,685,3035d495a7109981
0,0.9563491940498352,768,711ef701318ead65
1,0.8759124279022217,684,ai_chinh_tri_0143_GPT-5.6 Luna
1,0.8925926089286804,684,ai_kinh_te_0204_GPT-5.6 Luna
0,0.9542483687400818,768,9ebe173526c5eac0
0,0.9722222089767456,512,65da8eb4b43b0a54
1,0.9230769276618958,494,ai_xa_hoi_0788_gemini-3.7-flash
0,0.951724112033844,512,8932a25d96640813
0,1.2732919454574585,544,1f50a4d921c645dc
1,0.8389830589294434,554,ai_the_thao_0375_gemini-3.7-flash
1,0.9404255151748656,533,ai_xa_hoi_0282_gemini-3.7-flash
1,0.8483412265777588,560,ai_giao_duc_0807_gemini-3.7-flash
1,0.8623188138008118,685,ai_chinh_tri_0199_GPT-5.6 Luna
1,0.8633093237876892,684,ai_the_thao_0192_GPT-5.6 Luna
0,0.9959183931350708,663,223eb10fef4d318a
1,0.867521345615387,600,ai_giao_duc_0297_gemini-3.7-flash
1,0.9279661178588868,569,ai_xa_hoi_0549_gemini-3.7-flash
1,0.8731883764266968,684,ai_giao_duc_0392_GPT-5.6 Luna
0,1.0785714387893677,512,111c6eff792707ed
0,1.0,633,dc3b92999d3cb607
1,0.9172932505607604,686,ai_giao_duc_0067_GPT-5.6 Luna
0,0.9820359349250792,768,f8f2682b5e0324f7
1,0.9135338068008424,684,ai_xa_hoi_0591_GPT-5.6 Luna
0,0.9765258431434632,768,49aca5b08f255bc1
1,0.8840579986572266,686,ai_giao_duc_0373_GPT-5.6 Luna
0,0.8683127760887146,768,f9249596733e1a54
1,0.8804348111152649,686,ai_xa_hoi_0741_GPT-5.6 Luna
1,0.8586207032203674,685,ai_chinh_tri_0164_GPT-5.6 Luna
0,1.033175349235535,644,8f828b7b1f7833e9
0,0.9446640610694884,733,57e35e89f9c1be2d
0,0.978723406791687,706,e300fb8329d96083
0,1.075187921524048,512,55ce3717d83e5a9b
0,0.9571428298950196,657,5e21b58360b54031
0,0.8825757503509521,512,e4f6d7abe7a88980
1,0.867521345615387,600,ai_giao_duc_0065_gemini-3.7-flash
0,1.0214592218399048,567,309e601ae6a84c5c
0,1.0253164768218994,634,faec545beec3e3b4
0,0.9959677457809448,677,d77a598186bef563
1,0.8888888955116272,518,ai_chinh_tri_0291_gemini-3.7-flash
1,0.912350594997406,515,ai_kinh_te_0488_gemini-3.7-flash
0,1.0594594478607178,768,7b7a50f0e8cc48cd
1,0.8607142567634583,684,ai_xa_hoi_0198_GPT-5.6 Luna
1,0.9279661178588868,569,ai_xa_hoi_0013_gemini-3.7-flash
1,0.8661971688270569,685,ai_the_thao_0118_GPT-5.6 Luna
1,0.8639705777168274,684,ai_giao_duc_0625_GPT-5.6 Luna
1,0.8695651888847351,686,ai_giao_duc_0532_GPT-5.6 Luna
0,0.9691358208656312,615,8ff587f79e2faf2e
0,0.9940476417541504,512,0766cd8e3cdd36f7
0,0.9923076629638672,768,3bc785cf7e1e25d8
1,0.8905109763145447,686,ai_giao_duc_0372_GPT-5.6 Luna
1,0.8472222089767456,686,ai_the_thao_0525_GPT-5.6 Luna
1,0.8617021441459656,685,ai_giao_duc_0232_GPT-5.6 Luna
0,0.956204354763031,768,03ed509943530921
0,1.066265106201172,504,a3092d496fe70dc6
0,0.971222996711731,512,12142dd531c8ac63
0,1.0765305757522583,690,c5f4cf4d84c1fc44
1,0.8360000252723694,557,ai_van_hoa_0187_gemini-3.7-flash
0,1.0,543,5da6771ab231594b
1,0.8804348111152649,684,ai_kinh_te_0183_GPT-5.6 Luna
1,0.8341013789176941,561,ai_giao_duc_0683_gemini-3.7-flash
0,1.0555555820465088,512,598e45284d9fd4d6
1,0.8617021441459656,685,ai_the_thao_0170_GPT-5.6 Luna
1,0.8731883764266968,684,ai_giao_duc_0632_GPT-5.6 Luna
0,0.9931507110595704,670,a2535c1ed3d19896
1,0.8723404407501221,686,ai_van_hoa_0658_GPT-5.6 Luna
0,1.0542986392974854,712,0efca4919a917498
0,0.8974359035491943,512,6b2c14eed757f5b4
0,0.9428571462631226,699,e9dec4187bc550d1
1,0.85447758436203,530,ai_kinh_te_0135_gemini-3.7-flash
0,1.0503597259521484,512,8e65565e63756c30
1,0.8541666865348816,686,ai_the_thao_0829_GPT-5.6 Luna
1,0.8617021441459656,686,ai_van_hoa_0433_GPT-5.6 Luna
1,0.8666666746139526,530,ai_giao_duc_0040_gemini-3.7-flash
0,1.0076923370361328,768,5d08fc439fc2e42f
0,1.0091323852539062,616,8192e8e1cd567ff0
1,0.8368055820465088,686,ai_xa_hoi_0626_GPT-5.6 Luna
0,0.9227467775344848,538,aaf555cc9dd77ec5
0,1.0275862216949463,768,799b1e83f5f59947
0,1.0544553995132446,642,90fcb866ff46e233
1,0.8341013789176941,561,ai_giao_duc_0515_gemini-3.7-flash
1,0.8426573276519775,684,ai_xa_hoi_0008_GPT-5.6 Luna
0,1.0377358198165894,768,6cc41f0ed46d35ef
1,0.8510638475418091,686,ai_kinh_te_0504_GPT-5.6 Luna
1,0.8515625,567,ai_kinh_te_0486_gemini-3.7-flash
0,1.0662251710891724,512,fa60c3d38a339ede
1,0.9383260011672974,551,ai_van_hoa_0134_gemini-3.7-flash
0,1.069869041442871,512,2b5478804cfe6c4b
1,0.8496503233909607,685,ai_van_hoa_0236_GPT-5.6 Luna
1,0.8884891867637634,686,ai_giao_duc_0287_GPT-5.6 Luna
1,0.8556337952613831,686,ai_kinh_te_0355_GPT-5.6 Luna
0,0.9936708807945251,512,a16857cfb5ec3a73
0,0.965384602546692,635,06e8f31209d628e3
1,0.8755555748939514,513,ai_chinh_tri_0559_gemini-3.7-flash
0,1.041176438331604,512,b0c4c38aeff67cba
1,0.8731883764266968,684,ai_kinh_te_0759_GPT-5.6 Luna
0,1.0303030014038086,725,ae19cc865128ef11
0,1.1082803010940552,693,f915e9506b429d0f
0,0.8603351712226868,768,816a3db5c22025ef
1,0.8439716100692749,684,ai_van_hoa_0373_GPT-5.6 Luna
1,0.84375,685,ai_van_hoa_0223_GPT-5.6 Luna
1,0.8607142567634583,687,ai_van_hoa_0420_GPT-5.6 Luna
0,0.935714304447174,512,2837b1591f253f71
0,0.9638554453849792,768,0b5fa6bc395a63cf
0,0.935251772403717,512,8609089c722d1648
1,0.8848921060562134,685,ai_kinh_te_0351_GPT-5.6 Luna
1,0.829365074634552,523,ai_the_thao_0632_gemini-3.7-flash
0,0.9508196711540222,768,6be94887690a19a1
0,0.9583333134651184,512,d9799825b6e08e4e
0,0.943319857120514,768,32b681062a297247
0,1.0,613,fcbaf305c0935033
0,1.063829779624939,758,40d646479ce2d3a6
1,0.8590308427810669,595,ai_the_thao_0153_gemini-3.7-flash
1,0.8500000238418579,686,ai_chinh_tri_0594_GPT-5.6 Luna
1,0.904411792755127,686,ai_giao_duc_0181_GPT-5.6 Luna
1,0.8767605423927307,686,ai_van_hoa_0378_GPT-5.6 Luna
1,0.8884891867637634,686,ai_kinh_te_0526_GPT-5.6 Luna
0,0.8589743375778198,551,9e8510d7a7dc174f
0,0.9598214030265808,524,0f48dfd997cc5f8a
1,0.8690476417541504,568,ai_kinh_te_0602_gemini-3.7-flash
1,0.829365074634552,523,ai_the_thao_0176_gemini-3.7-flash
0,1.0041322708129885,442,5034fefca58f61de
1,0.9037036895751952,684,ai_kinh_te_0772_GPT-5.6 Luna
1,0.9279661178588868,569,ai_xa_hoi_0357_gemini-3.7-flash
1,0.925110161304474,599,ai_giao_duc_0789_gemini-3.7-flash
0,0.917241394519806,562,6428f9faf04d38c7
1,0.8952381014823914,595,ai_chinh_tri_0501_gemini-3.7-flash
1,0.8991228342056274,565,ai_chinh_tri_0746_gemini-3.7-flash
1,0.8623188138008118,684,ai_chinh_tri_0719_GPT-5.6 Luna
0,1.0075187683105469,512,67e6afed5f5e5443
1,0.8571428656578064,685,ai_kinh_te_0101_GPT-5.6 Luna
0,0.99578058719635,768,c1b340c58a0d12a3
0,0.9602272510528564,512,9213030d0e83f5f2
0,0.9256756901741028,512,65c1bd589829db6a
1,0.8576642274856567,684,ai_van_hoa_0142_GPT-5.6 Luna
1,0.8515625,567,ai_kinh_te_0742_gemini-3.7-flash
1,0.9166666865348816,514,ai_kinh_te_0412_gemini-3.7-flash
0,1.0069444179534912,768,c508193c3373e03a
0,0.970802903175354,768,b30ea0f3f776c4cd
1,0.8978102207183838,686,ai_giao_duc_0243_GPT-5.6 Luna
0,1.032679796218872,768,5751c46066392bd5
1,0.8804348111152649,685,ai_xa_hoi_0001_GPT-5.6 Luna
1,0.9234449863433838,551,ai_xa_hoi_0731_gemini-3.7-flash
1,0.9531915187835692,531,ai_xa_hoi_0606_gemini-3.7-flash
1,0.9279661178588868,569,ai_xa_hoi_0709_gemini-3.7-flash
1,0.9242424368858336,596,ai_chinh_tri_0409_gemini-3.7-flash
0,1.0289855003356934,693,30e2af9de653d6f5
1,0.9531915187835692,531,ai_xa_hoi_0766_gemini-3.7-flash
0,1.2018349170684814,523,7cf689047482e4ee
1,0.9404255151748656,533,ai_xa_hoi_0178_gemini-3.7-flash
0,0.9880478382110596,512,feecae7c126f7afc
0,0.9034482836723328,512,d36f6001e8cde242
1,0.8738738894462585,530,ai_giao_duc_0324_gemini-3.7-flash
0,0.933920681476593,768,bf5bf7c2ab3c234c
0,0.9639639854431152,604,f28ef985c803756d
1,0.85447758436203,530,ai_kinh_te_0287_gemini-3.7-flash
1,0.9910714030265808,550,ai_van_hoa_0490_gemini-3.7-flash
1,0.9279661178588868,569,ai_xa_hoi_0125_gemini-3.7-flash
0,0.9935483932495116,552,9c0fe3ed69a72bd0
1,0.9227467775344848,570,ai_xa_hoi_0017_gemini-3.7-flash
1,0.8888888955116272,643,ai_kinh_te_0073_gemini-3.7-flash
0,1.004878044128418,622,d7cc8e5a27659fe0
1,0.8333333134651184,530,ai_kinh_te_0411_gemini-3.7-flash
1,0.8804348111152649,686,ai_xa_hoi_0381_GPT-5.6 Luna
1,0.9230769276618958,494,ai_xa_hoi_0644_gemini-3.7-flash
1,0.8453237414360046,684,ai_chinh_tri_0782_GPT-5.6 Luna
0,0.9879032373428344,532,9d9a23a76fa7830c
0,1.090909123420715,357,26b7c71418b21182
1,0.8823529481887817,686,ai_chinh_tri_0249_GPT-5.6 Luna
0,0.97265625,622,7ba50f3a951881bd
1,0.8496503233909607,686,ai_the_thao_0054_GPT-5.6 Luna
0,1.045161247253418,768,300009f786c4474e
1,0.875,686,ai_the_thao_0337_GPT-5.6 Luna
0,0.9848484992980956,552,2a3d4504fb3d9a04
1,0.8848921060562134,685,ai_kinh_te_0231_GPT-5.6 Luna
1,0.8556337952613831,686,ai_van_hoa_0025_GPT-5.6 Luna
0,1.0220588445663452,512,e18133b04a53ed91
0,0.9280303120613098,512,af03cf46d567693c
1,0.8391608595848083,684,ai_the_thao_0296_GPT-5.6 Luna
0,1.0974359512329102,512,9c6ce6407553bf4f
0,0.9957447052001952,512,612e59147402d08d
1,0.895652174949646,545,ai_chinh_tri_0632_gemini-3.7-flash
0,0.8949275612831116,705,0abe1fe13b414db3
0,0.9314285516738892,768,129e5f33ff6b4b1d
1,0.904411792755127,684,ai_kinh_te_0332_GPT-5.6 Luna
0,0.985401451587677,768,6403a67aa25606f3
1,0.8905109763145447,686,ai_chinh_tri_0681_GPT-5.6 Luna
1,0.9531915187835692,531,ai_xa_hoi_0086_gemini-3.7-flash
1,0.8546099066734314,686,ai_kinh_te_0763_GPT-5.6 Luna
0,0.9683544039726256,532,830b7561bdeeda0f
0,0.967479646205902,631,009f8b6d7c547a91
1,0.9383260011672974,551,ai_van_hoa_0238_gemini-3.7-flash
1,0.8389830589294434,554,ai_the_thao_0423_gemini-3.7-flash
1,0.8561151027679443,685,ai_van_hoa_0395_GPT-5.6 Luna
0,1.0,512,c872e84358387793
0,0.9436619877815248,634,55b3bebdf69054ba
1,0.8423236608505249,517,ai_giao_duc_0606_gemini-3.7-flash
0,0.9925925731658936,768,8835e4c9633939d6
0,0.9399999976158142,554,8b5a3ec283b467a9
0,1.039130449295044,512,3e352e9fb78ec3da
1,0.8821428418159485,686,ai_giao_duc_0230_GPT-5.6 Luna
1,0.8731883764266968,684,ai_chinh_tri_0063_GPT-5.6 Luna
1,0.886956512928009,596,ai_the_thao_0301_gemini-3.7-flash
1,0.8525179624557495,684,ai_xa_hoi_0272_GPT-5.6 Luna
0,0.9872340559959412,768,b60c1aaa95aac1b0
0,0.8911564350128174,512,bbd47852b02098e5
0,1.0343347787857056,670,15fde42fc431afbf
0,0.9769585132598876,768,bc374c672d900f73
0,0.962809920310974,512,876ddbeb7917fd61
0,1.0333333015441897,628,aedb095ab6bcd495
0,1.0138888359069824,642,f55fe731c253e73c
1,0.9242424368858336,596,ai_chinh_tri_0065_gemini-3.7-flash
1,0.8695651888847351,685,ai_xa_hoi_0739_GPT-5.6 Luna
0,0.9645669460296632,639,5c5d8130111dfdc0
1,0.8690476417541504,568,ai_kinh_te_0698_gemini-3.7-flash
1,0.8782608509063721,547,ai_van_hoa_0172_gemini-3.7-flash
0,0.9585492014884948,768,f35f45c49994aaee
1,0.89552241563797,684,ai_xa_hoi_0559_GPT-5.6 Luna
0,1.0330578088760376,681,0957a1e564d895ae
0,1.0044052600860596,538,5195018a02e0dc3f
1,0.9222221970558168,684,ai_kinh_te_0788_GPT-5.6 Luna
0,1.0828402042388916,768,f7291f76695e3c28
1,0.8865247964859009,686,ai_giao_duc_0006_GPT-5.6 Luna
1,0.8782608509063721,547,ai_van_hoa_0196_gemini-3.7-flash
0,0.93359375,602,e5368c782d5424ad
1,0.8741007447242737,685,ai_xa_hoi_0291_GPT-5.6 Luna
1,0.9230769276618958,494,ai_xa_hoi_0436_gemini-3.7-flash
1,0.8884891867637634,685,ai_giao_duc_0048_GPT-5.6 Luna
0,0.94140625,707,683d855dd6cbff2b
0,1.1034482717514038,594,b286c4ddc9b8d963
0,0.960629940032959,512,f35c86c8b4347d35
0,0.9921259880065918,546,d9df7e9045180dc4
0,0.9328063130378724,663,77dbf2ecbb71f717
1,0.8804348111152649,685,ai_chinh_tri_0761_GPT-5.6 Luna
0,1.0354609489440918,569,c3db7e7d6e4ede61
0,1.0081632137298584,655,5145563bc99c5a92
0,0.995192289352417,708,2a56ed2b01f9e582
1,0.8888888955116272,518,ai_chinh_tri_0435_gemini-3.7-flash
0,1.0,544,0feeda414edbf162
1,0.8515625,567,ai_kinh_te_0102_gemini-3.7-flash
0,0.9850746393203736,558,2fba34ebfb898283
1,0.9037036895751952,686,ai_giao_duc_0515_GPT-5.6 Luna
0,0.962616801261902,512,63eb1682ce9db60f
1,0.867521345615387,600,ai_giao_duc_0409_gemini-3.7-flash
0,1.014814853668213,577,9be17141c03eaa43
1,0.8450704216957092,685,ai_xa_hoi_0013_GPT-5.6 Luna
1,0.8759124279022217,685,ai_xa_hoi_0779_GPT-5.6 Luna
0,1.0283688306808472,512,c90cde782bda714d
1,0.828000009059906,529,ai_the_thao_0514_gemini-3.7-flash
1,0.8181818127632141,555,ai_van_hoa_0831_gemini-3.7-flash
0,0.939849615097046,667,e18113f872e75b21
0,0.9724137783050536,642,a81927bf18844b7f
1,0.8360000252723694,557,ai_van_hoa_0643_gemini-3.7-flash
0,0.9323671460151672,686,6c3f4f8d20c03029
1,0.8848921060562134,686,ai_xa_hoi_0309_GPT-5.6 Luna
0,0.9795918464660645,668,6eb17ba9f33f00e4
1,0.9166666865348816,514,ai_kinh_te_0636_gemini-3.7-flash
1,0.8690476417541504,568,ai_kinh_te_0818_gemini-3.7-flash
0,1.0070922374725342,670,da423fb5732d8441
0,1.0297871828079224,512,536d54c1e1611729
0,0.954081654548645,768,5ee842ed1af2f389
0,1.04453444480896,649,950a22d1bd5ffc78
0,1.103773593902588,544,532614416682baa9
0,0.9555555582046508,768,246e6c01d58a830e
1,0.8483412265777588,560,ai_giao_duc_0391_gemini-3.7-flash
1,0.9166666865348816,514,ai_kinh_te_0708_gemini-3.7-flash
0,0.967105269432068,608,d3682e6adb0918ee
1,0.8804348111152649,684,ai_chinh_tri_0352_GPT-5.6 Luna
0,0.9555555582046508,700,273ae7c0384c6f5f
0,1.179916262626648,512,1b7c4cbba788cae5
1,0.8735178112983704,644,ai_kinh_te_0725_gemini-3.7-flash
1,0.8410041928291321,531,ai_the_thao_0246_gemini-3.7-flash
1,0.8785714507102966,685,ai_kinh_te_0702_GPT-5.6 Luna
1,0.8253968358039856,557,ai_van_hoa_0003_gemini-3.7-flash
0,0.9071038365364076,654,c03090b3ec46aed6
1,0.8633093237876892,684,ai_chinh_tri_0735_GPT-5.6 Luna
1,0.9037036895751952,684,ai_giao_duc_0234_GPT-5.6 Luna
1,0.867521345615387,600,ai_giao_duc_0737_gemini-3.7-flash
1,0.8483412265777588,560,ai_giao_duc_0375_gemini-3.7-flash
0,1.037037014961243,623,ec04a72f2cdf76e1
0,0.9877049326896667,686,c84dd9127dc7a77f
1,0.8525179624557495,685,ai_chinh_tri_0654_GPT-5.6 Luna
1,0.8607142567634583,684,ai_xa_hoi_0678_GPT-5.6 Luna
0,0.9214285612106324,483,933875da3e9878b4
1,0.8697183132171631,686,ai_xa_hoi_0068_GPT-5.6 Luna
1,0.9531915187835692,531,ai_xa_hoi_0734_gemini-3.7-flash
1,0.8813559412956238,574,ai_van_hoa_0325_gemini-3.7-flash
0,0.9441340565681458,512,423a3726024b0680
0,1.0209205150604248,527,00226aa71344f5e9
1,0.8590308427810669,595,ai_the_thao_0681_gemini-3.7-flash
0,0.990338146686554,633,d58d0b7f7568ca4b
1,0.817829430103302,523,ai_the_thao_0816_gemini-3.7-flash
1,0.9166666865348816,514,ai_kinh_te_0124_gemini-3.7-flash
1,0.9383260011672974,551,ai_van_hoa_0414_gemini-3.7-flash
1,0.8735178112983704,644,ai_kinh_te_0821_gemini-3.7-flash
0,1.073059320449829,727,92fa02d9c2186c2d
0,0.9773755669593812,512,47200b4609766540
1,0.8410041928291321,531,ai_the_thao_0702_gemini-3.7-flash
0,1.011173129081726,736,d87a6f6a9d71570c
0,1.0222222805023191,526,fe5eb956a8c8748d
1,0.8423236608505249,517,ai_giao_duc_0246_gemini-3.7-flash
1,0.8695651888847351,685,ai_giao_duc_0260_GPT-5.6 Luna
0,0.9461538195610046,512,b36d2c22bdbccc52
0,0.9922480583190918,500,00874f06259f50ac
1,0.8905109763145447,686,ai_chinh_tri_0121_GPT-5.6 Luna
0,0.9777777791023254,768,29b727f7af340080
0,1.0438246726989746,602,7cbcadc2a897fe7d
1,0.886956512928009,596,ai_the_thao_0421_gemini-3.7-flash
1,0.9404255151748656,533,ai_xa_hoi_0410_gemini-3.7-flash
1,0.8423236608505249,517,ai_giao_duc_0310_gemini-3.7-flash
1,0.8978102207183838,686,ai_giao_duc_0419_GPT-5.6 Luna
1,0.8829787373542786,685,ai_the_thao_0106_GPT-5.6 Luna
0,1.003921627998352,768,2f6966ee2cac047b
1,0.8829787373542786,684,ai_van_hoa_0815_GPT-5.6 Luna
1,0.8601398468017578,684,ai_the_thao_0491_GPT-5.6 Luna
0,0.9917012453079224,608,f2742388c50f4f26
1,0.9910714030265808,550,ai_van_hoa_0130_gemini-3.7-flash
0,1.050420165061951,512,d7bf1c36fbdc7079
1,0.8952381014823914,595,ai_chinh_tri_0293_gemini-3.7-flash
0,1.0,679,c9d4a80483628828
0,1.0382978916168213,768,039beb68d8c8c586
1,0.8829787373542786,685,ai_the_thao_0658_GPT-5.6 Luna
1,0.8723404407501221,686,ai_xa_hoi_0053_GPT-5.6 Luna
0,0.9610389471054076,512,b8ae90a8b876066b
1,0.8731883764266968,685,ai_kinh_te_0437_GPT-5.6 Luna
0,0.9776119589805604,687,644d501934259aa6
0,1.0,623,a35bb5734dbfde10
1,0.8528138399124146,575,ai_van_hoa_0097_gemini-3.7-flash
1,0.8586956262588501,684,ai_kinh_te_0602_GPT-5.6 Luna
1,0.8804348111152649,686,ai_giao_duc_0300_GPT-5.6 Luna
1,0.8723404407501221,684,ai_the_thao_0635_GPT-5.6 Luna
0,0.9661017060279846,673,741a37300402ec97
0,0.92592591047287,640,d8fb5e5cacfb6750
1,0.9004328846931458,566,ai_chinh_tri_0486_gemini-3.7-flash
0,1.029850721359253,550,28328a9f1632e311
0,1.0303030014038086,512,bf7900d56965f3ad
1,0.9383260011672974,551,ai_van_hoa_0094_gemini-3.7-flash
0,1.0084388256072998,512,7f442cf7e39da569
1,0.828000009059906,529,ai_the_thao_0642_gemini-3.7-flash
0,1.101694941520691,512,023a1530ad257431
1,0.852173924446106,595,ai_the_thao_0769_gemini-3.7-flash
1,0.9230769276618958,494,ai_xa_hoi_0268_gemini-3.7-flash
1,0.829365074634552,523,ai_the_thao_0616_gemini-3.7-flash
0,0.9404761791229248,512,ab782e9968d11b56
1,0.8785714507102966,685,ai_the_thao_0018_GPT-5.6 Luna
1,0.902255654335022,684,ai_xa_hoi_0191_GPT-5.6 Luna
0,1.0779221057891846,560,b4e23a11d2ceba9c
0,0.8980891704559326,575,e42eacfff083e886
0,0.9929078221321106,768,20fef4dbe7f89b6e
0,1.0333333015441897,675,b51bc8efb75864ed
1,0.8860294222831726,684,ai_giao_duc_0473_GPT-5.6 Luna
0,1.158730149269104,578,b83c1da6e62c29b6
0,0.9637681245803832,768,3d923efd7600dcad
0,1.020161271095276,512,b92ba4daeef0ee01
1,0.8799999952316284,554,ai_the_thao_0371_gemini-3.7-flash
1,0.8483412265777588,560,ai_giao_duc_0431_gemini-3.7-flash
1,0.8576388955116272,686,ai_the_thao_0493_GPT-5.6 Luna
0,0.9876543283462524,512,54dc801d5c29b2b1
0,0.9709543585777284,549,603895775217680c
1,0.9404255151748656,533,ai_xa_hoi_0386_gemini-3.7-flash
1,0.8859649300575256,518,ai_giao_duc_0362_gemini-3.7-flash
1,0.9014084339141846,550,ai_xa_hoi_0519_gemini-3.7-flash
1,0.8785714507102966,685,ai_the_thao_0502_GPT-5.6 Luna
0,1.0181818008422852,505,39db31a9babd3c02
1,0.8848921060562134,685,ai_xa_hoi_0321_GPT-5.6 Luna
0,0.9793103337287904,637,1eba2f69a34dee92
1,0.8738738894462585,530,ai_giao_duc_0444_gemini-3.7-flash
1,0.8571428656578064,686,ai_kinh_te_0208_GPT-5.6 Luna
1,0.8840579986572266,684,ai_van_hoa_0390_GPT-5.6 Luna
0,1.0229357481002808,512,4bce2f9c259c4cd9
0,1.0376343727111816,512,30d375466fc0de76
1,0.8840579986572266,685,ai_chinh_tri_0501_GPT-5.6 Luna
0,0.8980891704559326,530,ad55b1037e98c155
1,0.8483412265777588,560,ai_giao_duc_0407_gemini-3.7-flash
0,1.0709220170974731,670,b9ed2ebb262a51e4
0,1.0545454025268557,512,8e8878fd48eeed1d
1,0.8840579986572266,684,ai_van_hoa_0750_GPT-5.6 Luna
0,1.0092592239379885,641,1b0ec22674d88fcc
0,1.0361990928649902,611,1815bbef1b34fb86
0,0.994252860546112,512,a7fae2cfdeb83060
1,0.8695651888847351,685,ai_xa_hoi_0529_GPT-5.6 Luna
0,0.9324894547462464,704,8016ab9c1103a631
0,0.9257425665855408,664,50fd3c8eac5768a2
1,0.8473895788192749,521,ai_the_thao_0284_gemini-3.7-flash
0,1.1351351737976074,755,2f9847a83db8cbb0
1,0.8731883764266968,684,ai_giao_duc_0272_GPT-5.6 Luna
0,0.9597989916801452,512,3e7c7a19b543a578
1,0.886956512928009,596,ai_the_thao_0589_gemini-3.7-flash
0,0.9555555582046508,512,c407f2a95d0f9c68
0,1.0243902206420898,633,9442c149c9a49e5b
1,0.8661971688270569,686,ai_xa_hoi_0034_GPT-5.6 Luna
1,0.8601398468017578,684,ai_chinh_tri_0068_GPT-5.6 Luna
0,1.349056601524353,512,a1a02693b436792f
1,0.9234449863433838,551,ai_xa_hoi_0179_gemini-3.7-flash
1,0.8782608509063721,547,ai_van_hoa_0724_gemini-3.7-flash
0,1.0197628736495972,512,82fb6d084d23d9b0
0,0.9637096524238586,670,d800cae7bf8a912e
0,1.0078125,512,d109ce606c1d88f1
1,0.8601398468017578,686,ai_the_thao_0237_GPT-5.6 Luna
0,0.9366196990013124,552,e0adfa45e73968cc
0,1.0487804412841797,512,eb217c7e1f9ff104
1,0.8916084170341492,686,ai_the_thao_0753_GPT-5.6 Luna
0,1.0047619342803955,505,ca824803f52feba7
0,1.1556886434555054,655,3a944abd60c94c3d
0,0.970588207244873,690,34f3ee94a9a3e7d8
0,0.9651162624359132,512,6c399890b67f305f
0,0.9380530714988708,716,1ae692f15629b08b
0,0.985185205936432,706,c244959fc958ffda
1,0.8410041928291321,531,ai_the_thao_0462_gemini-3.7-flash
0,0.9828571677207948,664,f382fb37d2e5b675
0,1.0801687240600586,580,47ec2fc08baa254f
0,0.8406593203544617,668,27f124b3f03337de
0,1.0112359523773191,751,922f4c672e156200
0,0.888059675693512,585,c3acd8ccd5fbf72d
0,0.91020405292511,507,d1a4689da36e8029
0,0.9205607771873474,734,182d429e6098030a
0,1.0675675868988037,512,144f7f19ccf81e4b
0,0.9720279574394226,512,1e9aedf39ac33671
1,0.8755555748939514,513,ai_chinh_tri_0031_gemini-3.7-flash
0,0.9543147087097168,768,ad57ceab0c0cff96
0,0.9745222926139832,768,d1dbd7a964e1dd70
0,0.9940476417541504,621,27b93a770d120b95
1,0.8333333134651184,685,ai_van_hoa_0609_GPT-5.6 Luna
0,0.9698275923728944,768,a138f50885159de7
0,0.932835817337036,530,681eaebaf26cd6c1
1,0.8528138399124146,575,ai_van_hoa_0233_gemini-3.7-flash
0,1.0041841268539429,512,84741cc7794186d7
1,0.8571428656578064,685,ai_chinh_tri_0399_GPT-5.6 Luna
0,1.0387930870056152,512,9b47613d54a2e45e
0,0.9580152630805968,512,855c3b80e5974d07
1,0.8723404407501221,685,ai_chinh_tri_0728_GPT-5.6 Luna
1,0.912350594997406,515,ai_kinh_te_0736_gemini-3.7-flash
1,0.8952381014823914,595,ai_chinh_tri_0773_gemini-3.7-flash
0,1.037593960762024,541,aeee62591fbf4493
1,0.895652174949646,545,ai_chinh_tri_0832_gemini-3.7-flash
0,0.842391312122345,768,553665dd012da4ce
1,0.8713235259056091,684,ai_giao_duc_0721_GPT-5.6 Luna
1,0.9004328846931458,566,ai_chinh_tri_0470_gemini-3.7-flash
1,0.895652174949646,545,ai_chinh_tri_0032_gemini-3.7-flash
1,0.8389830589294434,554,ai_the_thao_0711_gemini-3.7-flash
1,0.867521345615387,600,ai_giao_duc_0353_gemini-3.7-flash
1,0.8952381014823914,595,ai_chinh_tri_0373_gemini-3.7-flash
1,0.8713235259056091,684,ai_giao_duc_0297_GPT-5.6 Luna
1,0.9004328846931458,566,ai_chinh_tri_0694_gemini-3.7-flash
0,0.92948716878891,639,e40bbcf320310bd7
1,0.8341013789176941,561,ai_giao_duc_0163_gemini-3.7-flash
1,0.8531468510627747,686,ai_xa_hoi_0082_GPT-5.6 Luna
0,0.7287449240684509,768,bb49d0087a943876
1,0.8859649300575256,518,ai_giao_duc_0586_gemini-3.7-flash
0,0.9844961166381836,638,4e76c8061fbd52c1
1,0.8623188138008118,685,ai_van_hoa_0507_GPT-5.6 Luna
0,0.9354838728904724,700,472f76a9ac93442b
0,0.9369747638702391,341,c87fdf5498223334
1,0.8617021441459656,685,ai_van_hoa_0657_GPT-5.6 Luna
1,0.8387096524238586,529,ai_the_thao_0778_gemini-3.7-flash
0,0.957317054271698,512,6b206bfe77837746
1,0.8590308427810669,595,ai_the_thao_0713_gemini-3.7-flash
1,0.8510638475418091,685,ai_chinh_tri_0246_GPT-5.6 Luna
1,0.9910714030265808,550,ai_van_hoa_0386_gemini-3.7-flash
1,0.867521345615387,600,ai_giao_duc_0801_gemini-3.7-flash
0,0.9177489280700684,668,158cb6335186fafe
0,1.030075192451477,512,edee2645f84d5672
1,0.8546099066734314,686,ai_chinh_tri_0434_GPT-5.6 Luna
0,1.0497925281524658,595,7a5cd768aa3cf477
0,1.032467484474182,512,ec05ebc4795ee21d
1,0.829365074634552,523,ai_the_thao_0200_gemini-3.7-flash
0,1.0222222805023191,512,d3f4362ece5baa68
1,0.8731883764266968,686,ai_kinh_te_0672_GPT-5.6 Luna
0,1.0133333206176758,512,f3656ed1a25f09da
0,1.0526316165924072,631,e85c27bb8188c6ec
0,1.0138888359069824,512,f5668121a70e0754
0,0.8799999952316284,526,522e086f03c52193
0,0.9659863710403442,768,cf3d403301089308
0,0.9741935729980468,655,8c38a18d62a0eb96
0,0.9534883499145508,702,74e1da261c5e64b5
1,0.9404255151748656,533,ai_xa_hoi_0626_gemini-3.7-flash
1,0.8733624219894409,545,ai_chinh_tri_0380_gemini-3.7-flash
1,0.8623188138008118,686,ai_xa_hoi_0181_GPT-5.6 Luna
1,0.8848921060562134,685,ai_kinh_te_0598_GPT-5.6 Luna
0,0.932584285736084,540,a16323a6bc1c1245
0,1.0376569032669067,768,8f45a3ba2ce729d8
0,0.9722222089767456,768,f1fac810c485636f
1,0.8840579986572266,686,ai_giao_duc_0517_GPT-5.6 Luna
0,0.9510489702224731,768,a440a4b46825ef2e
1,0.8591549396514893,686,ai_van_hoa_0513_GPT-5.6 Luna
0,1.0223463773727417,512,ea3390cfaca1294f
0,0.991525411605835,561,6437716c3cc75ef4
1,0.817829430103302,523,ai_the_thao_0824_gemini-3.7-flash
1,0.8666666746139526,530,ai_giao_duc_0488_gemini-3.7-flash
1,0.925110161304474,599,ai_giao_duc_0005_gemini-3.7-flash
0,1.0,768,1725eb77996c2126
1,0.8758864998817444,685,ai_van_hoa_0495_GPT-5.6 Luna
0,1.0,572,1fad0120111a3140
1,0.9279661178588868,569,ai_xa_hoi_0469_gemini-3.7-flash
1,0.8464285731315613,685,ai_van_hoa_0187_GPT-5.6 Luna
1,0.8510638475418091,686,ai_kinh_te_0408_GPT-5.6 Luna
0,1.0191082954406738,627,e12d3a0510a9adb7
0,0.9728506803512572,768,c9ebce1608395708
1,0.8661971688270569,685,ai_the_thao_0070_GPT-5.6 Luna
1,0.8905109763145447,686,ai_chinh_tri_0801_GPT-5.6 Luna
0,0.9846153855323792,545,c7b407a961450178
0,0.9819819927215576,529,3c09b1af5d6f9085
1,0.8528138399124146,575,ai_van_hoa_0193_gemini-3.7-flash
1,0.8678571581840515,685,ai_chinh_tri_0471_GPT-5.6 Luna
0,0.96875,526,7b4a38c3cbc52c2e
0,1.0134228467941284,569,25c6913d6a2840dc
0,0.9836734533309937,665,01a5d6b15fdf7501
0,1.0165975093841553,512,7768a277b8595404
0,0.9824561476707458,552,308666cbd67c9350
1,0.886956512928009,596,ai_the_thao_0717_gemini-3.7-flash
0,0.9583333134651184,412,cd742ed065b265de
0,0.9598393440246582,605,1e9fcb150d9a81de
0,0.9166666865348816,704,9d468c67f0ef3719
0,0.9772727489471436,632,fc304c8a0b64b2d7
0,0.919708013534546,768,ad6a774755940ae3
0,1.0,654,0c971cee20d0c9ab
0,0.9354838728904724,512,706fab87fe6724e3
0,0.9326424598693848,512,d95bb606e13e6000
0,0.9925925731658936,768,8484411952c74d50
0,0.9444444179534912,581,2de1009476d3298b
0,0.979865789413452,533,3c0ca1bac44be8ae
0,0.9589040875434875,659,6c55c6fed1b451f0
1,0.8639705777168274,684,ai_giao_duc_0265_GPT-5.6 Luna
0,1.0133928060531616,608,ed67662f11dbd2de
0,1.216216206550598,521,f62cc35263b8db4d
1,0.912350594997406,515,ai_kinh_te_0632_gemini-3.7-flash
0,0.9811320900917052,768,c8dd01f6940b4e77
0,0.9904305934906006,653,cd23309deb1ffa15
1,0.9383260011672974,551,ai_van_hoa_0286_gemini-3.7-flash
1,0.895652174949646,545,ai_chinh_tri_0624_gemini-3.7-flash
0,1.029850721359253,539,7ce7ca0d8d0499fb
0,0.921739101409912,678,37aa0ab0dc65f3bd
1,0.8514492511749268,684,ai_kinh_te_0490_GPT-5.6 Luna
0,1.0482758283615112,668,9b22024ce9ac7105
1,0.9004328846931458,566,ai_chinh_tri_0518_gemini-3.7-flash
1,0.9014084339141846,550,ai_xa_hoi_0815_gemini-3.7-flash
0,0.9776785969734192,538,2afb701a07736586
0,0.9470587968826294,520,d704c9ca0e03bb87
0,1.047619104385376,768,44a736903763e4ec
1,0.8333333134651184,530,ai_kinh_te_0275_gemini-3.7-flash
0,1.051948070526123,657,4613536213c56ee7
0,0.9883720874786376,768,c2ccfb2e644d1bae
1,0.8991228342056274,565,ai_chinh_tri_0138_gemini-3.7-flash
1,0.8546099066734314,684,ai_van_hoa_0346_GPT-5.6 Luna
0,0.9871794581413268,663,d057d46a2d101b5a
0,1.0387096405029297,509,35e64265a6360d4f
1,0.8873239159584045,686,ai_the_thao_0553_GPT-5.6 Luna
1,0.8623188138008118,684,ai_chinh_tri_0295_GPT-5.6 Luna
0,0.9928571581840516,554,f32b0fbd3dec9343
0,1.1111111640930176,523,dccc5ab53c1fc256
0,0.855614960193634,611,690bfedd75fdcae5
1,0.9004328846931458,566,ai_chinh_tri_0110_gemini-3.7-flash
0,1.0724637508392334,512,fefb0f987497b24d
0,0.957446813583374,768,f4231eff8d91ee1a
1,0.9404255151748656,533,ai_xa_hoi_0202_gemini-3.7-flash
1,0.8607142567634583,684,ai_giao_duc_0200_GPT-5.6 Luna
1,0.8333333134651184,685,ai_van_hoa_0729_GPT-5.6 Luna
0,1.04453444480896,512,279a08e6b3d717f9
0,0.9485294222831726,570,348113552d6dd323
1,0.8556337952613831,685,ai_van_hoa_0634_GPT-5.6 Luna
1,0.8515625,567,ai_kinh_te_0286_gemini-3.7-flash
1,0.8666666746139526,530,ai_giao_duc_0104_gemini-3.7-flash
1,0.8738738894462585,530,ai_giao_duc_0412_gemini-3.7-flash
1,0.866906464099884,685,ai_xa_hoi_0161_GPT-5.6 Luna
0,1.037037014961243,512,3ecf36d13b8f64f4
0,1.0316455364227295,512,a48947b36547b8f8
1,0.866906464099884,684,ai_van_hoa_0534_GPT-5.6 Luna
0,0.9502074718475342,768,d10f2087839b5602
1,0.8515625,567,ai_kinh_te_0550_gemini-3.7-flash
0,0.9754098653793336,512,8a3593b23b5f0afe
0,1.006802678108215,512,c2da75a9c6f4e7bb
0,0.9490445852279664,768,c7a39f6034c812aa
1,0.8633093237876892,684,ai_chinh_tri_0015_GPT-5.6 Luna
0,0.948616623878479,768,ecd8821566e2e1cd
0,1.090909123420715,501,fdcd33b2b09a1113
1,0.8485915660858154,685,ai_van_hoa_0082_GPT-5.6 Luna
1,0.9230769276618958,494,ai_xa_hoi_0524_gemini-3.7-flash
0,1.0273972749710083,501,d2e6342ab57046da
1,0.9222221970558168,685,ai_kinh_te_0196_GPT-5.6 Luna
0,0.9230769276618958,768,05f94c76c8b47bfd
0,0.8883720636367798,768,9db616b8dd571c24
0,0.995192289352417,768,1b3c7a39f171adf2
1,0.8541666865348816,686,ai_the_thao_0314_GPT-5.6 Luna
0,1.0225988626480105,701,2e84c56de4947070
1,0.9242424368858336,596,ai_chinh_tri_0401_gemini-3.7-flash
0,1.023809552192688,659,1f2f9c48ac6ae2ee
1,0.9531915187835692,531,ai_xa_hoi_0670_gemini-3.7-flash
0,0.9350649118423462,768,c9a426dc1c197466
1,0.8860294222831726,684,ai_giao_duc_0298_GPT-5.6 Luna
0,1.0242424011230469,736,c2e35de023de359b
0,0.985401451587677,768,66c611b148443e81
0,0.9666666388511658,690,83615ea49af87fef
1,0.8652482032775879,685,ai_the_thao_0286_GPT-5.6 Luna
0,1.1266666650772097,723,658662e2f286e237
0,1.0431654453277588,512,ac99abde9028bf41
0,0.887445867061615,512,4f61cb4a93c30d7a
1,0.8848921060562134,686,ai_xa_hoi_0549_GPT-5.6 Luna
1,0.8813559412956238,574,ai_van_hoa_0525_gemini-3.7-flash
1,0.8485915660858154,685,ai_van_hoa_0442_GPT-5.6 Luna
1,0.8741007447242737,686,ai_giao_duc_0276_GPT-5.6 Luna
1,0.8410041928291321,531,ai_the_thao_0062_gemini-3.7-flash
0,0.8905472755432129,567,a5402e959e057ba8
1,0.8952381014823914,595,ai_chinh_tri_0589_gemini-3.7-flash
1,0.828000009059906,529,ai_the_thao_0170_gemini-3.7-flash
1,0.8514492511749268,684,ai_kinh_te_0082_GPT-5.6 Luna
1,0.8472222089767456,685,ai_kinh_te_0585_GPT-5.6 Luna
1,0.8601398468017578,686,ai_van_hoa_0808_GPT-5.6 Luna
1,0.8510638475418091,685,ai_van_hoa_0457_GPT-5.6 Luna
1,0.9111111164093018,684,ai_giao_duc_0194_GPT-5.6 Luna
0,1.0227272510528564,522,3d9f333371c031f9
0,1.0204081535339355,503,1eeff7668bacc057
0,1.020689606666565,507,5928d2d1b9be0d09
1,0.8586956262588501,684,ai_van_hoa_0094_GPT-5.6 Luna
1,0.8731883764266968,684,ai_xa_hoi_0432_GPT-5.6 Luna
0,1.0538461208343506,648,3d92995264aae8bd
1,0.8706293702125549,686,ai_xa_hoi_0772_GPT-5.6 Luna
0,0.9929577708244324,434,a6e61469518c458c
0,0.9011857509613036,768,db404326395ba2c2
1,0.8776978254318237,685,ai_kinh_te_0654_GPT-5.6 Luna
0,1.0117647647857666,768,9081550d5a979c53
1,0.8804348111152649,686,ai_van_hoa_0412_GPT-5.6 Luna
0,0.9661017060279846,768,1ca5f2a81da6c0fe
1,0.8617021441459656,685,ai_kinh_te_0573_GPT-5.6 Luna
1,0.867521345615387,600,ai_giao_duc_0153_gemini-3.7-flash
1,0.8690476417541504,568,ai_kinh_te_0050_gemini-3.7-flash
1,0.8821428418159485,686,ai_giao_duc_0326_GPT-5.6 Luna
1,0.902255654335022,684,ai_xa_hoi_0671_GPT-5.6 Luna
1,0.8601398468017578,684,ai_van_hoa_0791_GPT-5.6 Luna
1,0.8633093237876892,684,ai_van_hoa_0798_GPT-5.6 Luna
1,0.8582996129989624,521,ai_the_thao_0828_gemini-3.7-flash
1,0.8652482032775879,684,ai_the_thao_0320_GPT-5.6 Luna
1,0.8424657583236694,685,ai_chinh_tri_0436_GPT-5.6 Luna
1,0.9383260011672974,551,ai_van_hoa_0470_gemini-3.7-flash
0,1.0,583,4af8a9ca39a9dc94
0,0.9248826503753662,768,b72dabdfee139131
0,1.0208333730697632,703,4fa377a3edf3afcb
0,0.9299362897872924,512,86c06a1f17b50fcc
1,0.8723404407501221,685,ai_giao_duc_0088_GPT-5.6 Luna
0,0.9829787015914916,768,4f7485a3d2ac0752
1,0.8758864998817444,686,ai_van_hoa_0458_GPT-5.6 Luna
0,0.9539749026298524,613,7afe9d615dd8dc91
0,1.02400004863739,684,714e7711c2997e90
1,0.8333333134651184,530,ai_kinh_te_0427_gemini-3.7-flash
0,0.9849624037742616,512,01fd9df9da926af8
1,0.8695651888847351,684,ai_giao_duc_0056_GPT-5.6 Luna
1,0.8391608595848083,684,ai_xa_hoi_0160_GPT-5.6 Luna
0,1.046153903007507,512,05466d40a68eb43f
0,1.0112359523773191,512,cd47f99f76bcfcbe
1,0.8666666746139526,530,ai_giao_duc_0208_gemini-3.7-flash
0,0.9857142567634584,512,7530ecdbc8439bc6
0,0.985185205936432,675,c2a05108ccac12aa
0,1.0210970640182495,648,650c27303e65df77
1,0.8916084170341492,686,ai_the_thao_0353_GPT-5.6 Luna
0,1.0136054754257202,676,8e4f8520c0e87a66
0,1.024271845817566,512,f8f28cbdc23746de
0,0.9675324559211732,512,3b6775cc5a7ea6df
0,0.9878542423248292,768,0bacc92d4c8f0826
1,0.828000009059906,529,ai_the_thao_0626_gemini-3.7-flash
1,0.8678571581840515,686,ai_chinh_tri_0066_GPT-5.6 Luna
0,0.969924807548523,768,1a8563203e93d401
0,1.106870174407959,768,e89cfb5247e44892
1,0.8865247964859009,686,ai_giao_duc_0494_GPT-5.6 Luna
1,0.85447758436203,530,ai_kinh_te_0055_gemini-3.7-flash
1,0.89552241563797,684,ai_xa_hoi_0751_GPT-5.6 Luna
0,0.957446813583374,768,3b497c0e68fa9150
0,1.039370059967041,582,b2140a49c32253f3
0,0.9833333492279052,657,daeac824f9c4d124
1,0.8690476417541504,568,ai_kinh_te_0402_gemini-3.7-flash
1,0.8666666746139526,530,ai_giao_duc_0824_gemini-3.7-flash
0,1.085714340209961,512,6fd1505b1d2f9861
1,0.9404255151748656,533,ai_xa_hoi_0578_gemini-3.7-flash
1,0.8652482032775879,684,ai_van_hoa_0127_GPT-5.6 Luna
0,0.934108555316925,512,c52cebb651da46b4
0,0.9333333373069764,575,ad74a7be935029cf
1,0.8590308427810669,595,ai_the_thao_0097_gemini-3.7-flash
0,0.8722627758979797,768,27a11f917eb203df
1,0.867521345615387,600,ai_giao_duc_0273_gemini-3.7-flash
0,1.045454502105713,768,48ddfcb2184f715a
0,0.9285714030265808,512,d2d78121cef2fba5
1,0.895652174949646,545,ai_chinh_tri_0056_gemini-3.7-flash
1,0.875,684,ai_giao_duc_0065_GPT-5.6 Luna
1,0.8888888955116272,643,ai_kinh_te_0665_gemini-3.7-flash
0,1.0409835577011108,513,2f8c4045b4061f9c
0,0.95703125,665,884533da305750ac
0,0.994350254535675,768,b90a06af9c1e7c8c
1,0.8840579986572266,684,ai_chinh_tri_0677_GPT-5.6 Luna
0,1.118644118309021,512,2c7089d3476cf16c
1,0.8586956262588501,684,ai_kinh_te_0810_GPT-5.6 Luna
0,0.9722222089767456,618,b84b69f5b76fad1a
0,1.0629920959472656,560,e72f88f55e31b78f
1,0.8859649300575256,518,ai_giao_duc_0682_gemini-3.7-flash
1,0.8905109763145447,684,ai_kinh_te_0567_GPT-5.6 Luna
0,0.995370388031006,543,6677f8b42175db7e
0,0.9933775067329408,555,d0a32f94289b2876
0,0.9591836929321288,768,1047a7d77fc29fc6
1,0.8829787373542786,686,ai_giao_duc_0510_GPT-5.6 Luna
1,0.8821428418159485,685,ai_the_thao_0092_GPT-5.6 Luna
0,0.909604549407959,512,38358f88524a6d41
1,0.8525179624557495,684,ai_chinh_tri_0350_GPT-5.6 Luna
1,0.8345070481300354,684,ai_xa_hoi_0176_GPT-5.6 Luna
1,0.8531468510627747,685,ai_xa_hoi_0738_GPT-5.6 Luna
0,0.949367105960846,768,9803624046c87c05
0,1.078048825263977,512,33a6c51e746f2ea8
1,0.8888888955116272,643,ai_kinh_te_0609_gemini-3.7-flash
1,0.867521345615387,600,ai_giao_duc_0537_gemini-3.7-flash
0,0.9555555582046508,768,b54ed08cd75a7399
1,0.9166666865348816,514,ai_kinh_te_0020_gemini-3.7-flash
0,1.0151515007019043,512,239454c10485bc40
1,0.8785714507102966,685,ai_the_thao_0382_GPT-5.6 Luna
1,0.8607142567634583,686,ai_xa_hoi_0245_GPT-5.6 Luna
0,1.021857976913452,768,febf027078cb0ffa
0,1.004366755485535,171,5d2c7b599a15340e
0,1.0466666221618652,512,43d5044830fd9ea2
1,0.9230769276618958,494,ai_xa_hoi_0548_gemini-3.7-flash
0,1.03804349899292,768,94cc1a911f3a8a53
1,0.8952381014823914,595,ai_chinh_tri_0821_gemini-3.7-flash
1,0.8697183132171631,686,ai_xa_hoi_0308_GPT-5.6 Luna
0,0.951127827167511,512,2be0694c4327d840
0,0.9504132270812988,745,f2beccbbfd58bc77
0,0.925000011920929,560,9880d123f546f90c
0,0.9807692170143129,768,c9154328a23de682
0,0.949999988079071,562,2d7687a54fc6912f
1,0.8510638475418091,686,ai_kinh_te_0144_GPT-5.6 Luna
0,0.9801324605941772,768,ff57944110bad7c3
1,0.817829430103302,523,ai_the_thao_0808_gemini-3.7-flash
1,0.8389830589294434,554,ai_the_thao_0647_gemini-3.7-flash
0,1.0,657,d010d429246d50d2
1,0.8576388955116272,686,ai_the_thao_0253_GPT-5.6 Luna
0,0.8930232524871826,597,4c04a2ec7e32d956
0,0.9743589758872986,629,5f0c7d15a8247128
0,0.9578059315681458,644,deb3f5e2a9b543c6
0,0.98353910446167,768,c9fb4aebf6ab0457
1,0.8531468510627747,687,ai_van_hoa_0708_GPT-5.6 Luna
1,0.9234449863433838,551,ai_xa_hoi_0459_gemini-3.7-flash
0,1.0,661,a69a68d910b8c923
1,0.8510638475418091,686,ai_xa_hoi_0397_GPT-5.6 Luna
0,0.978102207183838,687,9c3e1f17faf600e3
1,0.8713235259056091,685,ai_chinh_tri_0209_GPT-5.6 Luna
0,0.9922480583190918,634,809d19e02cbc41c5
0,1.046875,512,732f279ac1939efd
0,1.046875,719,3ff76c8ad94970e2
0,0.9945945739746094,512,f7523280805ed73f
0,1.0067567825317385,768,4ff79e6f250fa614
0,1.0243902206420898,512,db0fe4dd64387db7
0,1.106598973274231,646,50a24e55f371f52d
0,0.9895287752151488,635,d56b2aa5cb8e31cb
0,0.9612902998924256,649,2647a056a5ffa867
1,0.8952381014823914,595,ai_chinh_tri_0317_gemini-3.7-flash
1,0.8576388955116272,685,ai_the_thao_0076_GPT-5.6 Luna
0,0.908450722694397,642,497e800580c770ca
1,0.8354430198669434,554,ai_the_thao_0783_gemini-3.7-flash
1,0.8341013789176941,561,ai_giao_duc_0323_gemini-3.7-flash
0,1.017167329788208,768,6bf61e7992865071
1,0.8731883764266968,684,ai_van_hoa_0190_GPT-5.6 Luna
1,0.8723404407501221,686,ai_xa_hoi_0293_GPT-5.6 Luna
1,0.8690476417541504,568,ai_kinh_te_0658_gemini-3.7-flash
0,0.9713114500045776,657,93abe6c2a3df05db
1,0.912350594997406,515,ai_kinh_te_0752_gemini-3.7-flash
1,0.8755555748939514,513,ai_chinh_tri_0415_gemini-3.7-flash
0,0.9793388247489928,512,2255ba192a23044c
1,0.8531468510627747,687,ai_van_hoa_0228_GPT-5.6 Luna
1,0.8590308427810669,595,ai_the_thao_0009_gemini-3.7-flash
0,0.8976744413375854,650,fc6931512d8295ab
1,0.9188033938407898,550,ai_van_hoa_0010_gemini-3.7-flash
0,1.0617283582687378,512,d488eb2af9056032
0,1.02400004863739,531,7c1bee2e85d062be
0,1.0270270109176636,695,dd8f079bf77efaf5
0,1.0384615659713743,512,baec8ca8523d7dce
0,1.1193416118621826,547,973fb13d94924341
0,0.9847328066825868,768,ba678424075c401d
0,1.0523560047149658,768,21aa8a54a62d584e
1,0.8799999952316284,554,ai_the_thao_0179_gemini-3.7-flash
0,1.0845069885253906,507,95e93f0fde3281a8
0,0.9770992398262024,768,a6c56e736d8e7647
1,0.8690476417541504,568,ai_kinh_te_0554_gemini-3.7-flash
0,0.9305555820465088,768,ae5b482b5f5af19b
1,0.8758864998817444,686,ai_van_hoa_0050_GPT-5.6 Luna
0,1.2336448431015017,543,3e249a18f3914956
0,0.884393036365509,626,f260c2d20b1f1a4b
0,1.007299304008484,512,fdf66f2d45b8a9b8
1,0.8888888955116272,643,ai_kinh_te_0577_gemini-3.7-flash
1,0.8633093237876892,684,ai_chinh_tri_0207_GPT-5.6 Luna
1,0.8666666746139526,530,ai_giao_duc_0296_gemini-3.7-flash
0,1.0,687,6447aa49d8587285
1,0.912350594997406,515,ai_kinh_te_0048_gemini-3.7-flash
1,0.8472222089767456,685,ai_van_hoa_0434_GPT-5.6 Luna
1,0.8607142567634583,684,ai_xa_hoi_0078_GPT-5.6 Luna
1,0.8758864998817444,685,ai_the_thao_0219_GPT-5.6 Luna
0,1.0068964958190918,768,5b0a7644588a6082
1,0.8483412265777588,560,ai_giao_duc_0687_gemini-3.7-flash
0,0.9693251252174376,512,eb6a67038e4835f7
1,0.9383260011672974,551,ai_van_hoa_0382_gemini-3.7-flash
0,0.96875,604,0cd1245886a96ce4
1,0.9004328846931458,566,ai_chinh_tri_0278_gemini-3.7-flash
0,0.9806201457977296,605,995a90c0fc1d146e
1,0.8528138399124146,575,ai_van_hoa_0617_gemini-3.7-flash
0,0.9752066135406494,512,ca2363456dd303cd
1,0.8840579986572266,685,ai_kinh_te_0227_GPT-5.6 Luna
0,1.0729926824569702,542,f83b681911b69245
1,0.8795620203018188,684,ai_kinh_te_0047_GPT-5.6 Luna
1,0.9242424368858336,596,ai_chinh_tri_0737_gemini-3.7-flash
0,1.0163934230804443,768,04251cb1e5033bb8
0,0.9575471878051758,768,1ee6f42e3296fa7d
0,0.9856114983558656,682,82746404d8516bf8
0,0.9265305995941162,512,fbcb9291a4101208
0,1.0288065671920776,652,70250382b690106f
0,0.97183096408844,768,c090a901e0161696
1,0.8473895788192749,521,ai_the_thao_0372_gemini-3.7-flash
1,0.9004328846931458,566,ai_chinh_tri_0502_gemini-3.7-flash
1,0.8541666865348816,686,ai_the_thao_0453_GPT-5.6 Luna
1,0.8804348111152649,686,ai_giao_duc_0660_GPT-5.6 Luna
0,0.970588207244873,673,10f9948d0fb37543
1,0.8546099066734314,687,ai_van_hoa_0340_GPT-5.6 Luna
0,0.9629629850387572,576,bc8fe777699103ea
0,0.9928571581840516,768,a4e3b3736dec7ec3
0,0.9440559148788452,768,21c403bc83b2f542
0,1.0055866241455078,512,5697f09ed1329dd2
0,0.9607843160629272,553,2290983fe14211a5
1,0.8782608509063721,547,ai_van_hoa_0380_gemini-3.7-flash
0,1.105263113975525,693,c72bf7b8c5d4a0bf
1,0.8546099066734314,686,ai_chinh_tri_0003_GPT-5.6 Luna
0,0.936170220375061,512,c59066f62574bf22
0,0.9621211886405944,512,6e7fa587c50b4056
1,0.925110161304474,599,ai_giao_duc_0709_gemini-3.7-flash
1,0.8970588445663452,684,ai_kinh_te_0460_GPT-5.6 Luna
0,0.887417197227478,768,fe5fdd39e14537a5
1,0.9230769276618958,494,ai_xa_hoi_0708_gemini-3.7-flash
1,0.925110161304474,599,ai_giao_duc_0765_gemini-3.7-flash
1,0.886956512928009,596,ai_the_thao_0021_gemini-3.7-flash
1,0.8888888955116272,643,ai_kinh_te_0745_gemini-3.7-flash
0,0.958646595478058,684,717b8d91490e8b35
1,0.8999999761581421,684,ai_kinh_te_0372_GPT-5.6 Luna
1,0.8731883764266968,686,ai_giao_duc_0460_GPT-5.6 Luna
0,0.9881889820098876,637,16a05bc5fd51f2ce
0,0.95783132314682,512,9eb28fca7aadcca3
0,1.090395450592041,544,81487f97cac5d281
1,0.8666666746139526,530,ai_giao_duc_0280_gemini-3.7-flash
1,0.8738738894462585,530,ai_giao_duc_0236_gemini-3.7-flash
0,0.9189189076423644,595,ed554c83c1989e59
1,0.8799999952316284,554,ai_the_thao_0291_gemini-3.7-flash
0,1.0278884172439575,768,1056dd15181fea8b
1,0.8690476417541504,568,ai_kinh_te_0730_gemini-3.7-flash
1,0.8423236608505249,517,ai_giao_duc_0382_gemini-3.7-flash
1,0.8181818127632141,555,ai_van_hoa_0807_gemini-3.7-flash
0,0.9722222089767456,719,67467a449a15e810
0,1.0355029106140137,626,64f339a8cf97d20c
0,1.0078125,559,fe0645401553bcad
1,0.85447758436203,530,ai_kinh_te_0543_gemini-3.7-flash
0,0.8860294222831726,602,be61627ae52f788d
0,1.106382966041565,512,dfc440abfdd81aef
1,0.8661971688270569,685,ai_the_thao_0670_GPT-5.6 Luna
1,0.8333333134651184,530,ai_kinh_te_0147_gemini-3.7-flash
1,0.8410041928291321,531,ai_the_thao_0150_gemini-3.7-flash
0,1.012295126914978,768,549dce9ecbaf82cb
1,0.8690476417541504,568,ai_kinh_te_0242_gemini-3.7-flash
1,0.8531468510627747,686,ai_xa_hoi_0002_GPT-5.6 Luna
1,0.9067164063453674,684,ai_giao_duc_0642_GPT-5.6 Luna
0,1.0289855003356934,512,41eb11089f1114ad
0,0.9200000166893004,677,09b0f08205a6c10f
0,0.9444444179534912,768,0f28cee6707d590d
1,0.9004328846931458,566,ai_chinh_tri_0286_gemini-3.7-flash
1,0.8905109763145447,684,ai_kinh_te_0228_GPT-5.6 Luna
0,0.9800000190734864,512,1b2d3cc5b730b9a1
1,0.8528138399124146,575,ai_van_hoa_0761_gemini-3.7-flash
0,1.0490195751190186,664,6ca5217cfe097409
1,0.8799999952316284,554,ai_the_thao_0587_gemini-3.7-flash
1,0.8571428656578064,685,ai_kinh_te_0461_GPT-5.6 Luna
1,0.8723404407501221,685,ai_giao_duc_0264_GPT-5.6 Luna
0,0.9265305995941162,512,cae3a98affc01295
0,1.0,508,f49c2f3dba659603
1,0.8680555820465088,686,ai_the_thao_0489_GPT-5.6 Luna
0,0.9862385392189026,533,57f89db3c861165b
0,1.0893855094909668,768,541af2aaef24e672
1,0.8733624219894409,545,ai_chinh_tri_0412_gemini-3.7-flash
0,0.993333339691162,686,3018a5fce1a35985
1,0.8840579986572266,686,ai_giao_duc_0311_GPT-5.6 Luna
0,0.985185205936432,666,36ee972d011d7e8c
1,0.8391608595848083,684,ai_xa_hoi_0280_GPT-5.6 Luna
0,1.0,512,f65709bbb3cbae75
1,0.8888888955116272,643,ai_kinh_te_0001_gemini-3.7-flash
1,0.8485915660858154,685,ai_van_hoa_0576_GPT-5.6 Luna
1,0.8695651888847351,684,ai_the_thao_0427_GPT-5.6 Luna
0,0.9816513657569884,512,950d1fda63f0b6f4
0,0.9929078221321106,519,98ad7eee94258047
1,0.9004328846931458,566,ai_chinh_tri_0478_gemini-3.7-flash
0,1.034313678741455,684,5b131c6700c4cb2c
1,0.8607142567634583,685,ai_xa_hoi_0449_GPT-5.6 Luna
0,1.0465116500854492,768,c5712b7ba834cf44
0,0.9682539701461792,502,eefd33d775cce1a3
1,0.895652174949646,545,ai_chinh_tri_0400_gemini-3.7-flash
0,0.991769552230835,512,4cb8fd38fac51e81
1,0.8731883764266968,686,ai_chinh_tri_0224_GPT-5.6 Luna
1,0.8799999952316284,554,ai_the_thao_0171_gemini-3.7-flash
1,0.8952381014823914,595,ai_chinh_tri_0605_gemini-3.7-flash
1,0.8321917653083801,684,ai_chinh_tri_0660_GPT-5.6 Luna
1,0.8804348111152649,686,ai_kinh_te_0469_GPT-5.6 Luna
1,0.9227467775344848,570,ai_xa_hoi_0769_gemini-3.7-flash
0,0.8814433217048645,652,eb7a3433ddfaca28
1,0.8546099066734314,686,ai_van_hoa_0304_GPT-5.6 Luna
0,1.0551180839538574,534,4065fd906f7eebc9
1,0.8368055820465088,685,ai_kinh_te_0305_GPT-5.6 Luna
0,1.1189427375793457,512,afba586097842264
0,1.0,547,c0e027d65b9c1c9d
0,0.9779411554336548,768,69ae84c370451d14
1,0.8401360511779785,684,ai_the_thao_0367_GPT-5.6 Luna
1,0.8546099066734314,686,ai_chinh_tri_0554_GPT-5.6 Luna
1,0.8531468510627747,687,ai_van_hoa_0828_GPT-5.6 Luna
0,0.9754098653793336,615,0ffb0abf99f60dae
1,0.867521345615387,600,ai_giao_duc_0657_gemini-3.7-flash
0,1.026178002357483,550,acb62f200aa2f02b
1,0.8636363744735718,684,ai_van_hoa_0831_GPT-5.6 Luna
1,0.8590308427810669,595,ai_the_thao_0089_gemini-3.7-flash
1,0.8785714507102966,685,ai_the_thao_0738_GPT-5.6 Luna
0,0.942148745059967,657,59a1a12a846ea173
0,0.9586206674575806,768,06d522e2a7993ce9
0,1.092307686805725,670,579f5d1058ab2518
1,0.8483412265777588,560,ai_giao_duc_0087_gemini-3.7-flash
0,0.9937888383865356,517,92fd0409dce3d22e
0,0.9858155846595764,768,36fd28d2c10ba62c
1,0.8695651888847351,686,ai_giao_duc_0172_GPT-5.6 Luna
0,0.9432623982429504,768,4392ecbea50114c1
0,1.017167329788208,655,82b879d9bff9fe00
0,0.9850746393203736,703,03821305c59117bc
1,0.886956512928009,596,ai_the_thao_0661_gemini-3.7-flash
1,0.8510638475418091,685,ai_van_hoa_0779_GPT-5.6 Luna
0,1.0191082954406738,512,05dd30db61e06868
1,0.8623188138008118,686,ai_xa_hoi_0661_GPT-5.6 Luna
1,0.8473895788192749,521,ai_the_thao_0324_gemini-3.7-flash
1,0.8617021441459656,684,ai_van_hoa_0402_GPT-5.6 Luna
0,0.99319726228714,512,e521c5a6f6588547
1,0.8678571581840515,686,ai_van_hoa_0235_GPT-5.6 Luna
1,0.8633093237876892,686,ai_chinh_tri_0634_GPT-5.6 Luna
1,0.8823529481887817,686,ai_chinh_tri_0609_GPT-5.6 Luna
1,0.8341013789176941,561,ai_giao_duc_0555_gemini-3.7-flash
1,0.9383260011672974,551,ai_van_hoa_0342_gemini-3.7-flash
0,0.9200000166893004,631,e9f38a766f125883
0,0.9590643048286438,542,c0d65842ce6b31f6
0,0.9821428656578064,676,86ea115efa0238f2
0,0.9802631735801696,691,341e07f6acbe9154
1,0.8666666746139526,530,ai_giao_duc_0720_gemini-3.7-flash
1,0.8859649300575256,518,ai_giao_duc_0706_gemini-3.7-flash
0,0.9333333373069764,664,fcabeb82983dc490
0,1.0136054754257202,574,4c37a4125a3a90cc
0,1.0401785373687744,679,56c0427e8da419f6
1,0.8496503233909607,686,ai_the_thao_0174_GPT-5.6 Luna
0,0.9515418410301208,768,f3d882c94d2ec7f6
0,1.0733333826065063,587,948c4c6a27186295
1,0.8633093237876892,686,ai_chinh_tri_0619_GPT-5.6 Luna
0,0.967346966266632,768,085cae6dd07076ae
1,0.8630136847496033,686,ai_the_thao_0041_GPT-5.6 Luna
1,0.8916084170341492,686,ai_the_thao_0513_GPT-5.6 Luna
1,0.8859649300575256,518,ai_giao_duc_0602_gemini-3.7-flash
0,0.9290780425071716,768,afbab374f9d384c6
1,0.8666666746139526,530,ai_giao_duc_0440_gemini-3.7-flash
1,0.8591549396514893,685,ai_the_thao_0510_GPT-5.6 Luna
1,0.8999999761581421,684,ai_kinh_te_0380_GPT-5.6 Luna
1,0.8813559412956238,574,ai_van_hoa_0333_gemini-3.7-flash
1,0.8591549396514893,686,ai_van_hoa_0753_GPT-5.6 Luna
1,0.8848921060562134,686,ai_xa_hoi_0069_GPT-5.6 Luna
1,0.886956512928009,596,ai_the_thao_0525_gemini-3.7-flash
1,0.8571428656578064,685,ai_giao_duc_0336_GPT-5.6 Luna
1,0.8661971688270569,686,ai_xa_hoi_0658_GPT-5.6 Luna
1,0.8586956262588501,685,ai_chinh_tri_0145_GPT-5.6 Luna
1,0.8510638475418091,686,ai_van_hoa_0019_GPT-5.6 Luna
1,0.8952381014823914,595,ai_chinh_tri_0117_gemini-3.7-flash
1,0.8782608509063721,547,ai_van_hoa_0580_gemini-3.7-flash
1,0.8528138399124146,575,ai_van_hoa_0297_gemini-3.7-flash
1,0.9404255151748656,533,ai_xa_hoi_0778_gemini-3.7-flash
1,0.8829787373542786,685,ai_the_thao_0298_GPT-5.6 Luna
0,1.0416666269302368,512,d02aa2e516d064f3
0,0.90234375,649,8e3dfb8ef444925f
1,0.8531468510627747,685,ai_xa_hoi_0498_GPT-5.6 Luna
0,0.9885714054107666,530,2f01d09e73a265fc
0,1.0443037748336792,579,0e26a25c912d516b
1,0.8728070259094238,547,ai_van_hoa_0788_gemini-3.7-flash
1,0.8723404407501221,685,ai_kinh_te_0129_GPT-5.6 Luna
1,0.8546099066734314,685,ai_giao_duc_0256_GPT-5.6 Luna
1,0.8633093237876892,685,ai_chinh_tri_0267_GPT-5.6 Luna
0,0.940397322177887,613,7b9563d391faa89b
0,1.0131003856658936,768,146a2b9de5b0feec
1,0.8450704216957092,685,ai_xa_hoi_0373_GPT-5.6 Luna
0,1.0409356355667114,652,02d60117d47014e4
1,0.9111111164093018,685,ai_kinh_te_0036_GPT-5.6 Luna
0,0.9906976819038392,768,01991c1d5a2cc1f5
1,0.8469387888908386,684,ai_the_thao_0047_GPT-5.6 Luna
0,1.0232558250427246,768,f9803670984a834e
0,0.9785714149475098,540,6dff0ce7fc3911e2
1,0.828000009059906,529,ai_the_thao_0578_gemini-3.7-flash
0,0.95302015542984,672,2d631f180118f774
0,0.9698275923728944,768,101c2014b9ed3a9f
1,0.8840579986572266,686,ai_giao_duc_0165_GPT-5.6 Luna
0,1.1139895915985107,745,747c5028e783de5c
1,0.8913043737411499,686,ai_giao_duc_0077_GPT-5.6 Luna
0,0.9471365809440612,533,aaf66c3605edef88
1,0.8678571581840515,686,ai_kinh_te_0733_GPT-5.6 Luna
1,0.8949275612831116,685,ai_kinh_te_0027_GPT-5.6 Luna
0,0.973154366016388,768,d57c900e3f60342e
0,0.9912663698196412,768,ded083de5434c066
1,0.8341013789176941,561,ai_giao_duc_0235_gemini-3.7-flash
0,1.0,676,997b31f8a14ab7f8
0,0.951127827167511,725,7e5aaf52be43b3c5
0,1.038888931274414,718,ecd59f1ffe73ee8a
0,0.9776536226272584,600,1ffeeaaab7db5f7d
1,0.8829787373542786,686,ai_giao_duc_0286_GPT-5.6 Luna
1,0.8776978254318237,686,ai_xa_hoi_0185_GPT-5.6 Luna
0,0.9230769276618958,768,100c38f6596f421b
1,0.8546099066734314,685,ai_chinh_tri_0448_GPT-5.6 Luna
1,0.8531468510627747,686,ai_the_thao_0805_GPT-5.6 Luna
0,1.06521737575531,582,ae8a73491024c958
1,0.8865247964859009,686,ai_giao_duc_0614_GPT-5.6 Luna
0,0.9655172228813172,512,d6a241bb340724b3
0,0.699999988079071,638,2418691621edd52f
1,0.8821428418159485,685,ai_the_thao_0452_GPT-5.6 Luna
1,0.8868613243103027,685,ai_xa_hoi_0579_GPT-5.6 Luna
1,0.8804348111152649,686,ai_giao_duc_0228_GPT-5.6 Luna
0,0.9870129823684692,512,ec3ec921dc1ef1a3
0,1.0,450,b89e3158a5dfc36c
0,1.0232558250427246,612,54716c3dea03b99a
0,1.021276593208313,667,370cf2674dd2c837
1,0.8829787373542786,686,ai_kinh_te_0606_GPT-5.6 Luna
0,0.9240000247955322,512,5e6a7235f7105eed
1,0.8713235259056091,685,ai_chinh_tri_0689_GPT-5.6 Luna
0,1.0522388219833374,508,e30b2ca9c6db341c
1,0.8586956262588501,685,ai_chinh_tri_0553_GPT-5.6 Luna
1,0.9166666865348816,514,ai_kinh_te_0484_gemini-3.7-flash
0,1.0518518686294556,512,b1faa6550707ffb4
1,0.9910714030265808,550,ai_van_hoa_0482_gemini-3.7-flash
1,0.9230769276618958,494,ai_xa_hoi_0516_gemini-3.7-flash
0,0.9604519605636596,286,90a4e3ad5298ea9f
0,0.9909909963607788,597,c44517f6b76c3f23
1,0.8576388955116272,686,ai_the_thao_0764_GPT-5.6 Luna
0,1.0546218156814575,512,5c77db9a9d9ec399
1,0.8840579986572266,686,ai_giao_duc_0733_GPT-5.6 Luna
1,0.925110161304474,599,ai_giao_duc_0061_gemini-3.7-flash
0,0.9871794581413268,524,89719f73dc972487
0,0.9960317611694336,565,7c05797dc54aaf6b
0,0.9150943160057068,646,6e960cc1000c14b2
1,0.8888888955116272,518,ai_chinh_tri_0819_gemini-3.7-flash
0,1.0,533,7fd9973b6ba9bde0
1,0.8821428418159485,685,ai_the_thao_0332_GPT-5.6 Luna
0,0.9795918464660645,649,a3e76cb1c4e3837b
0,0.9484536051750184,672,3f4b6d5641a3abfa
1,0.9910714030265808,550,ai_van_hoa_0074_gemini-3.7-flash
1,0.8219696879386902,555,ai_van_hoa_0743_gemini-3.7-flash
0,1.0,727,fe47edfaf3fc73a7
0,0.9566929340362548,557,ec6de59b73a52d1e
0,1.0275229215621948,512,664e96a34e9a8e66
1,0.9910714030265808,550,ai_van_hoa_0506_gemini-3.7-flash
0,0.9653465151786804,678,543bbd28ed47be01
0,0.9548386931419371,512,4179b6797fbbdf54
1,0.8571428656578064,684,ai_the_thao_0352_GPT-5.6 Luna
1,0.8485915660858154,686,ai_kinh_te_0385_GPT-5.6 Luna
0,0.9862068891525269,663,39973059b5119989
1,0.8510638475418091,685,ai_van_hoa_0299_GPT-5.6 Luna
0,1.0615384578704834,297,ca1fe62ff0ad22a2
1,0.8888888955116272,518,ai_chinh_tri_0323_gemini-3.7-flash
0,1.0470085144042969,512,3e6d555ead362720
1,0.8633093237876892,686,ai_chinh_tri_0394_GPT-5.6 Luna
0,1.0534350872039795,512,8ac490126ea1ed85
0,1.0,622,c52f5c3102443fe5
0,0.8969465494155884,552,5264db426a71cb44
1,0.8633093237876892,684,ai_chinh_tri_0205_GPT-5.6 Luna
0,1.0135135650634766,707,e4459db7e8c0d7ba
1,0.8738738894462585,530,ai_giao_duc_0820_gemini-3.7-flash
0,0.95175439119339,702,bf385fceaa80cd49
1,0.8690476417541504,568,ai_kinh_te_0122_gemini-3.7-flash
1,0.9531915187835692,531,ai_xa_hoi_0110_gemini-3.7-flash
0,1.1147540807724,512,58f13c3ea512761e
0,0.9045454263687134,531,f6d75cd1393b9056
0,1.0357142686843872,535,ae82211235e69af6
1,0.8556337952613831,686,ai_van_hoa_0385_GPT-5.6 Luna
1,0.8586956262588501,685,ai_chinh_tri_0505_GPT-5.6 Luna
0,1.0070922374725342,512,9e8bf1f4492c9f21
1,0.8584070801734924,544,ai_van_hoa_0120_gemini-3.7-flash
0,0.947580635547638,675,06fabdfcff6fee8e
0,0.9752066135406494,519,afc12642373a6045
1,0.8738738894462585,530,ai_giao_duc_0028_gemini-3.7-flash
1,0.8546099066734314,685,ai_chinh_tri_0031_GPT-5.6 Luna
0,1.019512176513672,601,529cc3f4f7100f2c
1,0.8714285492897034,686,ai_xa_hoi_0657_GPT-5.6 Luna
1,0.8666666746139526,530,ai_giao_duc_0656_gemini-3.7-flash
0,1.004587173461914,638,662a74cfbed21b61
0,0.9292035102844238,512,735dc2738940f74b
1,0.9227467775344848,570,ai_xa_hoi_0041_gemini-3.7-flash
1,0.8978102207183838,686,ai_kinh_te_0307_GPT-5.6 Luna
1,0.8813559412956238,574,ai_van_hoa_0437_gemini-3.7-flash
1,0.8829787373542786,686,ai_kinh_te_0246_GPT-5.6 Luna
0,0.9802631735801696,512,b807d21b50ea61cb
1,0.9242424368858336,596,ai_chinh_tri_0025_gemini-3.7-flash
0,1.0801886320114136,598,7f6e573cc88db2a9
0,1.051948070526123,652,8f1daf03f7f986e2
0,0.9590908885002136,679,23ad75933c21c7da
1,0.9230769276618958,494,ai_xa_hoi_0228_gemini-3.7-flash
1,0.8999999761581421,686,ai_giao_duc_0435_GPT-5.6 Luna
0,0.9834024906158448,512,9c007be35bc232e0
0,0.9786324501037598,612,a4539c588760acfa
0,0.9521530866622924,512,615a2abf9ea62475
0,0.901960790157318,523,6f8c1bd4dabb9719
1,0.9234449863433838,551,ai_xa_hoi_0475_gemini-3.7-flash
1,0.8500000238418579,684,ai_chinh_tri_0702_GPT-5.6 Luna
1,0.8617021441459656,686,ai_xa_hoi_0474_GPT-5.6 Luna
0,0.9715909361839294,512,04328bb10a7608ae
1,0.8888888955116272,518,ai_chinh_tri_0379_gemini-3.7-flash
1,0.8738738894462585,530,ai_giao_duc_0812_gemini-3.7-flash
1,0.8500000238418579,685,ai_chinh_tri_0454_GPT-5.6 Luna
0,1.0285714864730835,512,4d03764362d4863a
0,1.0258064270019531,512,d1ce37156e136da1
1,0.9279661178588868,569,ai_xa_hoi_0237_gemini-3.7-flash
0,1.0555555820465088,532,0b56edcd23d79c22
1,0.8219696879386902,555,ai_van_hoa_0375_gemini-3.7-flash
0,0.96875,665,c308f816109c4093
1,0.8759124279022217,686,ai_xa_hoi_0827_GPT-5.6 Luna
1,0.8759124279022217,685,ai_chinh_tri_0181_GPT-5.6 Luna
0,0.9707112908363342,675,cb27f47b0ea700b8
0,0.909871220588684,680,94fc0b69789e7a80
0,0.9803921580314636,512,15b495874b57eec7
0,0.9268292784690856,352,ad8d1e7f4a11d57d
0,1.0443037748336792,512,bb3856aacbc4fea4
1,0.8528138399124146,575,ai_van_hoa_0257_gemini-3.7-flash
1,0.9279661178588868,569,ai_xa_hoi_0621_gemini-3.7-flash
0,0.9490445852279664,768,3822ba0ebf3c8e40
0,0.964028775691986,512,16c5f5dccb0b90fd
0,0.9384615421295166,717,498e094f05975b42
1,0.8782608509063721,547,ai_van_hoa_0700_gemini-3.7-flash
1,0.8617021441459656,685,ai_xa_hoi_0563_GPT-5.6 Luna
1,0.9910714030265808,550,ai_van_hoa_0578_gemini-3.7-flash
1,0.8546099066734314,684,ai_giao_duc_0824_GPT-5.6 Luna
1,0.8623188138008118,686,ai_xa_hoi_0421_GPT-5.6 Luna
1,0.9279661178588868,569,ai_xa_hoi_0701_gemini-3.7-flash
0,1.0,768,45bc2b22413eeea8
1,0.9234449863433838,551,ai_xa_hoi_0115_gemini-3.7-flash
0,1.013574719429016,540,0d79a44586d67a56
0,1.0317460298538208,512,4d7b2ef381ac73f9
1,0.9014084339141846,550,ai_xa_hoi_0047_gemini-3.7-flash
0,0.9285714030265808,512,ad3bbf6fad152938
1,0.8999999761581421,686,ai_giao_duc_0571_GPT-5.6 Luna
0,0.7595419883728027,659,f3acecc89171a4ef
0,1.0303030014038086,512,0b8d508cc966f0b3
1,0.9279661178588868,569,ai_xa_hoi_0165_gemini-3.7-flash
0,0.912350594997406,512,aef0a04dc0623e8b
0,0.9510489702224731,697,401a7061717c7929
0,1.0198675394058228,529,cc98bcde262151af
1,0.8584070801734924,544,ai_van_hoa_0624_gemini-3.7-flash
1,0.829365074634552,523,ai_the_thao_0256_gemini-3.7-flash
1,0.8531468510627747,686,ai_xa_hoi_0202_GPT-5.6 Luna
0,0.8643215894699097,512,f73f0318d5684bf6
1,0.8804348111152649,685,ai_kinh_te_0549_GPT-5.6 Luna
0,0.9555555582046508,512,78169cfdf919a510
1,0.8571428656578064,685,ai_van_hoa_0219_GPT-5.6 Luna
0,0.9098039269447328,768,cb926242f589fe39
0,0.9850746393203736,512,cddc65a8a0d391e0
0,1.0065789222717283,512,6da1daa170df7a87
0,0.99319726228714,549,5a9f8deccb775a4f
0,0.9923664331436156,512,a169fd58008b9c3e
0,0.9074074029922484,534,c6874740a8dd2f0f
1,0.9234449863433838,551,ai_xa_hoi_0451_gemini-3.7-flash
1,0.902255654335022,684,ai_xa_hoi_0359_GPT-5.6 Luna
1,0.8584070801734924,544,ai_van_hoa_0560_gemini-3.7-flash
0,1.1241830587387085,646,fc556706098f3e32
0,1.0215827226638794,512,6883254f3fe09773
0,0.9507042169570924,650,e1862569750762d6
1,0.8321917653083801,684,ai_chinh_tri_0180_GPT-5.6 Luna
1,0.8695651888847351,685,ai_chinh_tri_0410_GPT-5.6 Luna
1,0.9234449863433838,551,ai_xa_hoi_0515_gemini-3.7-flash
0,0.9914529919624328,712,22388cbd8a7f634c
0,1.1076923608779907,527,0c0fb1ad4220e628
0,1.046875,512,c28ce21f7bdf8259
0,0.9932885766029358,749,0cb7b1bb40b58fa6
0,0.9275362491607666,693,71470e6eece6c5a7
1,0.8546099066734314,686,ai_kinh_te_0643_GPT-5.6 Luna
0,0.9637681245803832,666,ea364cbd61dcf5ce
1,0.8617021441459656,685,ai_kinh_te_0113_GPT-5.6 Luna
0,1.0810810327529907,512,0482d0e626eb92a3
1,0.8952381014823914,595,ai_chinh_tri_0101_gemini-3.7-flash
1,0.8391608595848083,684,ai_xa_hoi_0400_GPT-5.6 Luna
0,1.0074074268341064,669,a890b4b61ce29171
0,1.0886075496673584,655,4234cf58be95af24
0,1.0046082735061646,512,a7f13fd995dedfdd
0,1.042553186416626,512,0b85ba06e11b2555
0,1.0349650382995603,512,918ecd7a738b68fd
0,1.008547067642212,512,f254ec8db0786522
0,0.9858155846595764,697,444a95b5a9d0bc5b
0,0.9902912378311156,509,a76641b662fdcb68
0,1.015936255455017,768,b5a43ac0c3536638
0,0.9365079402923584,566,bcbee421a2e7695b
1,0.904411792755127,686,ai_giao_duc_0541_GPT-5.6 Luna
1,0.8840579986572266,685,ai_kinh_te_0467_GPT-5.6 Luna
0,0.9655172228813172,709,92dbdff57beefef3
0,1.004366755485535,526,1dd41d831b27f588
0,0.8999999761581421,512,68a6ee77fa274414
0,1.0235294103622437,754,e5ff34f07b2891fe
0,0.8905109763145447,452,87621610bfd016e5
0,1.0,567,5b445b9b91ebd046
0,1.0083682537078855,768,dfc7fc30959f6e40
1,0.8341013789176941,561,ai_giao_duc_0523_gemini-3.7-flash
1,0.8473895788192749,521,ai_the_thao_0652_gemini-3.7-flash
0,0.9869281053543092,768,d8fbca9220098e20
1,0.8528138399124146,575,ai_van_hoa_0169_gemini-3.7-flash
1,0.8782608509063721,547,ai_van_hoa_0228_gemini-3.7-flash
1,0.8216783404350281,684,ai_the_thao_0288_GPT-5.6 Luna
0,0.969565212726593,509,a12d480bc2522cd8
0,0.9952606558799744,512,2d76f90e28c7fd39
0,0.9784172773361206,768,982834ca6bf86535
1,0.8804348111152649,684,ai_chinh_tri_0472_GPT-5.6 Luna
1,0.8758864998817444,686,ai_kinh_te_0171_GPT-5.6 Luna
1,0.8884891867637634,686,ai_giao_duc_0527_GPT-5.6 Luna
0,1.0039682388305664,768,94b53f360c6c5955
0,0.970059871673584,503,dc3af7305807d536
1,0.8859649300575256,518,ai_giao_duc_0506_gemini-3.7-flash
0,1.0307692289352417,768,3693d24965fc32f3
1,0.8666666746139526,530,ai_giao_duc_0128_gemini-3.7-flash
1,0.852173924446106,595,ai_the_thao_0833_gemini-3.7-flash
0,0.9789029359817504,768,e4505cecf539e040
0,1.0223881006240845,641,ec831e24c1afad87
0,0.9874213933944702,503,8ed1973f093824a2
1,0.8541666865348816,685,ai_the_thao_0596_GPT-5.6 Luna
0,0.957446813583374,627,e482a93d0dcfb162
1,0.895652174949646,545,ai_chinh_tri_0480_gemini-3.7-flash
1,0.8546099066734314,684,ai_kinh_te_0735_GPT-5.6 Luna
0,1.0437955856323242,547,ab978d018678fd71
1,0.9234449863433838,551,ai_xa_hoi_0163_gemini-3.7-flash
0,0.9588477611541748,512,61136c848f3dcf35
0,1.091549277305603,642,56663de02be6ef0e
0,0.91015625,768,e45fb1a4d93ef7d5
0,0.9402390718460084,570,cc0e317625654742
1,0.8714285492897034,685,ai_the_thao_0027_GPT-5.6 Luna
1,0.8333333134651184,530,ai_kinh_te_0587_gemini-3.7-flash
0,1.0518518686294556,512,693d3885a8046913
0,1.0289855003356934,561,982ddf6d3ee149b7
1,0.9014084339141846,550,ai_xa_hoi_0695_gemini-3.7-flash
0,1.0129870176315308,621,577eb2efc06021cb
1,0.9531915187835692,531,ai_xa_hoi_0454_gemini-3.7-flash
1,0.895652174949646,545,ai_chinh_tri_0600_gemini-3.7-flash
1,0.8821428418159485,686,ai_giao_duc_0278_GPT-5.6 Luna
1,0.8652482032775879,686,ai_van_hoa_0345_GPT-5.6 Luna
0,0.9757575988769532,768,cdd64c6b5b77527c
0,0.9932432174682616,512,6f7a781e452de7a2
1,0.8678571581840515,685,ai_kinh_te_0533_GPT-5.6 Luna
0,0.9510204195976256,512,ba47c011e938bada
1,0.8666666746139526,530,ai_giao_duc_0344_gemini-3.7-flash
1,0.8848921060562134,685,ai_the_thao_0722_GPT-5.6 Luna
0,0.9647887349128724,622,4db477c160eeb1e4
1,0.828000009059906,529,ai_the_thao_0714_gemini-3.7-flash
0,0.9215686321258544,768,7bd32baa9e101874
1,0.8219696879386902,555,ai_van_hoa_0447_gemini-3.7-flash
1,0.8561151027679443,684,ai_kinh_te_0218_GPT-5.6 Luna
0,0.9324324131011964,628,06ff0c1f5eaea6bd
1,0.8738738894462585,530,ai_giao_duc_0756_gemini-3.7-flash
1,0.8949275612831116,686,ai_giao_duc_0709_GPT-5.6 Luna
1,0.8591549396514893,685,ai_the_thao_0270_GPT-5.6 Luna
0,1.0089285373687744,712,ebdfae9573faa3ed
0,0.978102207183838,768,dc588f36c9824937
0,1.049180269241333,600,7eb8a3315d248082
1,0.9234449863433838,551,ai_xa_hoi_0139_gemini-3.7-flash
1,0.886956512928009,596,ai_the_thao_0213_gemini-3.7-flash
1,0.8695651888847351,685,ai_giao_duc_0500_GPT-5.6 Luna
0,1.06965172290802,702,b001a4356c1a9b4d
0,0.9764705896377563,504,687f83ee4b0be0db
1,0.8723404407501221,686,ai_kinh_te_0169_GPT-5.6 Luna
1,0.8695651888847351,685,ai_giao_duc_0332_GPT-5.6 Luna
0,0.9847328066825868,512,d73c6094134f944c
1,0.8510638475418091,686,ai_van_hoa_0499_GPT-5.6 Luna
0,0.9502262473106384,612,05382930c661ef96
0,1.0253164768218994,768,e8555c9ac43e3167
0,0.9650349617004396,672,5615f577f27ba1c2
1,0.8714285492897034,685,ai_the_thao_0542_GPT-5.6 Luna
1,0.895652174949646,545,ai_chinh_tri_0776_gemini-3.7-flash
1,0.8546099066734314,685,ai_van_hoa_0241_GPT-5.6 Luna
0,0.9666666388511658,645,1d1db4bcfc70317a
1,0.8714285492897034,685,ai_xa_hoi_0603_GPT-5.6 Luna
0,1.0,768,e86d3eece449206d
1,0.8528138399124146,575,ai_van_hoa_0737_gemini-3.7-flash
1,0.8813559412956238,574,ai_van_hoa_0565_gemini-3.7-flash
1,0.8755555748939514,513,ai_chinh_tri_0615_gemini-3.7-flash
1,0.8617021441459656,685,ai_the_thao_0318_GPT-5.6 Luna
1,0.8607142567634583,684,ai_giao_duc_0080_GPT-5.6 Luna
0,0.8999999761581421,512,d7f8c12d438f7be8
1,0.8888888955116272,518,ai_chinh_tri_0355_gemini-3.7-flash
0,0.95652174949646,512,d3fa334a4d138589
0,1.0650887489318848,768,106b1ddd2e064240
1,0.828000009059906,529,ai_the_thao_0562_gemini-3.7-flash
0,0.9444444179534912,512,c25aece00143cdeb
0,0.9558823704719543,736,bd350e884181869f
0,0.97183096408844,512,2bb1257dd4e9a034
1,0.8738738894462585,530,ai_giao_duc_0716_gemini-3.7-flash
1,0.8686131238937378,684,ai_giao_duc_0809_GPT-5.6 Luna
1,0.895652174949646,545,ai_chinh_tri_0336_gemini-3.7-flash
0,1.0409090518951416,573,33f819596a571cee
1,0.9227467775344848,570,ai_xa_hoi_0057_gemini-3.7-flash
1,0.8586207032203674,686,ai_the_thao_0481_GPT-5.6 Luna
1,0.8755555748939514,513,ai_chinh_tri_0639_gemini-3.7-flash
0,1.045454502105713,508,1a0a9f6f9915052d
0,0.9721115827560424,512,54bf17df9f050762
0,1.0725806951522827,612,619e29882955ab58
0,0.9753086566925048,728,2ab9b4ef8276b1d1
1,0.8813559412956238,574,ai_van_hoa_0069_gemini-3.7-flash
0,0.9848484992980956,645,26a64db3e253c84e
1,0.8731883764266968,685,ai_chinh_tri_0465_GPT-5.6 Luna
1,0.8515625,567,ai_kinh_te_0182_gemini-3.7-flash
1,0.9383260011672974,551,ai_van_hoa_0230_gemini-3.7-flash
1,0.8510638475418091,686,ai_xa_hoi_0229_GPT-5.6 Luna
0,1.0151515007019043,512,ca81403de1b9f2d2
0,1.0349345207214355,768,f1212cffeb6dbddb
1,0.8483412265777588,560,ai_giao_duc_0607_gemini-3.7-flash
1,0.8888888955116272,518,ai_chinh_tri_0187_gemini-3.7-flash
0,0.9414634108543396,582,9c6ad10e9b43dfaa
1,0.8546099066734314,684,ai_giao_duc_0464_GPT-5.6 Luna
1,0.8823529481887817,684,ai_giao_duc_0521_GPT-5.6 Luna
0,0.9788135886192322,668,4f19475205f90588
1,0.8527397513389587,684,ai_the_thao_0575_GPT-5.6 Luna
1,0.8591549396514893,685,ai_kinh_te_0555_GPT-5.6 Luna
0,0.9790209531784058,663,75ba3996a2d06d4a
1,0.8695651888847351,686,ai_xa_hoi_0787_GPT-5.6 Luna
0,1.037037014961243,768,d640702051a5a670
0,0.9166666865348816,768,ef318bf18a65a592
0,1.0903226137161257,512,0db50e465077a009
0,1.0062893629074097,514,1915f96a0907a54f
1,0.8733624219894409,545,ai_chinh_tri_0260_gemini-3.7-flash
1,0.8714285492897034,686,ai_xa_hoi_0177_GPT-5.6 Luna
0,0.943231463432312,512,ca96220c8e2b464c
0,1.0751445293426514,512,9dc8109f969a4006
0,0.9810426831245422,501,df3ba0ca036ea279
1,0.904411792755127,686,ai_giao_duc_0019_GPT-5.6 Luna
1,0.8333333134651184,530,ai_kinh_te_0051_gemini-3.7-flash
0,0.969924807548523,512,120bb1cad0e658ee
0,0.985401451587677,538,3e60815f6929c905
1,0.8755555748939514,513,ai_chinh_tri_0831_gemini-3.7-flash
0,1.0752211809158323,543,8755e5d5b5b3c875
0,1.0138888359069824,558,6d4200470f43153a
1,0.8821428418159485,686,ai_giao_duc_0518_GPT-5.6 Luna
1,0.8759124279022217,686,ai_chinh_tri_0289_GPT-5.6 Luna
0,0.9177489280700684,768,acd9bf65d26b30fd
1,0.895652174949646,545,ai_chinh_tri_0792_gemini-3.7-flash
0,0.869918704032898,500,5feaaf57079126a4
0,0.9870129823684692,569,179f5e418eec970c
1,0.8541666865348816,686,ai_the_thao_0109_GPT-5.6 Luna
0,0.9440298676490784,768,31878620a3173efb
1,0.8617021441459656,685,ai_kinh_te_0377_GPT-5.6 Luna
0,0.9759036302566528,674,4bfe31f1002405a9
1,0.8623188138008118,684,ai_chinh_tri_0090_GPT-5.6 Luna
1,0.8576642274856567,684,ai_van_hoa_0382_GPT-5.6 Luna
1,0.8389830589294434,554,ai_the_thao_0599_gemini-3.7-flash
0,0.9029850959777832,512,19856ebaa4199a26
0,0.9264705777168274,548,d913ea78cd06216b
0,0.9241379499435424,768,e961baf1fe683eba
1,0.8848921060562134,686,ai_giao_duc_0303_GPT-5.6 Luna
1,0.8586956262588501,685,ai_chinh_tri_0734_GPT-5.6 Luna
1,0.8804348111152649,686,ai_xa_hoi_0817_GPT-5.6 Luna
0,0.9116278886795044,512,1ab9066842aec7b2
1,0.8584070801734924,544,ai_van_hoa_0264_gemini-3.7-flash
1,0.8785714507102966,685,ai_the_thao_0026_GPT-5.6 Luna
1,0.9060150384902954,684,ai_giao_duc_0530_GPT-5.6 Luna
0,0.975806474685669,512,fe0f3d692e4c3dc1
1,0.828000009059906,529,ai_the_thao_0602_gemini-3.7-flash
1,0.829365074634552,523,ai_the_thao_0736_gemini-3.7-flash
0,1.0350877046585083,664,c0db76c4b2f48ac9
1,0.8723404407501221,685,ai_chinh_tri_0608_GPT-5.6 Luna
1,0.8515625,567,ai_kinh_te_0206_gemini-3.7-flash
1,0.8868613243103027,686,ai_giao_duc_0459_GPT-5.6 Luna
0,1.0357142686843872,688,bdd47ef0c2571070
1,0.8905109763145447,684,ai_kinh_te_0447_GPT-5.6 Luna
1,0.8733624219894409,545,ai_chinh_tri_0420_gemini-3.7-flash
1,0.829365074634552,523,ai_the_thao_0336_gemini-3.7-flash
0,1.022099494934082,768,b04ce7032e64b1be
0,0.921052634716034,755,3a11d439ca1d8511
0,0.9506173133850098,615,e9ba959380770db5
0,1.0173159837722778,526,9461d77254d9b361
1,0.8586956262588501,684,ai_van_hoa_0694_GPT-5.6 Luna
0,0.8836206793785095,512,2d07fa06e65ee509
0,0.9821428656578064,657,1ce26def54f538ed
0,0.9774436354637146,714,9a77e944c55ebb62
1,0.867521345615387,600,ai_giao_duc_0753_gemini-3.7-flash
1,0.8785714507102966,686,ai_xa_hoi_0742_GPT-5.6 Luna
0,1.0569947957992554,512,925049cb87fb22b2
1,0.912350594997406,515,ai_kinh_te_0432_gemini-3.7-flash
1,0.9404255151748656,533,ai_xa_hoi_0034_gemini-3.7-flash
1,0.895652174949646,545,ai_chinh_tri_0536_gemini-3.7-flash
1,0.8360000252723694,557,ai_van_hoa_0739_gemini-3.7-flash
1,0.8500000238418579,684,ai_the_thao_0240_GPT-5.6 Luna
0,0.9159663915634156,697,fed926decf81d2a5
0,1.1231883764266968,562,014fba0ccaba3285
1,0.8731883764266968,685,ai_kinh_te_0269_GPT-5.6 Luna
1,0.8782608509063721,547,ai_van_hoa_0444_gemini-3.7-flash
1,0.8561151027679443,685,ai_chinh_tri_0010_GPT-5.6 Luna
0,0.9580152630805968,768,9e08a359fd13465e
1,0.8652482032775879,685,ai_giao_duc_0360_GPT-5.6 Luna
0,1.038759708404541,605,b623861b10c09364
0,0.96875,634,1baacfc2a73c6b1c
0,1.0151515007019043,502,f0258bbf530b292d
0,0.991416335105896,623,4fbdec96ad1ff5ad
0,0.9726027250289916,694,6772233f2200263b
0,0.9831223487854004,661,50d18d8ac6831d89
0,1.0140186548233032,709,4583f5caade1bf95
0,1.042553186416626,512,974d7b34701947e6
1,0.8531468510627747,685,ai_xa_hoi_0138_GPT-5.6 Luna
1,0.925110161304474,599,ai_giao_duc_0565_gemini-3.7-flash
0,0.8975409865379333,768,87a0ceefd769a9a2
1,0.8360000252723694,557,ai_van_hoa_0539_gemini-3.7-flash
1,0.8253968358039856,557,ai_van_hoa_0051_gemini-3.7-flash
0,0.9795918464660645,514,bc9f04053ce876c6
1,0.9383260011672974,551,ai_van_hoa_0206_gemini-3.7-flash
0,1.0846153497695925,678,08bd3ba49c5cb487
1,0.8813559412956238,574,ai_van_hoa_0637_gemini-3.7-flash
1,0.8341013789176941,561,ai_giao_duc_0339_gemini-3.7-flash
1,0.8515625,567,ai_kinh_te_0294_gemini-3.7-flash
1,0.8888888955116272,518,ai_chinh_tri_0779_gemini-3.7-flash
0,1.0432900190353394,512,1366e7d3da2f892b
0,1.0,621,64a648e3be1416b1
0,0.8896551728248596,512,66af8d5ac2db79eb
0,0.962499976158142,652,77962ad5b4264a98
1,0.8936170339584351,686,ai_giao_duc_0574_GPT-5.6 Luna
0,0.9727891087532043,762,3059d36d31d93eb5
0,0.9722222089767456,768,d4668064e94ee9e6
0,1.0631579160690308,512,2634cfb686e25c7f
1,0.8952381014823914,595,ai_chinh_tri_0429_gemini-3.7-flash
0,1.015625,614,24ed176ffd6c4516
1,0.8731883764266968,684,ai_van_hoa_0310_GPT-5.6 Luna
1,0.8623188138008118,684,ai_chinh_tri_0359_GPT-5.6 Luna
1,0.8590308427810669,595,ai_the_thao_0145_gemini-3.7-flash
1,0.8601398468017578,686,ai_van_hoa_0088_GPT-5.6 Luna
1,0.8528138399124146,575,ai_van_hoa_0361_gemini-3.7-flash
1,0.9227467775344848,570,ai_xa_hoi_0137_gemini-3.7-flash
1,0.8528138399124146,575,ai_van_hoa_0177_gemini-3.7-flash
0,0.91629958152771,512,c8986fdc1eafb5e4
1,0.829365074634552,523,ai_the_thao_0320_gemini-3.7-flash
0,0.9852941036224364,502,bf338bfe09d70f8d
0,1.0304877758026123,683,b0bcd8c076ba9d91
1,0.886956512928009,596,ai_the_thao_0101_gemini-3.7-flash
1,0.8636363744735718,684,ai_van_hoa_0711_GPT-5.6 Luna
0,1.0411522388458252,768,1826a9cf14324cb0
1,0.8714285492897034,686,ai_xa_hoi_0430_GPT-5.6 Luna
1,0.8652482032775879,684,ai_the_thao_0440_GPT-5.6 Luna
0,0.9868420958518982,629,7022438b319c3c9e
1,0.866906464099884,685,ai_kinh_te_0386_GPT-5.6 Luna
1,0.8633093237876892,684,ai_chinh_tri_0045_GPT-5.6 Luna
0,0.9601593613624572,512,fb9e4b93738d3d1e
1,0.8360000252723694,557,ai_van_hoa_0067_gemini-3.7-flash
0,1.0074074268341064,512,0b6cf0ad0cd8bf21
1,0.8813559412956238,574,ai_van_hoa_0101_gemini-3.7-flash
1,0.8450704216957092,684,ai_van_hoa_0533_GPT-5.6 Luna
0,1.0310077667236328,768,cc5cf975812a7c17
0,0.9563491940498352,528,a6208a10a0db956d
0,0.897777795791626,666,e8fcf01976910900
0,1.136585354804993,512,f979c3349b2176aa
1,0.8723404407501221,686,ai_kinh_te_0577_GPT-5.6 Luna
0,0.95652174949646,693,410fcbd58148938d
1,0.918660283088684,551,ai_xa_hoi_0803_gemini-3.7-flash
1,0.9383260011672974,551,ai_van_hoa_0510_gemini-3.7-flash
0,0.9842105507850648,398,8f12344b626eae62
1,0.912350594997406,515,ai_kinh_te_0360_gemini-3.7-flash
1,0.8661971688270569,686,ai_xa_hoi_0418_GPT-5.6 Luna
0,1.0273972749710083,512,801bf8b81257756e
0,0.9885714054107666,512,025199c5f1b63b7b
0,0.9795082211494446,768,e7d87d8eb1bb200e
1,0.9383260011672974,551,ai_van_hoa_0126_gemini-3.7-flash
0,0.9580152630805968,512,effb1b99098138bb
1,0.8360000252723694,557,ai_van_hoa_0315_gemini-3.7-flash
1,0.9014084339141846,550,ai_xa_hoi_0455_gemini-3.7-flash
1,0.8978102207183838,686,ai_kinh_te_0187_GPT-5.6 Luna
1,0.9242424368858336,596,ai_chinh_tri_0385_gemini-3.7-flash
0,0.992094874382019,768,f3fe7ae97382aa82
1,0.8733624219894409,545,ai_chinh_tri_0388_gemini-3.7-flash
0,1.013157844543457,768,c95069a8679a0079
1,0.9404255151748656,533,ai_xa_hoi_0002_gemini-3.7-flash
0,0.9627329111099244,655,8fb5f60c05473ae9
1,0.8617021441459656,684,ai_the_thao_0739_GPT-5.6 Luna
1,0.8884891867637634,685,ai_giao_duc_0768_GPT-5.6 Luna
0,0.9862068891525269,579,18fd0593d1534aa1
0,0.9724137783050536,694,9b9f40620c2ac678
1,0.9242424368858336,596,ai_chinh_tri_0657_gemini-3.7-flash
1,0.85447758436203,530,ai_kinh_te_0223_gemini-3.7-flash
0,0.9622641801834106,585,a9c366dd9d19a273
0,0.9415584206581116,512,33752f716b1fa31a
1,0.8617021441459656,684,ai_van_hoa_0026_GPT-5.6 Luna
1,0.925110161304474,599,ai_giao_duc_0173_gemini-3.7-flash
1,0.8576388955116272,685,ai_the_thao_0156_GPT-5.6 Luna
1,0.9227467775344848,570,ai_xa_hoi_0657_gemini-3.7-flash
1,0.8735178112983704,644,ai_kinh_te_0669_gemini-3.7-flash
0,0.9444444179534912,768,32b5058c6b51d543
0,1.0227272510528564,577,91052d78b1574559
0,0.9931507110595704,768,e248e4e9d7e91854
0,0.9581395387649536,512,12a35d5dd26571ae
0,1.0646766424179075,512,f9f7eacdc18b230c
0,0.9735099077224731,664,992de3accd718974
0,0.9254658222198486,768,8fa2dacc06e80ae3
0,0.9819004535675048,512,11603fbe7aaae814
0,1.0447760820388794,760,f79459efb28caf65
1,0.8473895788192749,521,ai_the_thao_0276_gemini-3.7-flash
0,1.052910089492798,768,4ac119cffc6266de
1,0.902255654335022,684,ai_xa_hoi_0311_GPT-5.6 Luna
0,0.9670782089233398,768,625a8acbe3c3c402
0,1.0830039978027344,707,8ffddfbff2ab8e21
0,1.0045249462127686,662,0d65ab8af2bfc7fa
1,0.8389830589294434,554,ai_the_thao_0511_gemini-3.7-flash
0,0.9024389982223512,512,714837a8e3c14759
1,0.8992537260055542,685,ai_xa_hoi_0647_GPT-5.6 Luna
1,0.8423236608505249,517,ai_giao_duc_0526_gemini-3.7-flash
1,0.8464285731315613,684,ai_kinh_te_0298_GPT-5.6 Luna
0,1.0355329513549805,768,f51a99759a58db0b
0,1.0663264989852903,637,8f55e518999c8c7e
0,1.0044052600860596,633,fe06876e12686552
1,0.8759124279022217,684,ai_chinh_tri_0509_GPT-5.6 Luna
0,0.9677419066429138,512,92df7325a7e16f59
1,0.8999999761581421,684,ai_kinh_te_0764_GPT-5.6 Luna
1,0.8556337952613831,684,ai_the_thao_0811_GPT-5.6 Luna
0,0.9640718698501588,512,d09e54e329ac9cbb
0,0.9496402740478516,667,156a6e2e3ffe8272
1,0.8219696879386902,555,ai_van_hoa_0223_gemini-3.7-flash
1,0.866906464099884,686,ai_giao_duc_0556_GPT-5.6 Luna
0,0.9462810158729552,512,9831c10e2811d4d9
1,0.8485915660858154,685,ai_van_hoa_0682_GPT-5.6 Luna
1,0.895652174949646,545,ai_chinh_tri_0728_gemini-3.7-flash
1,0.9166666865348816,514,ai_kinh_te_0460_gemini-3.7-flash
0,1.1138614416122437,622,74389c11ebbda859
0,1.0529412031173706,768,8facd03c9ac6e4db
0,1.073770523071289,666,af42d06135e47335
1,0.8686131238937378,684,ai_giao_duc_0209_GPT-5.6 Luna
0,1.101694941520691,512,b7b0dc7df979e5e6
0,0.96875,512,729bd3416f779ab7
0,0.9536423683166504,584,fff14e0d3a4cd6e5
0,0.993630588054657,575,46a1b4dcc3075a89
1,0.8758864998817444,685,ai_kinh_te_0161_GPT-5.6 Luna
1,0.8840579986572266,686,ai_giao_duc_0191_GPT-5.6 Luna
1,0.8341013789176941,561,ai_giao_duc_0363_gemini-3.7-flash
1,0.8888888955116272,518,ai_chinh_tri_0491_gemini-3.7-flash
0,0.9716312289237976,512,23f1834cff8b094f
0,0.8802816867828369,537,5365cceea9e1f118
1,0.8913043737411499,686,ai_giao_duc_0087_GPT-5.6 Luna
1,0.8500000238418579,685,ai_van_hoa_0331_GPT-5.6 Luna
1,0.886956512928009,596,ai_the_thao_0205_gemini-3.7-flash
0,1.0620155334472656,512,0fd9f4a5444a71cd
1,0.8423236608505249,517,ai_giao_duc_0174_gemini-3.7-flash
0,1.0245901346206665,676,e5f1c4e4b94b8692
1,0.8714285492897034,685,ai_van_hoa_0055_GPT-5.6 Luna
0,1.0559440851211548,512,ae6dc44cbeb679c4
0,0.9846153855323792,768,3e4e2d146e49af12
1,0.9014084339141846,550,ai_xa_hoi_0247_gemini-3.7-flash
1,0.8661971688270569,686,ai_van_hoa_0320_GPT-5.6 Luna
0,0.9855769276618958,529,f3698c55eb36905b
1,0.85447758436203,530,ai_kinh_te_0103_gemini-3.7-flash
1,0.8829787373542786,686,ai_kinh_te_0686_GPT-5.6 Luna
1,0.8728070259094238,547,ai_van_hoa_0828_gemini-3.7-flash
0,0.9647576808929444,503,226330fcdd7b9936
1,0.9227467775344848,570,ai_xa_hoi_0185_gemini-3.7-flash
1,0.8865247964859009,686,ai_giao_duc_0246_GPT-5.6 Luna
1,0.8546099066734314,686,ai_chinh_tri_0674_GPT-5.6 Luna
0,1.0136985778808594,685,c953cf77df7219a4
0,0.9608938694000244,768,39c77abdfdfeaacd
0,1.0048309564590454,512,d58a9273d234bdfd
0,0.9629629850387572,512,c9797f08b21146c9
1,0.8733624219894409,545,ai_chinh_tri_0028_gemini-3.7-flash
1,0.8888888955116272,684,ai_giao_duc_0033_GPT-5.6 Luna
1,0.8584070801734924,544,ai_van_hoa_0232_gemini-3.7-flash
1,0.8392857313156128,684,ai_chinh_tri_0638_GPT-5.6 Luna
0,0.9655172228813172,674,6f503d246da2cce1
0,0.9644444584846495,569,109c6b9cb8e34a0e
0,0.985185205936432,768,923c08b5e0a38eca
0,0.9028571248054504,512,38bc1d4f7851b72d
0,0.957446813583374,589,8df92a590b543b01
1,0.8723404407501221,685,ai_kinh_te_0251_GPT-5.6 Luna
1,0.8799999952316284,554,ai_the_thao_0147_gemini-3.7-flash
1,0.8546099066734314,685,ai_kinh_te_0750_GPT-5.6 Luna
0,1.0330578088760376,642,a3974a99d3a38611
1,0.8888888955116272,643,ai_kinh_te_0721_gemini-3.7-flash
1,0.8590308427810669,595,ai_the_thao_0633_gemini-3.7-flash
1,0.8333333134651184,530,ai_kinh_te_0035_gemini-3.7-flash
0,1.0,768,b23ac256768d223b
0,0.9342105388641356,681,52e1f92174451cc3
1,0.8733624219894409,545,ai_chinh_tri_0692_gemini-3.7-flash
0,1.1666666269302368,651,07608f112c87e023
0,0.959999978542328,546,e9348f012219f9b6
1,0.8469387888908386,684,ai_the_thao_0647_GPT-5.6 Luna
1,0.9404255151748656,533,ai_xa_hoi_0394_gemini-3.7-flash
1,0.9279661178588868,569,ai_xa_hoi_0109_gemini-3.7-flash
1,0.8571428656578064,685,ai_van_hoa_0459_GPT-5.6 Luna
1,0.8584070801734924,544,ai_van_hoa_0104_gemini-3.7-flash
1,0.8735178112983704,644,ai_kinh_te_0397_gemini-3.7-flash
0,1.0141843557357788,512,645ed475eb55d6d2
0,1.032786846160889,768,aedb02e1c02139cd
0,0.9471153616905212,768,a9536c515e97fe80
0,1.0145984888076782,589,28e0834cad849b69
0,0.95686274766922,512,c7a1e32e0abd7f51
1,0.8733624219894409,545,ai_chinh_tri_0468_gemini-3.7-flash
0,0.9800000190734864,665,80c4ce86a7290140
0,0.9722222089767456,768,152091a80cc8b15a
0,0.9814814925193788,512,0d4713ac574f2c81
1,0.8510638475418091,685,ai_chinh_tri_0446_GPT-5.6 Luna
0,1.0083682537078855,674,f2ec993fd5cc2116
0,0.9841269850730896,512,a0ab64ae3ed162e2
0,0.8812500238418579,621,bb75cc501bc3c5d0
1,0.9230769276618958,494,ai_xa_hoi_0620_gemini-3.7-flash
0,1.0,585,aaecba32b3caf0c0
1,0.8546099066734314,686,ai_kinh_te_0283_GPT-5.6 Luna
1,0.8528138399124146,575,ai_van_hoa_0377_gemini-3.7-flash
1,0.8582996129989624,521,ai_the_thao_0772_gemini-3.7-flash
0,0.9452054500579834,667,066ab5dc74d499ba
0,0.9314516186714172,768,87c402a0fa0c47d4
1,0.8782608509063721,547,ai_van_hoa_0252_gemini-3.7-flash
1,0.8741258978843689,686,ai_xa_hoi_0388_GPT-5.6 Luna
1,0.8854166865348816,686,ai_the_thao_0617_GPT-5.6 Luna
1,0.8623188138008118,685,ai_xa_hoi_0091_GPT-5.6 Luna
1,0.8731883764266968,684,ai_van_hoa_0550_GPT-5.6 Luna
0,0.9589040875434875,512,42497034a841fb89
0,1.0,652,8d28514bbfed1dbd
0,0.9577465057373048,638,520006f46e6e6f45
0,0.9914893507957458,519,30506161c3b1596f
0,1.0133333206176758,762,c01cbc13539f5cc3
0,0.970588207244873,607,0775e5e7db2c29b3
0,1.060109257698059,663,2f69ca6cd3d1593a
1,0.8999999761581421,686,ai_giao_duc_0043_GPT-5.6 Luna
1,0.8389830589294434,554,ai_the_thao_0047_gemini-3.7-flash
1,0.9194915294647216,497,ai_xa_hoi_0136_gemini-3.7-flash
0,0.9828326106071472,768,ce85add86f6eff06
1,0.8528138399124146,575,ai_van_hoa_0625_gemini-3.7-flash
1,0.8723404407501221,686,ai_xa_hoi_0422_GPT-5.6 Luna
1,0.8813559412956238,574,ai_van_hoa_0485_gemini-3.7-flash
1,0.8755555748939514,513,ai_chinh_tri_0103_gemini-3.7-flash
0,1.0259740352630615,691,9aa7af15e4ecebb1
0,0.9856114983558656,383,fb19012b7b790197
0,1.0070922374725342,505,3a2df2ea99b72ecc
1,0.8367347121238708,684,ai_the_thao_0671_GPT-5.6 Luna
1,0.8367347121238708,686,ai_the_thao_0141_GPT-5.6 Luna
1,0.9230769276618958,494,ai_xa_hoi_0084_gemini-3.7-flash
0,0.9319999814033508,552,f8123903f663326c
1,0.886956512928009,596,ai_the_thao_0277_gemini-3.7-flash
1,0.828000009059906,529,ai_the_thao_0002_gemini-3.7-flash
0,1.0,512,98740f9495a581d3
1,0.8410041928291321,531,ai_the_thao_0230_gemini-3.7-flash
0,0.97409325838089,512,61b6cb7046c60e2f
1,0.9910714030265808,550,ai_van_hoa_0642_gemini-3.7-flash
1,0.8333333134651184,530,ai_kinh_te_0131_gemini-3.7-flash
1,0.8458904027938843,685,ai_the_thao_0828_GPT-5.6 Luna
0,0.937062919139862,768,d41c3aede5134def
1,0.8758864998817444,685,ai_kinh_te_0761_GPT-5.6 Luna
0,1.004878044128418,512,400a5ab918986fe2
0,0.9583333134651184,720,ffa3bd254c5581c9
0,0.9192307591438292,551,e185e716bc2d0d83
0,0.96875,606,60a34bd4b85891b9
1,0.9230769276618958,494,ai_xa_hoi_0252_gemini-3.7-flash
1,0.8840579986572266,685,ai_kinh_te_0107_GPT-5.6 Luna
1,0.8840579986572266,686,ai_giao_duc_0071_GPT-5.6 Luna
1,0.8804348111152649,684,ai_chinh_tri_0112_GPT-5.6 Luna
1,0.8607142567634583,685,ai_chinh_tri_0511_GPT-5.6 Luna
1,0.8755555748939514,513,ai_chinh_tri_0159_gemini-3.7-flash
0,0.9043824672698976,768,f4abf04b3a5d1292
1,0.9057971239089966,686,ai_giao_duc_0149_GPT-5.6 Luna
1,0.8410041928291321,531,ai_the_thao_0678_gemini-3.7-flash
1,0.9166666865348816,514,ai_kinh_te_0340_gemini-3.7-flash
0,0.7927631735801697,768,3733870351e5d2c4
1,0.8738738894462585,530,ai_giao_duc_0252_gemini-3.7-flash
0,0.8977272510528564,512,9ff329242f504a37
0,0.9824561476707458,512,c9ff3da23a1edd7b
0,1.020134210586548,631,1d2e48a60b76e441
0,0.970802903175354,768,2f44179aa6178bd7
1,0.8546099066734314,685,ai_xa_hoi_0638_GPT-5.6 Luna
1,0.8582996129989624,521,ai_the_thao_0796_gemini-3.7-flash
1,0.8546099066734314,686,ai_chinh_tri_0074_GPT-5.6 Luna
0,0.957446813583374,701,489947182ded5a4a
0,1.0,768,4fa9643d21387e17
1,0.9004328846931458,566,ai_chinh_tri_0550_gemini-3.7-flash
1,0.8695651888847351,684,ai_the_thao_0667_GPT-5.6 Luna
1,0.9194915294647216,497,ai_xa_hoi_0496_gemini-3.7-flash
0,0.9307692050933838,512,39e98d8dca423a98
0,0.9930555820465088,553,ece8f29a177e4ebd
0,0.9030836820602416,594,a5d0233e3d92739a
0,0.9618320465087892,537,53c801de3a64f07d
1,0.8731883764266968,684,ai_van_hoa_0670_GPT-5.6 Luna
0,0.9855072498321532,676,443a731de2a8daec
0,0.9927536249160768,563,e8ac4188ce843b10
1,0.8840579986572266,686,ai_giao_duc_0285_GPT-5.6 Luna
1,0.8925926089286804,684,ai_kinh_te_0084_GPT-5.6 Luna
0,1.0155038833618164,699,742c13ecc63ef005
1,0.8784722089767456,686,ai_the_thao_0145_GPT-5.6 Luna
0,0.956250011920929,274,31c6228f635fcb9d
0,0.9586206674575806,610,bb9b6a0ee8b1a01d
1,0.8933823704719543,684,ai_giao_duc_0458_GPT-5.6 Luna
1,0.912350594997406,515,ai_kinh_te_0656_gemini-3.7-flash
0,1.0350877046585083,612,fc675aa320d5b989
0,1.0444444417953491,512,bcaa5ff0409d3ee3
1,0.9404255151748656,533,ai_xa_hoi_0090_gemini-3.7-flash
0,1.0072463750839231,682,cafcc591920563c6
1,0.8623188138008118,685,ai_van_hoa_0147_GPT-5.6 Luna
1,0.8607142567634583,686,ai_xa_hoi_0326_GPT-5.6 Luna
1,0.828000009059906,529,ai_the_thao_0018_gemini-3.7-flash
0,0.9473684430122375,512,b4757c1cc690df51
1,0.8652482032775879,684,ai_the_thao_0083_GPT-5.6 Luna
1,0.8695651888847351,684,ai_van_hoa_0254_GPT-5.6 Luna
1,0.9230769276618958,494,ai_xa_hoi_0724_gemini-3.7-flash
0,0.9597315192222596,768,44825f26be234a7a
0,0.9770992398262024,768,b2b495a49b982aa4
1,0.8617021441459656,684,ai_the_thao_0032_GPT-5.6 Luna
0,1.0214285850524902,657,68ba73f0137e4fe4
1,0.8799999952316284,554,ai_the_thao_0283_gemini-3.7-flash
0,0.9905660152435304,512,c42350004cb962ff
1,0.8690476417541504,568,ai_kinh_te_0450_gemini-3.7-flash
0,0.9448275566101074,718,541335bbd7fc6fd4
0,0.9285714030265808,666,94de4f2a1b1b1025
0,1.172897219657898,512,848f0c28dabbac5f
0,1.0,768,8fb259a0d9adb817
1,0.8586956262588501,684,ai_van_hoa_0574_GPT-5.6 Luna
1,0.8652482032775879,685,ai_the_thao_0363_GPT-5.6 Luna
0,0.946107804775238,768,d8c4715fb24ee66b
0,0.9200000166893004,768,54d86b1c3403732c
1,0.8633093237876892,687,ai_kinh_te_0816_GPT-5.6 Luna
1,0.912350594997406,515,ai_kinh_te_0536_gemini-3.7-flash
1,0.8623188138008118,685,ai_giao_duc_0068_GPT-5.6 Luna
0,1.0243902206420898,512,5d1b2aed9199f28e
1,0.8978102207183838,686,ai_kinh_te_0427_GPT-5.6 Luna
0,0.9797979593276978,640,010b741b5fd6e35b
1,0.8755555748939514,513,ai_chinh_tri_0759_gemini-3.7-flash
1,0.8991228342056274,565,ai_chinh_tri_0170_gemini-3.7-flash
0,1.0,669,24066762756f9f53
1,0.867521345615387,600,ai_giao_duc_0577_gemini-3.7-flash
0,1.0,674,1419942aca633c9c
1,0.8424657583236694,685,ai_chinh_tri_0796_GPT-5.6 Luna
0,0.9940119981765748,668,4f785a1aedb03775
1,0.8799999952316284,554,ai_the_thao_0131_gemini-3.7-flash
0,0.9707112908363342,512,f471844d83838ce6
1,0.9279661178588868,569,ai_xa_hoi_0181_gemini-3.7-flash
0,1.0934579372406006,545,ef23b42f2c02b3c3
1,0.8607142567634583,687,ai_van_hoa_0540_GPT-5.6 Luna
1,0.895652174949646,545,ai_chinh_tri_0224_gemini-3.7-flash
1,0.8813559412956238,574,ai_van_hoa_0205_gemini-3.7-flash
0,0.908088207244873,768,c8c400ef08784361
0,1.0331950187683103,768,9f7344227957403e
1,0.886956512928009,596,ai_the_thao_0741_gemini-3.7-flash
1,0.8623188138008118,684,ai_chinh_tri_0775_GPT-5.6 Luna
1,0.8860294222831726,684,ai_giao_duc_0833_GPT-5.6 Luna
1,0.8733624219894409,545,ai_chinh_tri_0204_gemini-3.7-flash
0,0.9042553305625916,512,867dc70831b02897
1,0.8297872543334961,684,ai_van_hoa_0061_GPT-5.6 Luna
1,0.8473895788192749,521,ai_the_thao_0396_gemini-3.7-flash
1,0.8784722089767456,686,ai_the_thao_0625_GPT-5.6 Luna
1,0.8741007447242737,685,ai_xa_hoi_0171_GPT-5.6 Luna
1,0.8759124279022217,684,ai_van_hoa_0166_GPT-5.6 Luna
1,0.8868613243103027,686,ai_kinh_te_0752_GPT-5.6 Luna
1,0.9004328846931458,566,ai_chinh_tri_0022_gemini-3.7-flash
1,0.8759124279022217,686,ai_chinh_tri_0169_GPT-5.6 Luna
1,0.84375,685,ai_van_hoa_0703_GPT-5.6 Luna
1,0.925110161304474,599,ai_giao_duc_0677_gemini-3.7-flash
0,1.0320855379104614,512,5a1615be3af626f2
1,0.8735178112983704,644,ai_kinh_te_0197_gemini-3.7-flash
1,0.85447758436203,530,ai_kinh_te_0519_gemini-3.7-flash
0,1.05633807182312,512,c411a4ea001ea134
0,1.0170212984085083,645,4e1cd1d96a71a09a
0,0.9918032884597778,739,ba192801db6c3361
0,0.9842519760131836,512,3810c6cf86a32452
1,0.8794642686843872,544,ai_van_hoa_0008_gemini-3.7-flash
1,0.9014598727226256,686,ai_giao_duc_0341_GPT-5.6 Luna
0,0.9957627058029176,512,e45f43bd7634cf60
1,0.8617021441459656,685,ai_kinh_te_0175_GPT-5.6 Luna
0,0.9360902309417723,512,11b7eff4112eadae
0,1.0211864709854126,557,99b257eaee1813a8
1,0.8758864998817444,686,ai_xa_hoi_0108_GPT-5.6 Luna
0,0.9650349617004396,554,8d484fde854aa8e8
0,1.0204081535339355,654,d3ada813e97a6615
0,1.0361990928649902,648,b51f4bb49a2f0a3a
0,0.962616801261902,503,1a4bd143a7a936d7
1,0.8392857313156128,684,ai_chinh_tri_0430_GPT-5.6 Luna
0,1.0295566320419312,652,88a2e40f03dbd044
1,0.85447758436203,530,ai_kinh_te_0455_gemini-3.7-flash
0,0.964028775691986,768,8d1a81fc4ca136f8
0,0.96815288066864,675,a8619effd73bf1dd
1,0.9234449863433838,551,ai_xa_hoi_0363_gemini-3.7-flash
0,1.0717488527297974,613,391b4073b424784c
1,0.829365074634552,523,ai_the_thao_0520_gemini-3.7-flash
0,0.9446640610694884,512,318067a384792007
1,0.85447758436203,530,ai_kinh_te_0183_gemini-3.7-flash
0,1.0,738,c22c6841ee99633e
0,0.9925373196601868,511,34e8a1b539ebc131
0,0.8928571343421936,729,86fb6beaea0bbe90
1,0.9014084339141846,550,ai_xa_hoi_0023_gemini-3.7-flash
0,0.9205020666122437,661,e2fa3a09924b8f7f
1,0.867521345615387,600,ai_giao_duc_0817_gemini-3.7-flash
0,1.0091323852539062,531,03d5a60805860b65
0,1.034246563911438,555,84ae706a843ec612
1,0.9166666865348816,514,ai_kinh_te_0100_gemini-3.7-flash
0,0.9781659245491028,768,5dfdef81fcdbf23b
0,1.0055248737335205,512,7bfa1ff7bc889a66
0,1.0078740119934082,613,aa8bdc4ac89be3c3
0,0.969298243522644,768,8e7ca00082d0d1cd
0,1.0088495016098022,652,03828036ef9ee0a8
0,1.0229008197784424,512,8ee21549b7d61f44
0,0.9909502267837524,768,c31a34e423d33b9e
0,1.0073529481887815,512,8e88000750622339
0,0.981249988079071,662,0cba1abee608a61f
1,0.8767605423927307,686,ai_giao_duc_0022_GPT-5.6 Luna
0,1.0290457010269165,671,08937332d3d871ca
1,0.8666666746139526,530,ai_giao_duc_0576_gemini-3.7-flash
1,0.9242424368858336,596,ai_chinh_tri_0041_gemini-3.7-flash
1,0.85447758436203,530,ai_kinh_te_0255_gemini-3.7-flash
0,1.0,512,eb029d79d5725c4b
1,0.8458904027938843,685,ai_the_thao_0108_GPT-5.6 Luna
1,0.8813559412956238,574,ai_van_hoa_0469_gemini-3.7-flash
0,1.036866307258606,686,0c5724c56052352f
0,1.0078125,708,b4fc1777165efd4f
0,1.0451127290725708,544,a3bdcd4ea47833b9
1,0.8678571581840515,686,ai_chinh_tri_0251_GPT-5.6 Luna
1,0.8586207032203674,686,ai_the_thao_0121_GPT-5.6 Luna
1,0.8738738894462585,530,ai_giao_duc_0460_gemini-3.7-flash
1,0.8410041928291321,531,ai_the_thao_0598_gemini-3.7-flash
1,0.8759124279022217,685,ai_chinh_tri_0513_GPT-5.6 Luna
0,0.9764705896377563,665,fa5985af5c09fe9e
1,0.8758864998817444,685,ai_the_thao_0492_GPT-5.6 Luna
1,0.8782608509063721,547,ai_van_hoa_0100_gemini-3.7-flash
1,0.9166666865348816,514,ai_kinh_te_0260_gemini-3.7-flash
0,0.9226519465446472,623,cd99cf5bc878ada6
0,0.9800000190734864,579,f5af9844211be427
1,0.8601398468017578,686,ai_the_thao_0757_GPT-5.6 Luna
1,0.9234449863433838,551,ai_xa_hoi_0019_gemini-3.7-flash
0,0.9930555820465088,608,f427ffd47af2f5da
1,0.8782608509063721,547,ai_van_hoa_0540_gemini-3.7-flash
0,1.037313461303711,768,8e3bfe1c248d8520
1,0.8473895788192749,521,ai_the_thao_0716_gemini-3.7-flash
1,0.8525179624557495,684,ai_van_hoa_0517_GPT-5.6 Luna
1,0.8888888955116272,684,ai_xa_hoi_0543_GPT-5.6 Luna
0,1.069930076599121,709,ddfbbe15f0e61a7b
1,0.8755555748939514,513,ai_chinh_tri_0343_gemini-3.7-flash
1,0.8496503233909607,686,ai_xa_hoi_0306_GPT-5.6 Luna
0,0.9378530979156494,512,1527574af18570d2
0,0.934108555316925,688,becefbf7da407a04
1,0.828000009059906,529,ai_the_thao_0618_gemini-3.7-flash
1,0.8514492511749268,684,ai_giao_duc_0649_GPT-5.6 Luna
0,0.9615384340286256,512,e878ec86caa3db0d
1,0.9279661178588868,569,ai_xa_hoi_0413_gemini-3.7-flash
0,0.932692289352417,512,3a43e48cd8542247
1,0.9014084339141846,550,ai_xa_hoi_0375_gemini-3.7-flash
1,0.8607142567634583,686,ai_xa_hoi_0806_GPT-5.6 Luna
1,0.8782608509063721,547,ai_van_hoa_0204_gemini-3.7-flash
1,0.9279661178588868,569,ai_xa_hoi_0205_gemini-3.7-flash
1,0.8426573276519775,684,ai_xa_hoi_0608_GPT-5.6 Luna
1,0.8776978254318237,684,ai_the_thao_0235_GPT-5.6 Luna
1,0.8514492511749268,684,ai_giao_duc_0409_GPT-5.6 Luna
0,0.9444444179534912,695,ee1bde4a35e2d71e
1,0.8848921060562134,686,ai_giao_duc_0183_GPT-5.6 Luna
0,0.8722627758979797,668,5534b480ad2ead78
0,1.0,768,73e7a328f88a6132
1,0.8777777552604675,684,ai_giao_duc_0489_GPT-5.6 Luna
0,0.9880478382110596,755,0f86d508312304a0
0,1.0133333206176758,542,46b0ea3c283a6264
0,0.9923664331436156,512,dfd469f6176981e0
0,1.0128204822540283,512,76f89bd150ef5d42
0,1.0,575,b98c67a853f2245a
0,0.9555555582046508,768,79d7c875277e5fa5
0,0.9934640526771544,695,b3c293624b4e4a1b
1,0.8360000252723694,557,ai_van_hoa_0707_gemini-3.7-flash
0,1.0152671337127686,512,56df26efd82717ba
1,0.9531915187835692,531,ai_xa_hoi_0198_gemini-3.7-flash
1,0.8733624219894409,545,ai_chinh_tri_0620_gemini-3.7-flash
1,0.8483412265777588,560,ai_giao_duc_0623_gemini-3.7-flash
0,0.9686274528503418,512,6dea449877796beb
0,1.015625,640,4eaf19c925403e21
0,1.13043475151062,635,dfdafc82752c8e20
0,0.9163346886634828,512,849de59c2c08d472
1,0.8840579986572266,685,ai_chinh_tri_0141_GPT-5.6 Luna
0,1.0,577,48633aaddd5e3b01
1,0.8854166865348816,686,ai_the_thao_0377_GPT-5.6 Luna
0,1.0091323852539062,512,b4de0e96e784eb09
0,0.9577465057373048,629,83d900aa5b3fe386
0,0.9882352948188782,512,72d08aa620f397cd
0,0.9663865566253662,680,3431ac9d2cd97477
0,0.9790209531784058,768,4659f4d3ea75c2c1
1,0.8999999761581421,684,ai_kinh_te_0164_GPT-5.6 Luna
1,0.8782608509063721,547,ai_van_hoa_0500_gemini-3.7-flash
1,0.8776978254318237,685,ai_kinh_te_0717_GPT-5.6 Luna
0,1.0,567,b12c6460d682f637
0,0.9866666793823242,696,a84e3279494fe1f6
0,1.0075187683105469,512,61b7cb73e23edc3e
1,0.9004328846931458,566,ai_chinh_tri_0318_gemini-3.7-flash
1,0.8423236608505249,517,ai_giao_duc_0566_gemini-3.7-flash
1,0.9242424368858336,596,ai_chinh_tri_0769_gemini-3.7-flash
1,0.8913043737411499,686,ai_giao_duc_0317_GPT-5.6 Luna
0,0.9399999976158142,556,654ba2a4beaee0a5
0,0.9716312289237976,576,7c81a785eb01ba39
0,0.95302015542984,768,5fc28de2f4272db8
1,0.8623188138008118,686,ai_xa_hoi_0301_GPT-5.6 Luna
1,0.8473895788192749,521,ai_the_thao_0588_gemini-3.7-flash
0,0.9604743123054504,768,1e5e08bfd519a28e
1,0.8776978254318237,686,ai_giao_duc_0439_GPT-5.6 Luna
1,0.9037036895751952,684,ai_kinh_te_0364_GPT-5.6 Luna
1,0.8723404407501221,686,ai_xa_hoi_0062_GPT-5.6 Luna
1,0.8731883764266968,686,ai_giao_duc_0711_GPT-5.6 Luna
0,1.0162601470947266,639,2ae821f7ce8f9d55
1,0.9404255151748656,533,ai_xa_hoi_0314_gemini-3.7-flash
1,0.8525179624557495,684,ai_chinh_tri_0830_GPT-5.6 Luna
1,0.8888888955116272,643,ai_kinh_te_0537_gemini-3.7-flash
0,0.8783068656921387,768,8fb54c037e92d81e
1,0.9910714030265808,550,ai_van_hoa_0306_gemini-3.7-flash
1,0.817829430103302,523,ai_the_thao_0784_gemini-3.7-flash
1,0.8576642274856567,684,ai_van_hoa_0262_GPT-5.6 Luna
0,0.8865979313850403,512,d1866927bbf7c55c
0,0.9202898740768432,662,17f570db9468df3d
1,0.8690476417541504,568,ai_kinh_te_0618_gemini-3.7-flash
1,0.8813559412956238,574,ai_van_hoa_0477_gemini-3.7-flash
0,0.9300699234008788,512,91f1723471d19e1e
0,0.9701492786407472,512,8639b54342b06668
1,0.9194915294647216,497,ai_xa_hoi_0752_gemini-3.7-flash
1,0.8389830589294434,554,ai_the_thao_0215_gemini-3.7-flash
0,0.9577465057373048,681,30d4e5dc309dd0fc
0,0.9950248599052428,512,110a1cc4fc01b32c
1,0.8472222089767456,685,ai_van_hoa_0794_GPT-5.6 Luna
0,0.9568345546722412,512,611c2cb889528b7c
1,0.8758864998817444,686,ai_kinh_te_0001_GPT-5.6 Luna
1,0.8368794322013855,683,ai_xa_hoi_0216_GPT-5.6 Luna
1,0.8868613243103027,685,ai_xa_hoi_0219_GPT-5.6 Luna
1,0.8848921060562134,686,ai_xa_hoi_0300_GPT-5.6 Luna
0,1.0,668,82bbec76ecd875ae
0,0.9266666769981384,512,87d3ae385361a0b3
1,0.8584070801734924,544,ai_van_hoa_0288_gemini-3.7-flash
1,0.9279661178588868,569,ai_xa_hoi_0157_gemini-3.7-flash
1,0.828000009059906,529,ai_the_thao_0146_gemini-3.7-flash
1,0.8767605423927307,685,ai_the_thao_0340_GPT-5.6 Luna
0,1.0,512,ef55b02f34f6c105
0,1.0,525,5d79252cfdf4d1a4
1,0.8510638475418091,685,ai_chinh_tri_0366_GPT-5.6 Luna
0,1.006250023841858,510,b3c2fca816e65899
0,1.0,614,50b7f080eda3eb2e
1,0.828000009059906,529,ai_the_thao_0194_gemini-3.7-flash
1,0.9242424368858336,596,ai_chinh_tri_0169_gemini-3.7-flash
1,0.8758864998817444,685,ai_the_thao_0012_GPT-5.6 Luna
0,0.951724112033844,674,60c55f95f4c63188
1,0.8639705777168274,684,ai_giao_duc_0505_GPT-5.6 Luna
1,0.8528138399124146,575,ai_van_hoa_0209_gemini-3.7-flash
1,0.8695651888847351,686,ai_giao_duc_0151_GPT-5.6 Luna
0,1.0084034204483032,509,78968574af78e80d
1,0.8813559412956238,574,ai_van_hoa_0149_gemini-3.7-flash
1,0.904411792755127,686,ai_giao_duc_0379_GPT-5.6 Luna
1,0.8483412265777588,560,ai_giao_duc_0239_gemini-3.7-flash
0,0.956250011920929,272,dfea0b2c48556b54
0,0.9127516746520996,512,1db2b8362ec57f23
0,1.0192307233810425,632,8b59ae47cfd37f51
0,0.949999988079071,655,57c07688fbed8dac
1,0.8690476417541504,568,ai_kinh_te_0378_gemini-3.7-flash
1,0.8515625,567,ai_kinh_te_0358_gemini-3.7-flash
0,0.9455782175064088,768,56d7c0b94ea490cd
0,1.0117647647857666,512,6a9236c74754eeca
0,1.040816307067871,512,8344543cd197b91f
1,0.8706293702125549,686,ai_xa_hoi_0412_GPT-5.6 Luna
0,0.9666666388511658,647,64ce399c6f1b994c
1,0.8713235259056091,684,ai_giao_duc_0705_GPT-5.6 Luna
0,1.070512771606445,584,4e5e15031ee3646d
0,1.0184049606323242,679,7ce69ef10d10d29f
1,0.895652174949646,545,ai_chinh_tri_0568_gemini-3.7-flash
0,1.0499999523162842,612,3db7816ea5eeb5f3
0,0.8706293702125549,512,12dac84f29f1b849
0,0.9795918464660645,768,6d6fde20b3dbee40
0,0.9369369149208068,667,681b3f8fde5cb98f
0,1.0378787517547607,659,df0803a7785c13bb
1,0.8630136847496033,686,ai_the_thao_0281_GPT-5.6 Luna
1,0.8714285492897034,686,ai_xa_hoi_0284_GPT-5.6 Luna
0,0.95302015542984,512,4e726cd233d5f341
1,0.8829787373542786,686,ai_kinh_te_0486_GPT-5.6 Luna
1,0.8424657583236694,685,ai_chinh_tri_0556_GPT-5.6 Luna
1,0.8483412265777588,560,ai_giao_duc_0383_gemini-3.7-flash
0,0.9492753744125366,563,b8502a622309bebc
1,0.9234449863433838,551,ai_xa_hoi_0219_gemini-3.7-flash
1,0.8695651888847351,684,ai_van_hoa_0014_GPT-5.6 Luna
1,0.8219696879386902,555,ai_van_hoa_0423_gemini-3.7-flash
1,0.9279661178588868,569,ai_xa_hoi_0141_gemini-3.7-flash
1,0.9227467775344848,570,ai_xa_hoi_0153_gemini-3.7-flash
1,0.866906464099884,685,ai_chinh_tri_0458_GPT-5.6 Luna
1,0.8666666746139526,530,ai_giao_duc_0248_gemini-3.7-flash
1,0.8576388955116272,685,ai_the_thao_0420_GPT-5.6 Luna
1,0.8591549396514893,685,ai_the_thao_0830_GPT-5.6 Luna
1,0.8219696879386902,555,ai_van_hoa_0503_gemini-3.7-flash
1,0.8690476417541504,568,ai_kinh_te_0114_gemini-3.7-flash
0,0.973154366016388,768,ccbef1ac59756505
0,0.9740259647369384,749,bcbe4154cf012b61
1,0.8829787373542786,685,ai_the_thao_0826_GPT-5.6 Luna
0,1.0263158082962036,685,529a8b6c5e6962c1
0,0.9872340559959412,512,c72262b174be6092
0,0.9675675630569458,537,1625a44ea3a8516a
0,1.0229008197784424,534,ae3e0a0bf37e4299
0,1.0876288414001465,606,2cc00835680d9979
1,0.8738738894462585,530,ai_giao_duc_0180_gemini-3.7-flash
1,0.8453237414360046,684,ai_chinh_tri_0382_GPT-5.6 Luna
1,0.8735178112983704,644,ai_kinh_te_0381_gemini-3.7-flash
1,0.8423236608505249,517,ai_giao_duc_0678_gemini-3.7-flash
0,1.0232558250427246,689,e5fa0037950e3799
0,1.020689606666565,597,8edba36d6438ebf2
0,0.9503105878829956,665,5758fa7185a94d0d
0,0.9650349617004396,737,529686d118f9a023
1,0.912350594997406,515,ai_kinh_te_0136_gemini-3.7-flash
0,0.9856114983558656,630,417920ae47604117
0,1.0071429014205933,512,4df925024ffd04b3
0,0.963235318660736,610,2b020a2dac8d01ce
0,0.90625,512,bbe1dabe02a977ee
0,1.0,657,227b421449f48384
1,0.8804348111152649,685,ai_kinh_te_0679_GPT-5.6 Luna
0,0.9855072498321532,768,34108144dfe1dd10
1,0.8453237414360046,684,ai_chinh_tri_0622_GPT-5.6 Luna
1,0.8952381014823914,595,ai_chinh_tri_0421_gemini-3.7-flash
1,0.8840579986572266,686,ai_giao_duc_0645_GPT-5.6 Luna
1,0.8556337952613831,686,ai_van_hoa_0640_GPT-5.6 Luna
0,1.0058823823928833,613,4135c4ec764848df
1,0.8590308427810669,595,ai_the_thao_0665_gemini-3.7-flash
0,1.0,505,ef2f185be3012d58
0,1.0654205083847046,665,81828401ff8de441
1,0.8483412265777588,560,ai_giao_duc_0191_gemini-3.7-flash
0,0.952662706375122,768,9c56dcbfb63e7c6d
1,0.9279661178588868,569,ai_xa_hoi_0789_gemini-3.7-flash
1,0.908088207244873,686,ai_giao_duc_0083_GPT-5.6 Luna
1,0.8690476417541504,568,ai_kinh_te_0426_gemini-3.7-flash
0,0.95703125,768,ee6b07aed6375a01
0,0.9473684430122375,768,038778541cc4230e
0,0.946107804775238,768,f52ac43031059742
0,0.9932885766029358,681,d5d2fdcdfeaba0ba
1,0.8731883764266968,685,ai_kinh_te_0509_GPT-5.6 Luna
0,0.9863945841789246,512,59715ba9efe69157
1,0.8392857313156128,684,ai_chinh_tri_0758_GPT-5.6 Luna
1,0.8321917653083801,684,ai_chinh_tri_0420_GPT-5.6 Luna
0,0.9896907210350036,624,66c36ab98ee20d02
1,0.8392857313156128,684,ai_chinh_tri_0310_GPT-5.6 Luna
1,0.8759124279022217,686,ai_xa_hoi_0035_GPT-5.6 Luna
1,0.9234449863433838,551,ai_xa_hoi_0715_gemini-3.7-flash
1,0.8821428418159485,685,ai_the_thao_0692_GPT-5.6 Luna
1,0.8755555748939514,513,ai_chinh_tri_0167_gemini-3.7-flash
1,0.8410041928291321,531,ai_the_thao_0326_gemini-3.7-flash
0,0.9509202241897584,512,f2f54466eab60f52
0,0.917241394519806,768,69694a51f6d14e97
0,0.9932432174682616,512,3f5545d6f3d4223b
0,0.8489208817481995,668,00e14aaab402706e
1,0.8741007447242737,686,ai_giao_duc_0375_GPT-5.6 Luna
0,0.9927007555961608,768,5f5b692942ca3ad8
1,0.8695651888847351,684,ai_chinh_tri_0821_GPT-5.6 Luna
0,1.0551724433898926,512,bf43d14ae83a2d92
1,0.8652482032775879,684,ai_the_thao_0080_GPT-5.6 Luna
1,0.8464285731315613,684,ai_van_hoa_0677_GPT-5.6 Luna
1,0.8515625,567,ai_kinh_te_0654_gemini-3.7-flash
1,0.8426573276519775,686,ai_xa_hoi_0530_GPT-5.6 Luna
0,0.9571428298950196,768,7885ad821f9ddadc
1,0.9014084339141846,550,ai_xa_hoi_0735_gemini-3.7-flash
0,0.9384615421295166,638,dd1b4a96cea69962
1,0.9234449863433838,551,ai_xa_hoi_0227_gemini-3.7-flash
1,0.8584070801734924,544,ai_van_hoa_0280_gemini-3.7-flash
0,1.0063694715499878,659,c52df8521c514a8e
0,0.9857142567634584,647,22b8ade69761c109
1,0.8515625,567,ai_kinh_te_0374_gemini-3.7-flash
1,0.9242424368858336,596,ai_chinh_tri_0433_gemini-3.7-flash
1,0.8623188138008118,684,ai_chinh_tri_0467_GPT-5.6 Luna
1,0.9531915187835692,531,ai_xa_hoi_0494_gemini-3.7-flash
1,0.8714285492897034,686,ai_xa_hoi_0670_GPT-5.6 Luna
1,0.9910714030265808,550,ai_van_hoa_0442_gemini-3.7-flash
0,1.0270270109176636,512,cba8d584182e29c2
1,0.8341013789176941,561,ai_giao_duc_0139_gemini-3.7-flash
1,0.8546099066734314,684,ai_giao_duc_0584_GPT-5.6 Luna
1,0.8391608595848083,684,ai_xa_hoi_0760_GPT-5.6 Luna
1,0.8925926089286804,684,ai_giao_duc_0266_GPT-5.6 Luna
1,0.8991228342056274,565,ai_chinh_tri_0466_gemini-3.7-flash
0,0.9696969985961914,554,e4caac17c5e52995
0,1.0,512,6afa99f0c590d6b0
0,1.0,512,7974c6ad931c3fb9
0,0.9066666960716248,556,989b2840df46c718
1,0.8576388955116272,686,ai_the_thao_0733_GPT-5.6 Luna
1,0.8767605423927307,686,ai_giao_duc_0502_GPT-5.6 Luna
1,0.8500000238418579,684,ai_van_hoa_0281_GPT-5.6 Luna
0,0.9094203114509584,567,69bc864155ad1e68
0,0.9931507110595704,646,11bd9023ea7991be
1,0.8731883764266968,684,ai_kinh_te_0639_GPT-5.6 Luna
1,0.8771186470985413,574,ai_van_hoa_0029_gemini-3.7-flash
1,0.8633093237876892,685,ai_chinh_tri_0627_GPT-5.6 Luna
0,1.0329217910766602,768,a9576459a006788e
0,1.0,684,ef1fde05fb504e0d
1,0.8392857313156128,684,ai_chinh_tri_0510_GPT-5.6 Luna
1,0.9004328846931458,566,ai_chinh_tri_0054_gemini-3.7-flash
0,0.953125,512,64e6147ce0e74c2c
1,0.8413792848587036,686,ai_xa_hoi_0818_GPT-5.6 Luna
0,0.8430232405662537,747,ab10dad6e220d06b
0,0.97826087474823,768,80c250c0d2b3af60
1,0.8464285731315613,684,ai_van_hoa_0557_GPT-5.6 Luna
1,0.85447758436203,530,ai_kinh_te_0639_gemini-3.7-flash
0,0.9701492786407472,682,5343611cf0a87b84
1,0.817829430103302,523,ai_the_thao_0800_gemini-3.7-flash
1,0.85447758436203,530,ai_kinh_te_0567_gemini-3.7-flash
1,0.8804348111152649,686,ai_giao_duc_0364_GPT-5.6 Luna
0,0.9677419066429138,768,c89a5db1191dfbfe
0,1.0615384578704834,512,d47825d79f2c76d6
1,0.8584070801734924,544,ai_van_hoa_0472_gemini-3.7-flash
0,0.9285714030265808,664,530bc4a54e364e48
1,0.8859649300575256,518,ai_giao_duc_0138_gemini-3.7-flash
1,0.8546099066734314,684,ai_the_thao_0040_GPT-5.6 Luna
0,0.9379844665527344,512,d03b5a88c54bbcb1
0,0.9346405267715454,511,148f0ff3c087d5ad
0,1.0466666221618652,512,6fdbfc0bd6c941b2
0,1.015625,534,c6b3cd7026f9c467
0,1.0119999647140503,666,b49e06fce10acefd
1,0.8776978254318237,686,ai_xa_hoi_0804_GPT-5.6 Luna
0,0.8791666626930237,512,fd40404857dca94f
0,1.010695219039917,768,629e49f15f00288d
1,0.9242424368858336,596,ai_chinh_tri_0129_gemini-3.7-flash
1,0.8741007447242737,685,ai_xa_hoi_0531_GPT-5.6 Luna
0,0.9659863710403442,513,169022c25bcdea9f
1,0.8991228342056274,565,ai_chinh_tri_0298_gemini-3.7-flash
1,0.9404255151748656,533,ai_xa_hoi_0130_gemini-3.7-flash
1,0.8759124279022217,686,ai_xa_hoi_0587_GPT-5.6 Luna
0,1.015625,559,cfe54a0af42e6db9
0,1.045454502105713,512,dc1e52ca85ba0cdf
0,0.9828571677207948,768,f9db91184afa409f
1,0.8450704216957092,685,ai_xa_hoi_0733_GPT-5.6 Luna
0,0.918367326259613,768,b1b148850d88e38b
1,0.8723404407501221,685,ai_kinh_te_0611_GPT-5.6 Luna
1,0.8561151027679443,684,ai_van_hoa_0411_GPT-5.6 Luna
0,0.8425197005271912,558,a891ffe510186b3c
1,0.8686131238937378,684,ai_van_hoa_0582_GPT-5.6 Luna
0,0.9554139971733092,768,b2c747995b0bfde7
1,0.8450704216957092,684,ai_van_hoa_0173_GPT-5.6 Luna
1,0.9230769276618958,494,ai_xa_hoi_0044_gemini-3.7-flash
1,0.829365074634552,523,ai_the_thao_0552_gemini-3.7-flash
1,0.8607142567634583,687,ai_van_hoa_0180_GPT-5.6 Luna
1,0.9242424368858336,596,ai_chinh_tri_0609_gemini-3.7-flash
1,0.8652482032775879,685,ai_the_thao_0130_GPT-5.6 Luna
0,1.0394736528396606,768,99d1a3ce0757c381
1,0.8735178112983704,644,ai_kinh_te_0421_gemini-3.7-flash
1,0.8735178112983704,644,ai_kinh_te_0285_gemini-3.7-flash
1,0.8813559412956238,574,ai_van_hoa_0165_gemini-3.7-flash
0,0.9534883499145508,512,087af88f848c95f6
1,0.9404255151748656,533,ai_xa_hoi_0682_gemini-3.7-flash
1,0.8485915660858154,685,ai_van_hoa_0536_GPT-5.6 Luna
0,1.057692289352417,658,4bcb4bf1ae2812f5
0,0.9744681119918824,768,b6615453bcbf7255
1,0.8410041928291321,531,ai_the_thao_0502_gemini-3.7-flash
0,0.9794520735740662,660,d22f046fc891477c
1,0.9404255151748656,533,ai_xa_hoi_0746_gemini-3.7-flash
1,0.8738738894462585,530,ai_giao_duc_0116_gemini-3.7-flash
0,1.0204081535339355,634,f141b6f14862fdd8
0,0.9028339982032776,768,443dfa55341ea226
1,0.8541666865348816,686,ai_the_thao_0589_GPT-5.6 Luna
0,1.0378787517547607,768,04162d16a828ba30
1,0.8848921060562134,685,ai_the_thao_0042_GPT-5.6 Luna
0,1.1503268480300903,617,f42a32ac175f22ba
1,0.8541666865348816,686,ai_the_thao_0709_GPT-5.6 Luna
1,0.8785714507102966,685,ai_kinh_te_0419_GPT-5.6 Luna
0,0.95302015542984,527,e411cd946dd2a5fd
0,0.8674033284187317,522,4e794fc138c4bd77
0,1.04347825050354,768,60aeadfd54786269
0,1.028777003288269,682,ce7b003d3c935a90
1,0.8333333134651184,530,ai_kinh_te_0683_gemini-3.7-flash
1,0.8321678042411804,685,ai_van_hoa_0196_GPT-5.6 Luna
0,0.9743589758872986,520,545d7b7af6c212ab
1,0.85447758436203,530,ai_kinh_te_0151_gemini-3.7-flash
0,0.84765625,663,01d0ae36d8f2f521
1,0.8586956262588501,686,ai_kinh_te_0565_GPT-5.6 Luna
1,0.8389830589294434,554,ai_the_thao_0079_gemini-3.7-flash
1,0.8426573276519775,686,ai_xa_hoi_0794_GPT-5.6 Luna
0,1.0839160680770874,768,bf9eb2d90448245f
0,0.9100719690322876,685,069cdb36a32b2c90
1,0.8723404407501221,685,ai_the_thao_0195_GPT-5.6 Luna
1,0.8636363744735718,686,ai_the_thao_0814_GPT-5.6 Luna
0,0.9955157041549684,512,1775307c0611ab9a
1,0.8829787373542786,685,ai_kinh_te_0459_GPT-5.6 Luna
1,0.8546099066734314,685,ai_van_hoa_0305_GPT-5.6 Luna
1,0.8483412265777588,560,ai_giao_duc_0271_gemini-3.7-flash
0,0.9928571581840516,695,2d7efd40a234a253
1,0.8423236608505249,517,ai_giao_duc_0150_gemini-3.7-flash
0,0.9831223487854004,512,0560348fd94c469a
1,0.9404255151748656,533,ai_xa_hoi_0162_gemini-3.7-flash
0,0.9434782862663268,680,5bb6c17bef42cddc
0,1.0764330625534058,768,bdf34e104701930e
0,1.0076923370361328,512,f6da2499a29f3416
1,0.829365074634552,523,ai_the_thao_0456_gemini-3.7-flash
0,0.9883720874786376,689,2eb78fb63360ebc7
1,0.8360000252723694,557,ai_van_hoa_0443_gemini-3.7-flash
0,0.8999999761581421,703,5f0cfca8977f71c6
1,0.8617021441459656,685,ai_van_hoa_0072_GPT-5.6 Luna
1,0.9154411554336548,685,ai_kinh_te_0116_GPT-5.6 Luna
0,1.0119047164916992,693,aae33cd860e23147
1,0.8735178112983704,644,ai_kinh_te_0117_gemini-3.7-flash
0,1.017699122428894,512,a1d4b97bc0286c47
0,1.0,567,adbd004438101473
0,0.9136690497398376,653,462c6b2752255908
0,1.0338983535766602,768,b6053481602e458b
1,0.8219696879386902,555,ai_van_hoa_0279_gemini-3.7-flash
0,1.0,768,efc40d47783ce711
0,1.0955413579940796,526,c2223be2b1fbe750
0,0.9935483932495116,512,727cff704ab66ac2
0,1.0194804668426514,701,ff200b8ea5392361
0,1.012930989265442,512,03858e552860293f
1,0.8389830589294434,554,ai_the_thao_0319_gemini-3.7-flash
1,0.8652482032775879,685,ai_the_thao_0003_GPT-5.6 Luna
1,0.9383260011672974,551,ai_van_hoa_0422_gemini-3.7-flash
1,0.829365074634552,523,ai_the_thao_0352_gemini-3.7-flash
0,0.935897409915924,561,c341fcbb92b6654e
0,0.9917355179786682,512,6c0d8e5fec66deb9
0,0.9959839582443236,512,e3aa16f60655ffd1
0,0.965753436088562,512,fcb3b5d901c5d078
1,0.8755555748939514,513,ai_chinh_tri_0815_gemini-3.7-flash
1,0.8617021441459656,685,ai_xa_hoi_0358_GPT-5.6 Luna
1,0.8623188138008118,685,ai_xa_hoi_0211_GPT-5.6 Luna
0,0.908088207244873,658,4feae2c8b8bf93ae
0,1.0152671337127686,692,43332c733fb6aca3
1,0.8515625,567,ai_kinh_te_0830_gemini-3.7-flash
0,0.8831169009208679,521,f9dddebcddeba536
1,0.8441558480262756,575,ai_van_hoa_0769_gemini-3.7-flash
0,0.9917355179786682,512,82566503c5693fc2
1,0.9014084339141846,550,ai_xa_hoi_0559_gemini-3.7-flash
0,1.0,600,56c7739edd582b54
0,1.0489510297775269,512,68b8066abaa286e8
0,0.9552238583564758,709,e3bfad1a42d46059
0,0.9777777791023254,768,b634d48554102731
1,0.8999999761581421,684,ai_kinh_te_0260_GPT-5.6 Luna
0,0.9703390002250672,600,f9a5b938b2b356ce
0,1.0882352590560913,512,6474c22de1c37cae
1,0.8913043737411499,686,ai_giao_duc_0197_GPT-5.6 Luna
0,0.944000005722046,725,c3eef3594f9ea0a4
0,0.9668049812316896,512,c89dc60100a2781c
0,1.0151515007019043,753,26f7a2308ec743f6
1,0.8755555748939514,513,ai_chinh_tri_0255_gemini-3.7-flash
0,1.0827068090438845,485,d2b000c861d7b60c
0,0.9637096524238586,650,f5e11830dcc709d5
1,0.9037036895751952,684,ai_giao_duc_0354_GPT-5.6 Luna
0,0.92948716878891,768,f86427c2011e01e3
0,1.0266666412353516,570,9a38974399540056
1,0.8368794322013855,683,ai_xa_hoi_0096_GPT-5.6 Luna
0,0.970802903175354,768,66dd20a5da7781fe
1,0.8389830589294434,554,ai_the_thao_0519_gemini-3.7-flash
1,0.8410041928291321,531,ai_the_thao_0606_gemini-3.7-flash
0,1.0346320867538452,554,9fa49edcd286a1a2
1,0.8341013789176941,561,ai_giao_duc_0331_gemini-3.7-flash
0,1.0362318754196167,654,02f392b6cccb1369
1,0.8591549396514893,686,ai_xa_hoi_0389_GPT-5.6 Luna
0,0.8913043737411499,546,b3ef4aeafc03a345
0,0.9523809552192688,768,0962ba549100f791
1,0.8686131238937378,684,ai_van_hoa_0702_GPT-5.6 Luna
1,0.8799999952316284,554,ai_the_thao_0275_gemini-3.7-flash
0,0.9719626307487488,684,84541c3958e918f1
1,0.8219696879386902,555,ai_van_hoa_0487_gemini-3.7-flash
0,0.9516128897666932,624,7ee3aba58908c553
0,0.8571428656578064,512,6d98dc810dd931e7
0,1.038759708404541,768,c7d97eb3a0f1c2c0
1,0.8888888955116272,643,ai_kinh_te_0169_gemini-3.7-flash
0,0.8936170339584351,687,088f4909cda11270
0,1.077519416809082,424,1ae7693a4bf8ad82
0,0.970588207244873,748,46ff3dd58587552f
0,1.088050365447998,768,8469d4d114f26f1e
0,0.8412162065505981,758,1ef8ebb3eb190af7
0,1.288888931274414,648,ab0844010f8cff75
1,0.85447758436203,530,ai_kinh_te_0399_gemini-3.7-flash
1,0.8472222089767456,685,ai_van_hoa_0194_GPT-5.6 Luna
1,0.8556337952613831,686,ai_van_hoa_0032_GPT-5.6 Luna
1,0.8515625,567,ai_kinh_te_0150_gemini-3.7-flash
1,0.9404255151748656,533,ai_xa_hoi_0570_gemini-3.7-flash
0,0.9528301954269408,698,55c8b0570723aa3f
1,0.85447758436203,530,ai_kinh_te_0095_gemini-3.7-flash
0,0.880382776260376,768,db78442aa16645dd
0,0.9496402740478516,520,e1e1915ae8427a0d
0,1.0,723,a696ffe36e9c1b3d
0,1.0389610528945925,702,4c213db8e0dd5f96
1,0.8472222089767456,685,ai_van_hoa_0234_GPT-5.6 Luna
0,0.8812949657440186,456,77be29440b884d6c
1,0.8219696879386902,555,ai_van_hoa_0663_gemini-3.7-flash
1,0.8514492511749268,684,ai_van_hoa_0827_GPT-5.6 Luna
0,0.925000011920929,448,645e75b57a4dc1ae
1,0.8472222089767456,685,ai_chinh_tri_0204_GPT-5.6 Luna
0,1.0152671337127686,536,84e256704bbb8c20
1,0.8804348111152649,685,ai_xa_hoi_0361_GPT-5.6 Luna
1,0.8868613243103027,684,ai_chinh_tri_0477_GPT-5.6 Luna
0,1.016736388206482,512,d99714ad2605477b
0,0.9668049812316896,547,a5012dd75f0afa62
1,0.8410041928291321,531,ai_the_thao_0414_gemini-3.7-flash
0,0.9354838728904724,512,f52858f351ce31fd
0,1.0136985778808594,512,9fad425c9010f835
1,0.8731883764266968,686,ai_giao_duc_0028_GPT-5.6 Luna
0,1.005102038383484,768,523ae628409ef9cd
0,0.9444444179534912,512,a2e77f40650aa5b0
1,0.8755555748939514,513,ai_chinh_tri_0263_gemini-3.7-flash
0,0.969465672969818,571,7642245ab7b74356
0,0.9609375,685,6f35dabe618d7a50
0,0.9561403393745422,540,8902fd228a3920f6
1,0.8952381014823914,595,ai_chinh_tri_0301_gemini-3.7-flash
1,0.8741007447242737,686,ai_giao_duc_0615_GPT-5.6 Luna
0,1.0075187683105469,768,6472e186611c310d
1,0.8441558480262756,575,ai_van_hoa_0801_gemini-3.7-flash
1,0.8556337952613831,684,ai_the_thao_0451_GPT-5.6 Luna
1,0.8607142567634583,687,ai_van_hoa_0780_GPT-5.6 Luna
0,1.0533332824707031,759,94aa41de8e827349
1,0.8461538553237915,683,ai_xa_hoi_0208_GPT-5.6 Luna
0,0.9115384817123412,664,210c9c4cdb1c6e62
0,0.9299362897872924,768,f2b76c7b92cd25d7
0,1.088435411453247,683,bfc63189a05af0f3
1,0.8999999761581421,684,ai_giao_duc_0186_GPT-5.6 Luna
1,0.9383260011672974,551,ai_van_hoa_0646_gemini-3.7-flash
1,0.8723404407501221,686,ai_xa_hoi_0413_GPT-5.6 Luna
1,0.8840579986572266,685,ai_chinh_tri_0669_GPT-5.6 Luna
1,0.8528138399124146,575,ai_van_hoa_0665_gemini-3.7-flash
0,1.02816903591156,512,8d73984fca4abe12
1,0.835616409778595,684,ai_the_thao_0567_GPT-5.6 Luna
0,1.0,654,aec8baf6cdde274c
0,1.0145984888076782,512,3d41822770543f85
1,0.8561151027679443,686,ai_kinh_te_0720_GPT-5.6 Luna
0,0.8876811861991882,754,a6564ade2b5ec2fc
1,0.8360000252723694,557,ai_van_hoa_0499_gemini-3.7-flash
1,0.866906464099884,686,ai_chinh_tri_0603_GPT-5.6 Luna
0,0.9615384340286256,651,c68d7a94c594c364
0,0.964028775691986,647,ff78037d20c65dd3
1,0.9279661178588868,569,ai_xa_hoi_0189_gemini-3.7-flash
1,0.895652174949646,545,ai_chinh_tri_0048_gemini-3.7-flash
0,1.0310077667236328,768,81ff9b5a407f7b53
0,1.0927152633666992,560,a9a255bc229403b4
0,0.9507575631141664,677,f218a93f405e3dec
0,1.1940298080444336,512,2a8251a7beae60b5
0,0.8897958993911743,511,7d131740da599263
0,0.959276020526886,512,baa9442301c81677
1,0.8799999952316284,554,ai_the_thao_0523_gemini-3.7-flash
0,1.0,512,ade3ff991faaa050
1,0.8717948794364929,596,ai_the_thao_0781_gemini-3.7-flash
1,0.8607142567634583,686,ai_xa_hoi_0725_GPT-5.6 Luna
0,0.9930070042610168,768,f26e5a8bbec23210
1,0.9194915294647216,497,ai_xa_hoi_0216_gemini-3.7-flash
0,0.9020978808403016,768,c9c94d2f4cc19c23
1,0.8735178112983704,644,ai_kinh_te_0317_gemini-3.7-flash
1,0.8731883764266968,684,ai_chinh_tri_0311_GPT-5.6 Luna
0,1.037383198738098,666,657f8eabb1acd145
0,1.0219298601150513,634,1aabc7d78b124d47
0,1.01694917678833,768,8e931c0b5f068a4c
0,1.058394193649292,768,3ebc6f3890d24e8f
1,0.84375,684,ai_chinh_tri_0340_GPT-5.6 Luna
1,0.9014084339141846,550,ai_xa_hoi_0319_gemini-3.7-flash
1,0.8617021441459656,686,ai_kinh_te_0501_GPT-5.6 Luna
1,0.8813559412956238,574,ai_van_hoa_0117_gemini-3.7-flash
0,0.951127827167511,512,a030204a00ad7f17
1,0.925110161304474,599,ai_giao_duc_0437_gemini-3.7-flash
0,1.0497512817382812,585,96c19f21e2b6eaae
1,0.85447758436203,530,ai_kinh_te_0031_gemini-3.7-flash
1,0.8630136847496033,685,ai_chinh_tri_0236_GPT-5.6 Luna
1,0.9254385828971864,551,ai_van_hoa_0806_gemini-3.7-flash
1,0.8723404407501221,686,ai_van_hoa_0584_GPT-5.6 Luna
1,0.8697183132171631,686,ai_xa_hoi_0476_GPT-5.6 Luna
0,0.9793103337287904,768,31b26e9a0674b4d6
1,0.8341013789176941,561,ai_giao_duc_0291_gemini-3.7-flash
0,1.0182926654815674,706,eb4d68c29d01c8d6
0,0.93359375,768,017eaef03b057301
0,0.9792746305465698,642,6ae30a2c7bb3b82d
1,0.8556337952613831,686,ai_van_hoa_0280_GPT-5.6 Luna
1,0.8785714507102966,686,ai_van_hoa_0524_GPT-5.6 Luna
1,0.8888888955116272,518,ai_chinh_tri_0299_gemini-3.7-flash
0,0.9485294222831726,673,4d314b92cd2daa1e
1,0.8219696879386902,555,ai_van_hoa_0751_gemini-3.7-flash
1,0.8755555748939514,513,ai_chinh_tri_0359_gemini-3.7-flash
0,1.0258064270019531,511,101cae7e15be7e57
1,0.8999999761581421,686,ai_giao_duc_0451_GPT-5.6 Luna
0,1.0620155334472656,512,2f0435fc90892dac
0,0.992424249649048,512,b05ef2ede498d951
0,1.0070922374725342,512,995fc4701800a63b
0,0.9693251252174376,512,26a24bc04c9ecbcf
0,0.969432294368744,577,f363ea0b7743dd81
1,0.9279661178588868,569,ai_xa_hoi_0429_gemini-3.7-flash
0,1.0041667222976685,768,9b0a0d8649e6db11
0,0.8695651888847351,512,21891118344c385a
1,0.8591549396514893,685,ai_the_thao_0150_GPT-5.6 Luna
0,0.9594594836235046,510,57cd53c0c20abb4b
0,0.9712643623352052,547,f49a25d8a19fbc67
0,1.121794819831848,584,d957ccf54f417a2f
0,1.04347825050354,625,58d9a6ae8a4e8c37
1,0.8584070801734924,544,ai_van_hoa_0760_gemini-3.7-flash
1,0.8840579986572266,686,ai_giao_duc_0493_GPT-5.6 Luna
1,0.8571428656578064,685,ai_van_hoa_0699_GPT-5.6 Luna
1,0.8735178112983704,644,ai_kinh_te_0701_gemini-3.7-flash
0,0.9545454382896424,512,649008fbbcdafa9a
0,1.0390625,768,921f3596f151b073
1,0.8723404407501221,685,ai_the_thao_0795_GPT-5.6 Luna
0,1.0980392694473269,502,85673a237cc84fb9
1,0.8607142567634583,684,ai_van_hoa_0365_GPT-5.6 Luna
1,0.8389830589294434,554,ai_the_thao_0663_gemini-3.7-flash
1,0.8472222089767456,685,ai_chinh_tri_0804_GPT-5.6 Luna
1,0.8528138399124146,575,ai_van_hoa_0481_gemini-3.7-flash
1,0.8652482032775879,685,ai_the_thao_0406_GPT-5.6 Luna
1,0.8735178112983704,644,ai_kinh_te_0765_gemini-3.7-flash
0,0.9475982785224916,762,d6be48cf4acabbed
1,0.867521345615387,600,ai_giao_duc_0177_gemini-3.7-flash
1,0.8758864998817444,684,ai_van_hoa_0119_GPT-5.6 Luna
1,0.8426573276519775,684,ai_chinh_tri_0652_GPT-5.6 Luna
0,0.9617021083831788,517,4baa6c29d085d293
1,0.8821428418159485,686,ai_giao_duc_0669_GPT-5.6 Luna
0,1.0208333730697632,562,052e1c77d2a3a3c2
1,0.85447758436203,530,ai_kinh_te_0039_gemini-3.7-flash
1,0.8590308427810669,595,ai_the_thao_0281_gemini-3.7-flash
1,0.9383260011672974,551,ai_van_hoa_0622_gemini-3.7-flash
0,0.970588207244873,533,5366a256c927870d
0,1.0617283582687378,543,da71cd2410aac1bf
1,0.9060150384902954,684,ai_xa_hoi_0639_GPT-5.6 Luna
1,0.9234449863433838,551,ai_xa_hoi_0395_gemini-3.7-flash
0,0.9419354796409608,577,fdaa41ca00e2b6b8
1,0.866906464099884,685,ai_xa_hoi_0281_GPT-5.6 Luna
1,0.866906464099884,685,ai_kinh_te_0626_GPT-5.6 Luna
0,1.0625,512,8380b0fdf2c9a36f
0,1.1515151262283323,538,aabdaa660bb40169
1,0.8782608509063721,547,ai_van_hoa_0220_gemini-3.7-flash
0,1.0060606002807615,512,1f48feb3fa3886b9
0,0.915841579437256,512,2e07a65f3148622a
0,0.9457364082336426,512,154dbf1bbdb35fff
0,0.9850000143051147,657,80e7f87a53d0b829
0,0.8883248567581177,512,63c969d215d66627
1,0.8617021441459656,685,ai_van_hoa_0312_GPT-5.6 Luna
1,0.8678571581840515,686,ai_van_hoa_0115_GPT-5.6 Luna
1,0.9230769276618958,494,ai_xa_hoi_0308_gemini-3.7-flash
0,0.9375,512,5e0dbb557d1f4967
1,0.8345070481300354,684,ai_xa_hoi_0056_GPT-5.6 Luna
0,0.931174099445343,512,5901fd3e6d269fbc
1,0.8888888955116272,643,ai_kinh_te_0305_gemini-3.7-flash
0,0.9674418568611144,606,b2b9a987f89e9338
1,0.8472222089767456,685,ai_kinh_te_0225_GPT-5.6 Luna
0,1.0,512,97143b9215e4a76b
1,0.8758864998817444,686,ai_xa_hoi_0228_GPT-5.6 Luna
0,0.9655172228813172,583,3019023540a2c64a
1,0.8472222089767456,684,ai_chinh_tri_0028_GPT-5.6 Luna
0,0.9583333134651184,660,dc597e0bf2645c73
1,0.8735178112983704,644,ai_kinh_te_0253_gemini-3.7-flash
1,0.912350594997406,515,ai_kinh_te_0512_gemini-3.7-flash
0,0.9823788404464722,678,d51b2242d40aa655
0,1.0078125,675,7b6fa96721b8aef2
0,0.9205020666122437,768,8add7ad26d3b4457
1,0.8453237414360046,684,ai_chinh_tri_0302_GPT-5.6 Luna
0,1.0264900922775269,505,1d4fdf53c97cc6c7
1,0.8723404407501221,685,ai_giao_duc_0192_GPT-5.6 Luna
0,0.9861111044883728,695,7496da22a41fc844
0,1.0285714864730835,512,3144719498857c1a
1,0.85447758436203,530,ai_kinh_te_0751_gemini-3.7-flash
0,1.0362318754196167,454,b1e18333c1e8e16b
1,0.8723404407501221,685,ai_giao_duc_0688_GPT-5.6 Luna
1,0.85447758436203,530,ai_kinh_te_0743_gemini-3.7-flash
0,1.1333333253860474,512,22a546cbcd097889
1,0.8888888955116272,643,ai_kinh_te_0177_gemini-3.7-flash
0,1.0214285850524902,768,ab754f818275ad08
1,0.8776978254318237,686,ai_xa_hoi_0785_GPT-5.6 Luna
0,0.8801652789115906,512,fb842be8a6d161d8
0,1.0128755569458008,655,0ebf66d4242ad97c
1,0.8999999761581421,686,ai_giao_duc_0411_GPT-5.6 Luna
1,0.8576388955116272,685,ai_the_thao_0436_GPT-5.6 Luna
1,0.8546099066734314,686,ai_chinh_tri_0219_GPT-5.6 Luna
1,0.8623188138008118,685,ai_xa_hoi_0691_GPT-5.6 Luna
0,0.9803921580314636,682,19dfd9203baf04f8
0,1.0466666221618652,768,103385fcdaee8d8a
1,0.8515625,567,ai_kinh_te_0382_gemini-3.7-flash
0,1.051094889640808,655,bb423d4b084bc27b
1,0.8840579986572266,686,ai_giao_duc_0765_GPT-5.6 Luna
0,0.9839357137680054,565,e6f42a446e39662c
1,0.8525179624557495,685,ai_chinh_tri_0534_GPT-5.6 Luna
1,0.8868613243103027,686,ai_giao_duc_0579_GPT-5.6 Luna
0,0.9881889820098876,641,b58d841e4858bd98
1,0.8633093237876892,684,ai_the_thao_0312_GPT-5.6 Luna
1,0.8546099066734314,684,ai_giao_duc_0704_GPT-5.6 Luna
1,0.9104477763175964,685,ai_xa_hoi_0015_GPT-5.6 Luna
1,0.8731883764266968,684,ai_van_hoa_0182_GPT-5.6 Luna
0,1.0132158994674685,666,c9053364e08afbab
1,0.8905109763145447,686,ai_giao_duc_0612_GPT-5.6 Luna
0,1.0229008197784424,647,3ea7c4080db7b350
1,0.8617021441459656,685,ai_the_thao_0410_GPT-5.6 Luna
1,0.8219696879386902,555,ai_van_hoa_0151_gemini-3.7-flash
1,0.912350594997406,515,ai_kinh_te_0440_gemini-3.7-flash
1,0.8888888955116272,686,ai_the_thao_0065_GPT-5.6 Luna
1,0.8590308427810669,595,ai_the_thao_0449_gemini-3.7-flash
0,1.0377358198165894,512,2000e784949e6023
0,0.9598393440246582,768,766cff12bce405ba
0,1.0397350788116455,647,d17cca74f8675a3b
1,0.8617021441459656,685,ai_kinh_te_0473_GPT-5.6 Luna
0,0.9541984796524048,702,c978a6feab7ef622
0,1.0,512,4c22fade7aba9479
0,0.9780701994895936,553,4a43a333d19a856f
0,0.9957627058029176,768,6d7d764c156fbc0d
0,0.9530516266822816,349,2aae76cc093904b8
1,0.8528138399124146,575,ai_van_hoa_0393_gemini-3.7-flash
1,0.8607142567634583,686,ai_xa_hoi_0485_GPT-5.6 Luna
0,0.9587156176567078,558,24c85a7a1d0b432b
0,1.199052095413208,512,8892cc609b15be97
0,0.9863013625144958,541,77bfcf7b0e1fd16e
1,0.9383260011672974,551,ai_van_hoa_0070_gemini-3.7-flash
0,1.1155378818511963,653,74fededae6e4aaae
0,1.018072247505188,512,7f2c8eaf750ebe92
1,0.8848921060562134,686,ai_xa_hoi_0780_GPT-5.6 Luna
1,0.8723404407501221,685,ai_chinh_tri_0440_GPT-5.6 Luna
0,0.948616623878479,768,3dbc7430de2178d1
0,0.908713698387146,540,99cc4aa3f6fb7763
1,0.85447758436203,530,ai_kinh_te_0367_gemini-3.7-flash
0,0.9240506291389464,702,d19beb5571a8ca10
1,0.9230769276618958,494,ai_xa_hoi_0580_gemini-3.7-flash
0,0.9675675630569458,544,d0a21e7202ce2035
1,0.9279661178588868,569,ai_xa_hoi_0517_gemini-3.7-flash
1,0.8759124279022217,684,ai_chinh_tri_0269_GPT-5.6 Luna
0,1.0347222089767456,768,22958de85c7321d5
0,1.0189872980117798,768,4d06b05fe1adb2d3
1,0.8728070259094238,547,ai_van_hoa_0820_gemini-3.7-flash
0,1.0363636016845703,512,fff3a4f0f15cab31
1,0.828000009059906,529,ai_the_thao_0090_gemini-3.7-flash
0,1.0152671337127686,604,d847697c766e2f41
0,0.9301470518112184,512,e4214fe2f24188a5
1,0.8571428656578064,684,ai_the_thao_0592_GPT-5.6 Luna
0,0.9635627269744872,697,aa93d5e908426445
1,0.8813559412956238,574,ai_van_hoa_0373_gemini-3.7-flash
0,0.9391891956329346,512,dd4c34385bfc7623
1,0.8776978254318237,684,ai_the_thao_0595_GPT-5.6 Luna
0,0.9134199023246764,616,e9f2a6d384cabedb
1,0.8813559412956238,574,ai_van_hoa_0653_gemini-3.7-flash
0,1.0,682,2841fe1cf6247c26
0,0.9280575513839722,512,cbdf59ea5bf858f6
1,0.8515625,567,ai_kinh_te_0086_gemini-3.7-flash
1,0.8500000238418579,685,ai_kinh_te_0666_GPT-5.6 Luna
1,0.912350594997406,515,ai_kinh_te_0168_gemini-3.7-flash
1,0.8500000238418579,684,ai_kinh_te_0378_GPT-5.6 Luna
0,0.9306358098983764,665,a8ba128e15474e91
0,1.0386265516281128,656,f35730b0fc8aacb0
1,0.867521345615387,600,ai_giao_duc_0729_gemini-3.7-flash
1,0.8821428418159485,686,ai_chinh_tri_0536_GPT-5.6 Luna
0,1.1119402647018433,506,be0676f5d790a55c
1,0.8528138399124146,575,ai_van_hoa_0585_gemini-3.7-flash
1,0.8426573276519775,684,ai_xa_hoi_0248_GPT-5.6 Luna
1,0.8733624219894409,545,ai_chinh_tri_0588_gemini-3.7-flash
1,0.8799999952316284,554,ai_the_thao_0731_gemini-3.7-flash
1,0.8469387888908386,684,ai_the_thao_0527_GPT-5.6 Luna
0,0.9800000190734864,608,462314911c85802a
1,0.8469387888908386,686,ai_the_thao_0681_GPT-5.6 Luna
1,0.8576388955116272,686,ai_the_thao_0061_GPT-5.6 Luna
0,0.992424249649048,606,220b2647052f34d5
1,0.8483412265777588,560,ai_giao_duc_0079_gemini-3.7-flash
0,1.0451127290725708,768,ef744f73638dd39b
1,0.8733624219894409,545,ai_chinh_tri_0772_gemini-3.7-flash
1,0.8617021441459656,686,ai_kinh_te_0141_GPT-5.6 Luna
1,0.8888888955116272,518,ai_chinh_tri_0403_gemini-3.7-flash
0,1.0079680681228638,645,f34408116f1d4958
0,0.9683794379234314,512,b2b4d3362b17c91e
0,0.87890625,507,b8806bc541d295b6
1,0.8472222089767456,685,ai_van_hoa_0834_GPT-5.6 Luna
1,0.8813559412956238,574,ai_van_hoa_0245_gemini-3.7-flash
0,1.0125786066055298,424,8963ca3a63b11943
1,0.8952381014823914,595,ai_chinh_tri_0509_gemini-3.7-flash
1,0.852173924446106,595,ai_the_thao_0793_gemini-3.7-flash
1,0.8888888955116272,643,ai_kinh_te_0625_gemini-3.7-flash
0,0.987500011920929,717,72358b9eaea47a12
0,1.0220588445663452,512,10ef79770c907037
1,0.8717948794364929,596,ai_the_thao_0773_gemini-3.7-flash
1,0.828000009059906,529,ai_the_thao_0218_gemini-3.7-flash
1,0.8785714507102966,686,ai_xa_hoi_0036_GPT-5.6 Luna
0,0.9397590160369872,512,3afc2eaa01c529bf
1,0.9166666865348816,514,ai_kinh_te_0148_gemini-3.7-flash
1,0.8678571581840515,686,ai_chinh_tri_0131_GPT-5.6 Luna
1,0.8978102207183838,686,ai_kinh_te_0787_GPT-5.6 Luna
0,0.9473684430122375,768,c6d276ce066d63bc
1,0.8528138399124146,575,ai_van_hoa_0521_gemini-3.7-flash
1,0.8141891956329346,684,ai_the_thao_0423_GPT-5.6 Luna
0,1.0692307949066162,521,0b445a071dbc5370
0,0.9882352948188782,768,90952a8bd85ff231
0,0.9704142212867736,512,b8606037ebda3616
0,0.9399999976158142,512,e9ecd6763ad4a6c1
0,0.9621211886405944,647,f392fe61750dbf2f
0,1.031055927276611,690,d81a7607fcaaeb7a
0,1.1104294061660769,512,9fc87080a4c32abd
1,0.8546099066734314,685,ai_van_hoa_0473_GPT-5.6 Luna
1,0.8776978254318237,686,ai_xa_hoi_0084_GPT-5.6 Luna
0,0.9591836929321288,768,9bf55d29c186ee2f
0,0.8756476640701294,149,024a0a1cb1496ed6
1,0.8714285492897034,685,ai_xa_hoi_0723_GPT-5.6 Luna
0,1.0149253606796265,512,0c697a1809e585cc
0,1.0,563,05956d327ae27b5f
1,0.8952381014823914,595,ai_chinh_tri_0781_gemini-3.7-flash
1,0.8952381014823914,595,ai_chinh_tri_0221_gemini-3.7-flash
1,0.8636363744735718,686,ai_the_thao_0485_GPT-5.6 Luna
0,1.0059880018234253,768,eb673227410774cf
0,0.9862068891525269,512,cc3b20109d2e58e4
1,0.8584070801734924,544,ai_van_hoa_0072_gemini-3.7-flash
0,0.9558823704719543,663,627e579cd88b2ea0
0,1.029197096824646,768,9f0012d6c3d07534
1,0.8341013789176941,561,ai_giao_duc_0731_gemini-3.7-flash
0,1.0610686540603638,768,3c37a182cc5ed60f
1,0.8913043737411499,686,ai_giao_duc_0693_GPT-5.6 Luna
0,1.0384615659713743,501,dd28bc8b6168b1cc
0,1.0191082954406738,610,d593e415bec7f829
1,0.8623188138008118,685,ai_giao_duc_0428_GPT-5.6 Luna
1,0.9234449863433838,551,ai_xa_hoi_0603_gemini-3.7-flash
0,0.9656652212142944,512,713b890313dfaf16
1,0.8515625,567,ai_kinh_te_0518_gemini-3.7-flash
0,0.9406779408454896,510,31068d738810453e
1,0.8333333134651184,685,ai_van_hoa_0369_GPT-5.6 Luna
1,0.8804348111152649,686,ai_giao_duc_0717_GPT-5.6 Luna
0,0.9620253443717957,705,468164d4421249fb
0,1.0068964958190918,768,9a2ffe371035402e
1,0.9057971239089966,686,ai_giao_duc_0029_GPT-5.6 Luna
0,1.0413793325424194,510,a36f23954c4f3a3e
0,1.0299144983291626,347,17bbecd941a12151
1,0.867521345615387,600,ai_giao_duc_0585_gemini-3.7-flash
0,1.0456620454788208,640,5c4975246cdf6a89
0,0.9548872113227844,570,50a206a4cb41f936
0,0.9875518679618835,562,fbf96323795a3c77
0,0.966527223587036,768,eed490b25088bc5a
1,0.8723404407501221,686,ai_xa_hoi_0706_GPT-5.6 Luna
0,1.154929518699646,616,1ba69feb5e519996
0,0.960869550704956,678,5e059a95f4b8eeae
1,0.8999999761581421,686,ai_giao_duc_0643_GPT-5.6 Luna
1,0.8586956262588501,684,ai_chinh_tri_0258_GPT-5.6 Luna
0,0.9497907757759094,591,6893d92c5ca42f51
1,0.9194915294647216,497,ai_xa_hoi_0608_gemini-3.7-flash
1,0.8733624219894409,545,ai_chinh_tri_0340_gemini-3.7-flash
0,0.9506173133850098,768,659725df6ffc75ba
0,1.3571428060531616,698,447eb58662178120
1,0.9404255151748656,533,ai_xa_hoi_0234_gemini-3.7-flash
0,0.9248120188713074,684,d43a102fa7fb6391
0,0.9241071343421936,649,9abfffd1bbc23eee
1,0.8888888955116272,518,ai_chinh_tri_0027_gemini-3.7-flash
0,0.962499976158142,646,7cdc669cd9df2b13
0,1.0666667222976685,687,bbd771e1279bed31
1,0.8738738894462585,530,ai_giao_duc_0220_gemini-3.7-flash
0,1.036649227142334,691,562db8291ae89f2d
0,0.9580419659614564,768,ebdb3fb5e31c320a
1,0.8933823704719543,684,ai_giao_duc_0218_GPT-5.6 Luna
1,0.9531915187835692,531,ai_xa_hoi_0790_gemini-3.7-flash
0,0.8980392217636108,717,9d3811f1cf831b40
1,0.9242424368858336,596,ai_chinh_tri_0833_gemini-3.7-flash
0,1.038759708404541,534,a8afb133993d68c2
0,1.0692640542984009,512,425317cb1c367aa5
0,1.0071942806243896,512,1e7f911a43ab7725
0,0.8777292370796204,759,1f3b857cc4d343db
1,0.8714285492897034,685,ai_xa_hoi_0483_GPT-5.6 Luna
0,0.9868420958518982,732,f5dcbc3df8d3677c
0,1.023809552192688,512,a5a11c210851de34
0,0.9683794379234314,512,b3ac044252709985
0,1.0451127290725708,768,b6210d3367398c80
0,1.029850721359253,502,c08bd9aef86f583d
1,0.9234449863433838,551,ai_xa_hoi_0075_gemini-3.7-flash
0,0.9128630757331848,565,a9014559ce1ba97e
0,0.9785714149475098,638,67532c6d3887a277
1,0.8483412265777588,560,ai_giao_duc_0055_gemini-3.7-flash
0,0.9249011874198914,512,91efd91bd627cd86
0,0.9447004795074464,746,6c88aaf8908c7ce6
0,1.006993055343628,512,540f873e743d5a3c
0,0.9273504018783568,512,b3c3c84b41391164
0,0.9194915294647216,756,3c78b254f0dfe90a
1,0.8703703880310059,684,ai_giao_duc_0073_GPT-5.6 Luna
0,0.91372549533844,768,28a0b7ea5bc88e1d
0,0.8007968068122864,614,e201671aaebd3012
1,0.886956512928009,596,ai_the_thao_0757_gemini-3.7-flash
1,0.8949275612831116,686,ai_giao_duc_0349_GPT-5.6 Luna
0,0.9342105388641356,544,783d034e2c52a64f
1,0.8450704216957092,684,ai_the_thao_0008_GPT-5.6 Luna
0,0.9589040875434875,512,1b5bb8d596a882f8
1,0.8759124279022217,686,ai_chinh_tri_0649_GPT-5.6 Luna
1,0.886956512928009,596,ai_the_thao_0269_gemini-3.7-flash
1,0.8804348111152649,686,ai_xa_hoi_0497_GPT-5.6 Luna
0,1.016736388206482,512,614305cd2ddbe99c
0,1.0389610528945925,571,1f125730180f6713
1,0.8521126508712769,683,ai_xa_hoi_0768_GPT-5.6 Luna
0,0.990867555141449,512,0c7cdee8d4450986
1,0.9194915294647216,497,ai_xa_hoi_0424_gemini-3.7-flash
0,1.01260507106781,512,d1ba941385b47836
1,0.8219696879386902,555,ai_van_hoa_0231_gemini-3.7-flash
0,0.92592591047287,677,16cd596b77f6ff87
0,0.95652174949646,711,735594650ebef059
1,0.8517241477966309,686,ai_the_thao_0189_GPT-5.6 Luna
1,0.9242424368858336,596,ai_chinh_tri_0105_gemini-3.7-flash
1,0.8735178112983704,644,ai_kinh_te_0333_gemini-3.7-flash
1,0.8590308427810669,595,ai_the_thao_0657_gemini-3.7-flash
1,0.8714285492897034,685,ai_the_thao_0782_GPT-5.6 Luna
0,1.0,562,913bdc0f855dd745
1,0.886956512928009,596,ai_the_thao_0533_gemini-3.7-flash
1,0.8472222089767456,686,ai_the_thao_0354_GPT-5.6 Luna
1,0.8661971688270569,685,ai_kinh_te_0590_GPT-5.6 Luna
0,0.9759036302566528,768,00343273ed3b5a7e
1,0.8868613243103027,686,ai_kinh_te_0632_GPT-5.6 Luna
0,0.9251700639724731,512,ecb054d7ecdb24d9
0,1.023121356964111,768,f70a026212a74aa4
1,0.8714285492897034,685,ai_xa_hoi_0334_GPT-5.6 Luna
0,0.8707864880561829,549,c257bdb3ffb01d0b
1,0.9242424368858336,596,ai_chinh_tri_0633_gemini-3.7-flash
1,0.8423236608505249,517,ai_giao_duc_0302_gemini-3.7-flash
1,0.8759124279022217,686,ai_xa_hoi_0755_GPT-5.6 Luna
0,0.9514170289039612,768,4f254f431d9f8ee5
1,0.867521345615387,600,ai_giao_duc_0081_gemini-3.7-flash
0,1.0150375366210938,512,5bcb3e16b89a6b50
1,0.8367347121238708,686,ai_the_thao_0021_GPT-5.6 Luna
0,0.9586206674575806,589,b898a1e07756308d
0,0.9365671873092652,768,ea9a0cceacd8fbdb
1,0.9242424368858336,596,ai_chinh_tri_0017_gemini-3.7-flash
0,0.9728682041168212,646,681845cd9db63f18
0,0.9812206625938416,617,3d7d7d7970997652
0,0.9876033067703248,655,a85de84717d51920
0,0.8881579041481018,589,50f379119410af3c
0,0.8973214030265808,768,603d629bb5a2877e
1,0.8333333134651184,530,ai_kinh_te_0579_gemini-3.7-flash
1,0.89552241563797,684,ai_giao_duc_0490_GPT-5.6 Luna
1,0.85447758436203,530,ai_kinh_te_0335_gemini-3.7-flash
0,0.948051929473877,765,bdc8d94782253ca6
0,0.9836065769195556,512,eced531014a19f74
1,0.8936170339584351,686,ai_giao_duc_0582_GPT-5.6 Luna
1,0.8738738894462585,530,ai_giao_duc_0420_gemini-3.7-flash
0,0.9720279574394226,768,abaaf2dcd990dec6
0,0.9020408391952516,527,c75031b8e0e51bc3
0,1.0,583,1acd408ec5c786c3
1,0.8391608595848083,684,ai_the_thao_0776_GPT-5.6 Luna
1,0.8735178112983704,644,ai_kinh_te_0677_gemini-3.7-flash
0,0.9154929518699646,512,c2e87a8ff9b21392
0,1.048034906387329,512,774ef5f182585e1c
1,0.8571428656578064,685,ai_giao_duc_0696_GPT-5.6 Luna
1,0.85447758436203,530,ai_kinh_te_0783_gemini-3.7-flash
0,0.9873417615890504,657,1b4b0c7d593b745f
1,0.8652482032775879,686,ai_van_hoa_0465_GPT-5.6 Luna
1,0.8333333134651184,684,ai_van_hoa_0229_GPT-5.6 Luna
1,0.8991228342056274,565,ai_chinh_tri_0130_gemini-3.7-flash
0,0.9477124214172364,563,9c2edbd065c610b1
1,0.8970588445663452,684,ai_kinh_te_0220_GPT-5.6 Luna
1,0.8999999761581421,684,ai_giao_duc_0514_GPT-5.6 Luna
0,1.0,699,1d850830fa3ee815
0,1.0086207389831543,512,2341c1fe2fd460ce
0,0.9879999756813048,556,6f3d2a876291b0b8
0,0.95652174949646,512,fa8958085c600668
0,0.9939393997192384,706,6602d25abfa23aca
1,0.9234449863433838,551,ai_xa_hoi_0667_gemini-3.7-flash
1,0.8590308427810669,595,ai_the_thao_0729_gemini-3.7-flash
1,0.8905109763145447,686,ai_giao_duc_0252_GPT-5.6 Luna
0,1.073593020439148,543,c6e2ac93f270e7a6
1,0.866906464099884,686,ai_chinh_tri_0363_GPT-5.6 Luna
0,1.0551180839538574,614,d0be6aa3ded9dea8
1,0.9227467775344848,570,ai_xa_hoi_0337_gemini-3.7-flash
0,1.0697674751281738,658,c9dfdc31491af60f
1,0.8571428656578064,685,ai_chinh_tri_0639_GPT-5.6 Luna
1,0.9242424368858336,596,ai_chinh_tri_0289_gemini-3.7-flash
0,0.9333333373069764,660,e7c9381e9739cc16
0,1.0039526224136353,617,1881db59d9097797
0,1.029850721359253,713,6568eefdebc09f5f
0,1.0,768,47dc2bcadacf6620
0,0.9926470518112184,545,4acb660c4f4abe1a
0,1.0128755569458008,579,9b5ba3357f55fa91
1,0.8829787373542786,686,ai_giao_duc_0646_GPT-5.6 Luna
1,0.8515625,567,ai_kinh_te_0534_gemini-3.7-flash
0,0.9554656147956848,768,0dc831dd189d5e58
1,0.8515625,567,ai_kinh_te_0470_gemini-3.7-flash
0,1.0,655,e07ad1bb2804a792
1,0.908088207244873,686,ai_giao_duc_0323_GPT-5.6 Luna
1,0.8571428656578064,685,ai_van_hoa_0083_GPT-5.6 Luna
1,0.886956512928009,596,ai_the_thao_0429_gemini-3.7-flash
1,0.875,684,ai_kinh_te_0479_GPT-5.6 Luna
1,0.8829787373542786,686,ai_kinh_te_0806_GPT-5.6 Luna
0,1.1404255628585815,637,8fcac84c8df1ab2e
0,1.0465116500854492,678,9132d80fce49d83c
1,0.8723404407501221,685,ai_kinh_te_0515_GPT-5.6 Luna
1,0.8528138399124146,575,ai_van_hoa_0433_gemini-3.7-flash
1,0.8368055820465088,684,ai_van_hoa_0031_GPT-5.6 Luna
0,1.0138888359069824,512,9f758d5dd75681e5
0,1.012295126914978,506,aa94aee0dabad7d5
1,0.8695651888847351,684,ai_kinh_te_0743_GPT-5.6 Luna
0,0.9103448390960692,516,fcedfe12c962d496
1,0.829365074634552,523,ai_the_thao_0448_gemini-3.7-flash
0,1.0149253606796265,436,7eb2991742bc7fa9
0,0.9736841917037964,599,5fe0b43d57752a6d
1,0.8723404407501221,685,ai_the_thao_0652_GPT-5.6 Luna
0,1.0071429014205933,512,2358877f6ad6f2dc
0,0.9932885766029358,768,0447f20e73c03431
0,1.047619104385376,697,daf2c283734c61df
0,0.9658536314964294,678,a232774d983c3cca
0,0.9784172773361206,512,f4135361ccd7d5a3
1,0.8813559412956238,574,ai_van_hoa_0733_gemini-3.7-flash
0,0.7550200819969177,583,45ad6aa35bf85582
1,0.8767605423927307,686,ai_xa_hoi_0252_GPT-5.6 Luna
1,0.8591549396514893,686,ai_van_hoa_0024_GPT-5.6 Luna
1,0.925110161304474,599,ai_giao_duc_0349_gemini-3.7-flash
1,0.8759124279022217,686,ai_xa_hoi_0155_GPT-5.6 Luna
0,0.966216206550598,768,f893ea01934fb067
1,0.8848921060562134,686,ai_van_hoa_0075_GPT-5.6 Luna
0,1.051094889640808,512,b418dd87d1443dda
1,0.8219696879386902,555,ai_van_hoa_0711_gemini-3.7-flash
0,1.0068964958190918,654,860c41225773b1f9
1,0.8617021441459656,684,ai_the_thao_0512_GPT-5.6 Luna
1,0.9227467775344848,570,ai_xa_hoi_0105_gemini-3.7-flash
1,0.875,686,ai_the_thao_0817_GPT-5.6 Luna
0,0.7910447716712952,512,691635775c22440c
0,0.9420289993286132,665,920a91362037c291
1,0.8633093237876892,685,ai_kinh_te_0765_GPT-5.6 Luna
1,0.8584070801734924,544,ai_van_hoa_0448_gemini-3.7-flash
0,1.0,649,228880b452392793
1,0.8759124279022217,686,ai_xa_hoi_0275_GPT-5.6 Luna
1,0.8576388955116272,685,ai_the_thao_0556_GPT-5.6 Luna
1,0.8952381014823914,595,ai_chinh_tri_0805_gemini-3.7-flash
0,1.042553186416626,689,024f3f1e86fdd0d2
0,0.8659420013427734,512,e844b33a128c2bcd
0,1.0647481679916382,502,b8b1eb1988677efc
0,1.0289855003356934,743,6306343227518ea4
0,0.9644444584846495,637,e578ede5e13e650e
0,1.0758293867111206,768,211d5412a7fc5698
1,0.8531468510627747,687,ai_van_hoa_0348_GPT-5.6 Luna
0,0.9918032884597778,654,7adb63d2c3b1a909
0,0.9862385392189026,504,83283f7ef001ab7e
1,0.8286713361740112,685,ai_van_hoa_0496_GPT-5.6 Luna
1,0.8387096524238586,529,ai_the_thao_0794_gemini-3.7-flash
0,1.080291986465454,635,1e9eff0e4e5e0c1a
0,0.9529411792755128,565,ad94e7bbf0fc1101
1,0.8799999952316284,554,ai_the_thao_0267_gemini-3.7-flash
1,0.8785714507102966,685,ai_kinh_te_0513_GPT-5.6 Luna
0,0.9935483932495116,768,0a9510a81e32151a
1,0.8840579986572266,686,ai_giao_duc_0525_GPT-5.6 Luna
1,0.867521345615387,600,ai_giao_duc_0129_gemini-3.7-flash
0,0.995192289352417,512,508d358cb57d8e54
1,0.8905109763145447,684,ai_van_hoa_0110_GPT-5.6 Luna
0,1.0107526779174805,567,d7ca7f85c89558ab
1,0.8590308427810669,595,ai_the_thao_0761_gemini-3.7-flash
0,1.0205128192901611,512,7b1c462c013becaf
0,0.9647887349128724,512,df3b67f479c0f0b3
1,0.8571428656578064,685,ai_giao_duc_0456_GPT-5.6 Luna
0,0.9788732528686525,768,30aed35873dbcb05
1,0.8410041928291321,531,ai_the_thao_0070_gemini-3.7-flash
0,1.0279719829559326,660,73d33e32aef9835a
1,0.8695651888847351,685,ai_xa_hoi_0294_GPT-5.6 Luna
0,1.1022727489471436,559,c0854fc2ebfa7ead
0,0.975806474685669,665,6e91d48c57e616a7
1,0.8695651888847351,685,ai_xa_hoi_0414_GPT-5.6 Luna
0,1.2344497442245483,527,4a435adc05ef26d2
1,0.8576388955116272,685,ai_the_thao_0060_GPT-5.6 Luna
1,0.8759124279022217,684,ai_van_hoa_0566_GPT-5.6 Luna
0,0.9383561611175536,662,d1eb4ab27ade4230
0,0.917241394519806,524,78f39caa3ca14771
0,1.0222222805023191,588,4455eaf82a751aa8
1,0.8723404407501221,685,ai_kinh_te_0755_GPT-5.6 Luna
0,0.9170305728912354,561,0dfa7bcf2eb11f55
1,0.8410041928291321,531,ai_the_thao_0654_gemini-3.7-flash
1,0.8695651888847351,685,ai_xa_hoi_0139_GPT-5.6 Luna
0,0.9160839319229126,768,479d1318c3545a7a
0,0.9846153855323792,512,9f37f7ca3475ac43
1,0.8473895788192749,521,ai_the_thao_0492_gemini-3.7-flash
0,0.9686098694801332,512,c9bca2039e02bef6
1,0.8617021441459656,686,ai_xa_hoi_0370_GPT-5.6 Luna
0,1.0258620977401731,685,a3e11d3971014861
0,1.02717387676239,519,0b012080c5e1c8c4
0,1.024999976158142,512,873e819b823ab077
1,0.8515625,567,ai_kinh_te_0158_gemini-3.7-flash
0,0.9642857313156128,544,0066205f8ed04c90
1,0.8735178112983704,644,ai_kinh_te_0189_gemini-3.7-flash
1,0.886956512928009,596,ai_the_thao_0245_gemini-3.7-flash
1,0.8888888955116272,518,ai_chinh_tri_0827_gemini-3.7-flash
0,1.0,557,330ad547efe4df2f
0,0.8636363744735718,500,b1bff18e280dda7f
1,0.8561151027679443,685,ai_van_hoa_0275_GPT-5.6 Luna
0,0.9330708384513856,634,77ece3e373cc0c16
1,0.8741258978843689,686,ai_xa_hoi_0508_GPT-5.6 Luna
0,1.1082473993301392,554,7e910a1f81ea4b0e
0,0.9473684430122375,634,5b699d23dcf3f307
1,0.8380281925201416,684,ai_the_thao_0816_GPT-5.6 Luna
0,1.0296295881271362,768,bfd3c83f46514a94
0,0.9781420826911926,515,56dccc150b55aa0d
0,0.9816513657569884,512,da9c57ce5cbf5c17
0,0.9156118035316468,768,da3f9113d7ef7548
1,0.9404255151748656,533,ai_xa_hoi_0514_gemini-3.7-flash
0,0.92592591047287,519,e0c7d00635b2701f
0,0.990783393383026,703,f8dfac431be41b6a
1,0.8591549396514893,685,ai_the_thao_0110_GPT-5.6 Luna
0,0.9387755393981934,768,5ebd379ccedc7af2
1,0.8741007447242737,686,ai_xa_hoi_0385_GPT-5.6 Luna
0,0.9470198750495912,768,bbefcf13b6e56cda
0,1.1235294342041016,741,854aca0bf4f638fd
1,0.8556337952613831,686,ai_van_hoa_0272_GPT-5.6 Luna
0,0.98828125,657,e2914699bdb1bd8f
0,1.1159420013427734,500,d0763ea463d1f1ee
1,0.8799999952316284,554,ai_the_thao_0307_gemini-3.7-flash
1,0.8735178112983704,644,ai_kinh_te_0429_gemini-3.7-flash
0,1.051948070526123,613,1ea20d773b72def2
0,1.0437955856323242,516,f89909ce65a6875b
0,0.8362573385238647,569,f7bf917e73bb7f06
0,0.9429824352264404,512,349b9cda86289b8d
0,1.05978262424469,768,596cf14b4eca53d6
1,0.8840579986572266,686,ai_giao_duc_0823_GPT-5.6 Luna
0,1.0213903188705444,768,508eb80181bebc6d
1,0.8731883764266968,686,ai_giao_duc_0508_GPT-5.6 Luna
1,0.8952381014823914,595,ai_chinh_tri_0693_gemini-3.7-flash
1,0.8690476417541504,568,ai_kinh_te_0674_gemini-3.7-flash
0,0.9503546357154846,768,1f79ae1df6c9bbc4
1,0.8695651888847351,684,ai_giao_duc_0776_GPT-5.6 Luna
0,1.0119999647140503,512,c67a33a3814e173e
1,0.9104477763175964,686,ai_giao_duc_0747_GPT-5.6 Luna
1,0.8576388955116272,685,ai_van_hoa_0679_GPT-5.6 Luna
1,0.9227467775344848,570,ai_xa_hoi_0321_gemini-3.7-flash
0,0.9666666388511658,512,1648306b9ab46cac
0,1.0,768,0a196dc90e82e38d
1,0.9230769276618958,494,ai_xa_hoi_0292_gemini-3.7-flash
0,0.9645389914512634,658,71d6ea36e3ea4495
1,0.8888888955116272,684,ai_giao_duc_0753_GPT-5.6 Luna
0,0.988095223903656,503,d1628dda7b54a509
0,0.9159663915634156,640,89a26f4f8f06ba65
1,0.8813559412956238,574,ai_van_hoa_0493_gemini-3.7-flash
0,1.0833333730697632,512,8fd19709c348f56a
0,0.907894730567932,686,6eadb47607903a72
1,0.8758864998817444,685,ai_the_thao_0252_GPT-5.6 Luna
1,0.9910714030265808,550,ai_van_hoa_0082_gemini-3.7-flash
0,1.068750023841858,610,d1cce16720d00cd3
1,0.8531468510627747,686,ai_the_thao_0445_GPT-5.6 Luna
1,0.8441558480262756,575,ai_van_hoa_0817_gemini-3.7-flash
0,0.9917012453079224,512,bb1b21fd1ff0ca37
0,0.9790794849395752,512,5e59f3add52708f6
1,0.8925926089286804,684,ai_xa_hoi_0103_GPT-5.6 Luna
1,0.8633093237876892,685,ai_kinh_te_0223_GPT-5.6 Luna
0,0.9300699234008788,768,f35dba8cc1ad6ff4
1,0.9166666865348816,514,ai_kinh_te_0436_gemini-3.7-flash
1,0.8404255509376526,684,ai_chinh_tri_0022_GPT-5.6 Luna
0,0.9666666388511658,719,de935b565e778bb4
0,1.0043859481811523,768,f3cfed89e30bc7d0
0,1.0149253606796265,668,09e03689e980077e
0,0.9452054500579834,612,fa4baaafc9efd370
1,0.9014084339141846,550,ai_xa_hoi_0063_gemini-3.7-flash
0,0.9249011874198914,512,ac7f894276cc25c5
0,0.9637681245803832,675,a7d4518ec381cd71
1,0.9234449863433838,551,ai_xa_hoi_0699_gemini-3.7-flash
0,1.029411792755127,512,14c91873dcead88c
0,0.9597315192222596,768,70c67cf857857f84
0,0.85628741979599,702,b25ad6068ca2bdcd
0,0.9805825352668762,512,9a003b453c0ec385
0,0.9399141669273376,532,ce386c9db8fac5a9
1,0.8804348111152649,684,ai_kinh_te_0663_GPT-5.6 Luna
1,0.9060150384902954,685,ai_xa_hoi_0127_GPT-5.6 Luna
1,0.9166666865348816,514,ai_kinh_te_0532_gemini-3.7-flash
0,1.1522842645645142,515,10703f3c91d5f18a
0,1.0205128192901611,512,e19dc62354f6cbc0
1,0.8759124279022217,684,ai_van_hoa_0766_GPT-5.6 Luna
0,1.076335906982422,512,f87393cf1ecef878
1,0.8723404407501221,685,ai_van_hoa_0482_GPT-5.6 Luna
0,1.0606060028076172,512,66a078ca3c09952b
0,0.9552238583564758,512,662df709c802c3df
0,0.8847736716270447,620,e37813d947c2650d
0,0.9772727489471436,512,e8464cf5dc832646
0,1.008888840675354,591,a59b5cc7d1d51f9f
0,1.0210970640182495,663,ce75ae828ffbc3cd
1,0.8731883764266968,685,ai_kinh_te_0029_GPT-5.6 Luna
1,0.8888888955116272,643,ai_kinh_te_0281_gemini-3.7-flash
0,0.9842932224273682,512,0c020c04372dc2b9
1,0.8829787373542786,684,ai_van_hoa_0095_GPT-5.6 Luna
1,0.8368794322013855,683,ai_xa_hoi_0336_GPT-5.6 Luna
0,0.9807692170143129,512,465229bb7268c400
0,0.9485294222831726,642,7f6c8fcf3a4914f7
1,0.9257642030715942,550,ai_van_hoa_0810_gemini-3.7-flash
1,0.8755555748939514,513,ai_chinh_tri_0223_gemini-3.7-flash
0,0.9724137783050536,768,a22ee4c644035394
0,0.9613733887672424,584,d362ed1e2274e7a8
0,1.0,641,251543a008749b96
1,0.8410041928291321,531,ai_the_thao_0262_gemini-3.7-flash
1,0.9227467775344848,570,ai_xa_hoi_0497_gemini-3.7-flash
1,0.8666666746139526,530,ai_giao_duc_0336_gemini-3.7-flash
0,0.9552845358848572,512,4b4f673b3d8f7363
0,0.9826589822769164,512,568952a824e9c117
1,0.9531915187835692,531,ai_xa_hoi_0694_gemini-3.7-flash
1,0.8601398468017578,684,ai_van_hoa_0159_GPT-5.6 Luna
0,1.0194804668426514,512,44d663644cdf1bfd
0,0.9197860956192015,302,d4b5d368acf14303
0,0.9200000166893004,512,3826cca5881877c1
0,0.8227272629737854,512,084d6787ec6f1f84
0,0.9074074029922484,659,04b1ae33e60385a4
1,0.912350594997406,515,ai_kinh_te_0576_gemini-3.7-flash
1,0.8623188138008118,685,ai_xa_hoi_0731_GPT-5.6 Luna
1,0.8219696879386902,555,ai_van_hoa_0519_gemini-3.7-flash
1,0.828000009059906,529,ai_the_thao_0570_gemini-3.7-flash
0,1.0355556011199951,768,68e39606770ec0b6
0,0.9277108311653136,725,07f1222cfe8e2c18
1,0.831932783126831,531,ai_the_thao_0822_gemini-3.7-flash
1,0.8368055820465088,686,ai_xa_hoi_0146_GPT-5.6 Luna
0,1.0810810327529907,512,e23a3be76f0a3d25
1,0.8690476417541504,568,ai_kinh_te_0506_gemini-3.7-flash
1,0.9531915187835692,531,ai_xa_hoi_0358_gemini-3.7-flash
1,0.8617021441459656,684,ai_xa_hoi_0352_GPT-5.6 Luna
1,0.8219696879386902,555,ai_van_hoa_0599_gemini-3.7-flash
1,0.925110161304474,599,ai_giao_duc_0389_gemini-3.7-flash
0,0.978102207183838,674,215dcf325a75d2ae
1,0.8884891867637634,685,ai_giao_duc_0648_GPT-5.6 Luna
1,0.8821428418159485,686,ai_giao_duc_0429_GPT-5.6 Luna
0,1.0451127290725708,663,f35775e5ccd54d9a
1,0.8546099066734314,685,ai_the_thao_0090_GPT-5.6 Luna
1,0.8389830589294434,554,ai_the_thao_0039_gemini-3.7-flash
1,0.8859649300575256,518,ai_giao_duc_0202_gemini-3.7-flash
1,0.8586956262588501,684,ai_chinh_tri_0442_GPT-5.6 Luna
0,1.040697693824768,557,f5b9c3853143139a
0,0.9333333373069764,512,aecebd25c9ca3e81
1,0.8333333134651184,530,ai_kinh_te_0611_gemini-3.7-flash
0,1.0,607,b84c17cab5767548
1,0.8541666865348816,686,ai_the_thao_0074_GPT-5.6 Luna
0,0.9612069129943848,768,9d62cd176024f3ee
0,1.0064934492111206,680,ad9fb8f0a3d273de
0,0.935897409915924,691,2fa2563b11152a8c
1,0.8905109763145447,686,ai_giao_duc_0085_GPT-5.6 Luna
0,1.003999948501587,512,184f13909de56c0a
0,0.9375,579,f5fe256459b38ec1
0,0.9491525292396544,512,6086dd836f199a9d
0,1.0194804668426514,512,666480835cd0b985
1,0.8473895788192749,521,ai_the_thao_0116_gemini-3.7-flash
0,0.9356725215911864,512,03c963fd38aea9f9
1,0.8341013789176941,561,ai_giao_duc_0635_gemini-3.7-flash
1,0.9060150384902954,684,ai_giao_duc_0770_GPT-5.6 Luna
0,1.0349650382995603,530,67c1d4095bdba1fd
0,0.963235318660736,649,553362f6ec518b76
1,0.8840579986572266,686,ai_van_hoa_0332_GPT-5.6 Luna
0,0.940397322177887,575,6c93e94854861169
0,0.9865771532058716,512,47f17a25586e535d
0,1.0199999809265137,512,d5f7de52d2cfc8f1
0,1.023121356964111,401,a11adc1a41e63e47
1,0.8473895788192749,521,ai_the_thao_0612_gemini-3.7-flash
1,0.8299319744110107,684,ai_the_thao_0135_GPT-5.6 Luna
1,0.8483412265777588,560,ai_giao_duc_0143_gemini-3.7-flash
1,0.9230769276618958,494,ai_xa_hoi_0420_gemini-3.7-flash
1,0.8590308427810669,595,ai_the_thao_0169_gemini-3.7-flash
0,0.8825757503509521,768,a78498640cd4a4af
1,0.8483412265777588,560,ai_giao_duc_0495_gemini-3.7-flash
0,0.8254716992378235,654,7561e5012e0d9a44
0,1.0123456716537476,661,e08c4aec1b7789b4
0,1.018518567085266,702,4d929ba814fcfa17
0,0.9770992398262024,637,12c07fb1192abc01
1,0.8758864998817444,686,ai_the_thao_0197_GPT-5.6 Luna
1,0.8888888955116272,643,ai_kinh_te_0449_gemini-3.7-flash
0,0.9266055226325988,600,62e13a94755e9390
1,0.8617021441459656,685,ai_the_thao_0290_GPT-5.6 Luna
0,0.91015625,535,cda18556252c64c8
0,0.977142870426178,503,4aa97ccff199f1ff
0,0.969924807548523,700,6f6280df122e36ae
0,0.9483568072319032,761,592f12bd20879dbe
0,0.9865471124649048,693,839323933cd9245c
0,1.1093116998672483,512,eb30a56956439ba6
1,0.8617021441459656,686,ai_xa_hoi_0714_GPT-5.6 Luna
1,0.9222221970558168,684,ai_kinh_te_0548_GPT-5.6 Luna
1,0.9383260011672974,551,ai_van_hoa_0294_gemini-3.7-flash
0,1.0133333206176758,512,39b167af7b6690dc
1,0.8859649300575256,518,ai_giao_duc_0242_gemini-3.7-flash
1,0.8952381014823914,595,ai_chinh_tri_0133_gemini-3.7-flash
1,0.8546099066734314,685,ai_van_hoa_0601_GPT-5.6 Luna
0,1.0047169923782349,768,15eac32a9a758a63
1,0.8368794322013855,683,ai_xa_hoi_0024_GPT-5.6 Luna
0,0.966216206550598,762,8511458bd6714aab
0,0.9860140085220336,439,b9e752bd5aa90ac0
1,0.8623188138008118,687,ai_kinh_te_0016_GPT-5.6 Luna
1,0.8601398468017578,684,ai_van_hoa_0191_GPT-5.6 Luna
0,1.0251046419143677,768,38ebc7cac7eca8e5
1,0.886956512928009,596,ai_the_thao_0109_gemini-3.7-flash
1,0.8617021441459656,684,ai_the_thao_0752_GPT-5.6 Luna
0,1.0157480239868164,512,8c5456a9f60954cf
0,0.9794520735740662,512,ea272320ef1f6e82
1,0.8341013789176941,561,ai_giao_duc_0219_gemini-3.7-flash
1,0.8341013789176941,561,ai_giao_duc_0123_gemini-3.7-flash
0,1.00632905960083,581,36b5095379248f25
0,0.9103139042854308,768,575597917ca395df
0,0.9842105507850648,580,2537981688d8d7f0
0,0.9491525292396544,634,f6496a7ef5921286
0,1.145161271095276,759,e2f749ea7ef487b0
1,0.9227467775344848,570,ai_xa_hoi_0761_gemini-3.7-flash
0,0.9676113128662108,589,1b24d3654f8c6f4f
0,0.9929577708244324,512,3fed8dd08793981e
1,0.8678571581840515,684,ai_van_hoa_0647_GPT-5.6 Luna
1,0.8860294222831726,686,ai_xa_hoi_0075_GPT-5.6 Luna
1,0.8776978254318237,684,ai_the_thao_0355_GPT-5.6 Luna
0,0.9492753744125366,695,13c9631d48fbc071
1,0.8695651888847351,684,ai_kinh_te_0071_GPT-5.6 Luna
0,0.9559471607208252,507,4a53798409a3bf23
1,0.9194915294647216,497,ai_xa_hoi_0448_gemini-3.7-flash
1,0.9279661178588868,569,ai_xa_hoi_0341_gemini-3.7-flash
1,0.8785714507102966,686,ai_xa_hoi_0622_GPT-5.6 Luna
0,0.9128788113594056,692,ad80186132538f5f
1,0.8758864998817444,686,ai_the_thao_0077_GPT-5.6 Luna
1,0.8690476417541504,568,ai_kinh_te_0178_gemini-3.7-flash
1,0.8829787373542786,686,ai_xa_hoi_0316_GPT-5.6 Luna
0,0.9534883499145508,754,f2b2e24975f70fb2
0,1.0431654453277588,658,a81f8c6cdf7cab2a
0,0.9801324605941772,701,477a94a83524fd6f
1,0.8450704216957092,684,ai_the_thao_0608_GPT-5.6 Luna
1,0.886956512928009,596,ai_the_thao_0749_gemini-3.7-flash
1,0.9383260011672974,551,ai_van_hoa_0678_gemini-3.7-flash
1,0.8633093237876892,685,ai_chinh_tri_0747_GPT-5.6 Luna
1,0.8978102207183838,686,ai_giao_duc_0179_GPT-5.6 Luna
1,0.828000009059906,529,ai_the_thao_0610_gemini-3.7-flash
0,1.0127660036087036,512,0585033949a8855e
0,1.0499999523162842,768,4bf0370f4f77f5df
1,0.8617021441459656,684,ai_the_thao_0152_GPT-5.6 Luna
0,1.0710901021957395,681,34450071daf9f427
0,0.9861111044883728,757,92a994876ca3889c
1,0.9135338068008424,685,ai_xa_hoi_0055_GPT-5.6 Luna
1,0.8690476417541504,568,ai_kinh_te_0474_gemini-3.7-flash
0,0.9923664331436156,680,1e5ccecd65975394
0,0.96484375,716,38030052e7af1acf
1,0.8733624219894409,545,ai_chinh_tri_0180_gemini-3.7-flash
0,1.007299304008484,503,9fa14dd923ce007c
0,0.9457364082336426,768,1604ae7dc61ed840
1,0.8785714507102966,686,ai_xa_hoi_0156_GPT-5.6 Luna
0,0.937888205051422,594,4601961636e7bd3e
0,1.0,512,df5bb453295440a4
1,0.8472222089767456,685,ai_van_hoa_0474_GPT-5.6 Luna
0,0.969924807548523,768,276d75bc38fecbe7
1,0.9383260011672974,551,ai_van_hoa_0494_gemini-3.7-flash
1,0.866906464099884,686,ai_chinh_tri_0123_GPT-5.6 Luna
1,0.8410041928291321,531,ai_the_thao_0086_gemini-3.7-flash
0,0.8838383555412292,615,257d1efe4f925823
1,0.8678571581840515,686,ai_chinh_tri_0371_GPT-5.6 Luna
1,0.8723404407501221,686,ai_van_hoa_0490_GPT-5.6 Luna
1,0.8755555748939514,513,ai_chinh_tri_0015_gemini-3.7-flash
1,0.8360000252723694,557,ai_van_hoa_0619_gemini-3.7-flash
1,0.912350594997406,515,ai_kinh_te_0776_gemini-3.7-flash
1,0.8888888955116272,518,ai_chinh_tri_0443_gemini-3.7-flash
0,1.0542635917663574,768,669e6e8ea418a826
0,0.7354260087013245,707,458ae049c2849445
0,0.9923664331436156,701,08e5bf42a5441199
1,0.8782608509063721,547,ai_van_hoa_0532_gemini-3.7-flash
1,0.8723404407501221,685,ai_giao_duc_0744_GPT-5.6 Luna
0,0.96195650100708,768,ed9d94f1773ce133
1,0.8714285492897034,686,ai_xa_hoi_0644_GPT-5.6 Luna
1,0.8450704216957092,686,ai_xa_hoi_0557_GPT-5.6 Luna
1,0.8510638475418091,686,ai_xa_hoi_0614_GPT-5.6 Luna
0,0.950276255607605,656,699c31df1a5cac60
1,0.9166666865348816,514,ai_kinh_te_0300_gemini-3.7-flash
1,0.9910714030265808,550,ai_van_hoa_0274_gemini-3.7-flash
1,0.8614718317985535,575,ai_van_hoa_0017_gemini-3.7-flash
1,0.8586956262588501,684,ai_kinh_te_0450_GPT-5.6 Luna
1,0.8601398468017578,686,ai_the_thao_0597_GPT-5.6 Luna
1,0.8633093237876892,684,ai_chinh_tri_0805_GPT-5.6 Luna
1,0.8623188138008118,685,ai_chinh_tri_0799_GPT-5.6 Luna
1,0.8733624219894409,545,ai_chinh_tri_0580_gemini-3.7-flash
0,1.050847411155701,768,f06ba6e3044a09d7
0,0.970588207244873,576,093aafa93ea39731
1,0.9230769276618958,494,ai_xa_hoi_0532_gemini-3.7-flash
1,0.8181818127632141,555,ai_van_hoa_0775_gemini-3.7-flash
1,0.8925926089286804,684,ai_giao_duc_0746_GPT-5.6 Luna
1,0.8617021441459656,685,ai_kinh_te_0737_GPT-5.6 Luna
1,0.8888888955116272,643,ai_kinh_te_0009_gemini-3.7-flash
0,0.9150943160057068,680,94340ad9a0f069ad
1,0.8767605423927307,686,ai_van_hoa_0138_GPT-5.6 Luna
0,1.024844765663147,768,3a91ac4a8ae83cf0
1,0.8473895788192749,521,ai_the_thao_0708_gemini-3.7-flash
0,1.0817307233810425,558,c16e4d90fa1f2314
0,0.9617834687232972,768,c673090ea771e57a
0,1.0077519416809082,768,92db6aecfbe5014d
0,0.9922480583190918,641,fa655c51d1e77385
0,0.890070915222168,667,43991f95d0f3d2aa
0,1.0214285850524902,677,2f0ca0f626bcca66
1,0.8785714507102966,685,ai_kinh_te_0102_GPT-5.6 Luna
0,1.0567375421524048,768,6294cac9d1c8cee2
0,1.056910514831543,512,0f2309f8212821b0
1,0.9531915187835692,531,ai_xa_hoi_0598_gemini-3.7-flash
1,0.8978102207183838,686,ai_giao_duc_0539_GPT-5.6 Luna
0,1.0071429014205933,512,35164953b9e32dc5
1,0.8423236608505249,517,ai_giao_duc_0622_gemini-3.7-flash
0,1.0,614,ccc30bacd74d52f4
0,0.914893627166748,725,f1c568473c1aa83e
0,0.9398148059844972,768,f28e33483fc723af
0,0.969924807548523,610,918a355ee63ef36a
1,0.8546099066734314,684,ai_the_thao_0640_GPT-5.6 Luna
1,0.8848921060562134,685,ai_the_thao_0602_GPT-5.6 Luna
1,0.886956512928009,596,ai_the_thao_0325_gemini-3.7-flash
1,0.8410041928291321,531,ai_the_thao_0374_gemini-3.7-flash
1,0.8813559412956238,574,ai_van_hoa_0357_gemini-3.7-flash
0,0.9770992398262024,687,6feb72165348b76a
0,0.9928057789802552,768,d016d23bab2aafc6
0,0.9645389914512634,563,a4be69584335f43f
0,1.02521014213562,500,341a5edc0e0df307
0,0.9757575988769532,768,b8d3436a47923098
1,0.8821428418159485,686,ai_giao_duc_0239_GPT-5.6 Luna
1,0.8439716100692749,684,ai_van_hoa_0013_GPT-5.6 Luna
0,0.9613526463508606,559,1e8afa31201048b0
0,0.9791666865348816,512,7275666382ad3cd8
1,0.8731883764266968,684,ai_giao_duc_0032_GPT-5.6 Luna
0,0.9882352948188782,512,860d647094073eb0
1,0.8723404407501221,686,ai_xa_hoi_0226_GPT-5.6 Luna
1,0.8623188138008118,687,ai_kinh_te_0736_GPT-5.6 Luna
0,0.9346938729286194,541,724d86afdd32cc86
1,0.8525179624557495,684,ai_van_hoa_0611_GPT-5.6 Luna
0,0.9762845635414124,505,870b59822219667f
0,0.9535865187644958,685,042e82c9ff78a65a
0,1.014814853668213,768,0849c4064ce69485
1,0.8514492511749268,684,ai_van_hoa_0107_GPT-5.6 Luna
0,1.0141843557357788,768,b24c4a8ba45acaf3
1,0.866906464099884,685,ai_xa_hoi_0006_GPT-5.6 Luna
0,0.9407407641410828,512,0cb9b22ce0322f8b
1,0.866906464099884,684,ai_van_hoa_0774_GPT-5.6 Luna
0,0.9615384340286256,679,74e6f7c30b2d83c8
0,1.007299304008484,512,ffaf1e47c536bf10
0,1.041284441947937,638,f417053d4e47ac87
1,0.8733624219894409,545,ai_chinh_tri_0812_gemini-3.7-flash
1,0.8652482032775879,685,ai_the_thao_0603_GPT-5.6 Luna
0,1.1557377576828003,512,377e474c166c8f30
0,1.0890411138534546,542,9c32374cee017df1
0,0.9659090638160706,512,eee8128a5279c702
1,0.8623188138008118,685,ai_van_hoa_0747_GPT-5.6 Luna
1,0.9004328846931458,566,ai_chinh_tri_0142_gemini-3.7-flash
1,0.8500000238418579,686,ai_xa_hoi_0085_GPT-5.6 Luna
0,0.994413435459137,664,ed01dd8c01b0a71e
0,0.8913043737411499,592,c0dbf488fdb55f8c
1,0.912350594997406,515,ai_kinh_te_0264_gemini-3.7-flash
0,1.071005940437317,512,cf3b6f3378943695
0,0.935742974281311,768,df89a5e4d14599d7
1,0.8576388955116272,686,ai_the_thao_0394_GPT-5.6 Luna
0,0.9806451797485352,674,48064143d67aabc7
0,0.9323671460151672,512,f5c1e98dd85f93a3
1,0.9910714030265808,550,ai_van_hoa_0738_gemini-3.7-flash
0,0.9567099809646606,512,f9b20382b6aa3404
0,0.989071011543274,567,d03b485cce6683b7
1,0.8561151027679443,684,ai_van_hoa_0651_GPT-5.6 Luna
0,1.0,512,d24b9a233afdc5ec
0,0.9230769276618958,691,3ca100f0924743c7
0,0.8961538672447205,714,7efb93af9a948345
0,1.0458015203475952,512,b917091569055283
1,0.8528138399124146,575,ai_van_hoa_0537_gemini-3.7-flash
1,0.9014084339141846,550,ai_xa_hoi_0591_gemini-3.7-flash
1,0.8731883764266968,684,ai_kinh_te_0039_GPT-5.6 Luna
0,0.953125,768,53bf46a129bee475
0,1.0040322542190552,750,88e6776fd0af19ce
0,0.8626760840415955,512,a3aecf2897ef2456
0,0.9785714149475098,500,29d30dea5944abb3
0,1.0559440851211548,577,aae88c8e16c27417
0,0.95703125,509,d657aee5b334aebe
0,1.0136985778808594,578,051b5c8a3e731a9c
0,0.967391312122345,670,0d39d574664bfb57
0,0.8823529481887817,674,da1e70414ada6929
0,1.0072463750839231,512,beb022cdb95106ce
0,0.9013453125953674,581,b31aa681744116ec
1,0.8661971688270569,685,ai_kinh_te_0550_GPT-5.6 Luna
1,0.8546099066734314,685,ai_the_thao_0810_GPT-5.6 Luna
0,0.982608675956726,674,2bd7c1148aefd493
0,1.1279069185256958,666,bcffeac0c102f979
0,0.943127989768982,768,5acd417cffd96d34
0,0.9668049812316896,534,de3764b6151c8bf1
0,0.995652198791504,512,50043818d966e715
0,0.9037036895751952,768,9f52cb87e2c6dcfb
0,0.9288703203201294,657,fe2a3a6a00069ca6
0,0.9948453903198242,681,4257c0885435e0bd
0,0.9727272987365724,501,f5cfceb8fc8dbe6f
1,0.9004328846931458,566,ai_chinh_tri_0310_gemini-3.7-flash
0,1.014814853668213,618,050631b8f9fb6a2a
1,0.8528138399124146,575,ai_van_hoa_0609_gemini-3.7-flash
1,0.8576388955116272,686,ai_the_thao_0341_GPT-5.6 Luna
1,0.8617021441459656,686,ai_xa_hoi_0010_GPT-5.6 Luna
1,0.8888888955116272,518,ai_chinh_tri_0643_gemini-3.7-flash
0,0.9686098694801332,768,99d7f3092ccecf32
1,0.8733624219894409,545,ai_chinh_tri_0100_gemini-3.7-flash
0,1.0,768,4e8150e4410fd82c
1,0.8949275612831116,686,ai_giao_duc_0229_GPT-5.6 Luna
0,1.0145984888076782,660,39e3608d8b2cea63
1,0.8219696879386902,555,ai_van_hoa_0655_gemini-3.7-flash
1,0.8423236608505249,517,ai_giao_duc_0742_gemini-3.7-flash
1,0.8652482032775879,685,ai_giao_duc_0480_GPT-5.6 Luna
1,0.8785714507102966,686,ai_xa_hoi_0382_GPT-5.6 Luna
0,1.029411792755127,547,e276dcd1550f6c77
1,0.8623188138008118,685,ai_chinh_tri_0679_GPT-5.6 Luna
0,0.9569377899169922,603,387d3934ab3ffd3f
1,0.8607142567634583,684,ai_chinh_tri_0720_GPT-5.6 Luna
0,0.9855769276618958,617,07b66d23ac1f57d2
1,0.8884891867637634,686,ai_giao_duc_0047_GPT-5.6 Luna
0,1.034482717514038,768,d81c6566bb9cff03
1,0.867521345615387,600,ai_giao_duc_0473_gemini-3.7-flash
0,1.0273972749710083,768,528da5b0f638347b
0,0.92946058511734,768,5740c66979baf882
0,1.109375,535,cf2323131766d812
0,1.0155038833618164,512,6f4c4c809c133e53
1,0.9254385828971864,551,ai_van_hoa_0822_gemini-3.7-flash
1,0.881118893623352,686,ai_the_thao_0705_GPT-5.6 Luna
1,0.9404255151748656,533,ai_xa_hoi_0362_gemini-3.7-flash
1,0.8731883764266968,686,ai_kinh_te_0432_GPT-5.6 Luna
1,0.8888888955116272,684,ai_xa_hoi_0063_GPT-5.6 Luna
1,0.8952381014823914,595,ai_chinh_tri_0517_gemini-3.7-flash
0,0.9529411792755128,603,054d567f5085437a
1,0.8992537260055542,685,ai_xa_hoi_0407_GPT-5.6 Luna
0,1.0421686172485352,768,0c5e0082424b5348
1,0.8472222089767456,685,ai_van_hoa_0714_GPT-5.6 Luna
0,1.0634920597076416,512,eb08f53ea0bd6b5f
0,1.100000023841858,502,c9632871f6b915d4
0,0.990783393383026,768,3a0fcb65003c14f8
1,0.8483412265777588,560,ai_giao_duc_0647_gemini-3.7-flash
1,0.8733624219894409,545,ai_chinh_tri_0460_gemini-3.7-flash
0,0.992424249649048,512,71e40618ee16537c
0,1.076923131942749,660,46e49a7c8b3923bb
1,0.9910714030265808,550,ai_van_hoa_0178_gemini-3.7-flash
1,0.8576388955116272,685,ai_the_thao_0036_GPT-5.6 Luna
1,0.9004328846931458,566,ai_chinh_tri_0422_gemini-3.7-flash
0,1.0163934230804443,501,5f1a392abe33df42
1,0.8782608509063721,547,ai_van_hoa_0148_gemini-3.7-flash
1,0.8426573276519775,684,ai_chinh_tri_0492_GPT-5.6 Luna
1,0.8767605423927307,686,ai_van_hoa_0618_GPT-5.6 Luna
0,0.9336734414100648,768,e26aa6b2786c070f
1,0.925110161304474,599,ai_giao_duc_0669_gemini-3.7-flash
1,0.8925926089286804,684,ai_giao_duc_0506_GPT-5.6 Luna
1,0.9111111164093018,684,ai_kinh_te_0268_GPT-5.6 Luna
1,0.8525179624557495,684,ai_van_hoa_0277_GPT-5.6 Luna
1,0.8680555820465088,686,ai_the_thao_0009_GPT-5.6 Luna
1,0.8813559412956238,574,ai_van_hoa_0413_gemini-3.7-flash
0,0.8838709592819214,597,adfce37b6883e6e6
1,0.895652174949646,545,ai_chinh_tri_0408_gemini-3.7-flash
0,0.9871794581413268,662,0605dce422be7296
1,0.835616409778595,684,ai_chinh_tri_0380_GPT-5.6 Luna
0,0.930656909942627,768,57e9ac48c156d32e
1,0.8531468510627747,686,ai_the_thao_0494_GPT-5.6 Luna
1,0.9014084339141846,550,ai_xa_hoi_0791_gemini-3.7-flash
1,0.8528138399124146,575,ai_van_hoa_0081_gemini-3.7-flash
0,1.0357142686843872,578,fab879cf16578df4
0,0.9924812316894532,543,82377c620a41f8f3
0,1.0309277772903442,647,972f2c2cc3da507b
1,0.8321678042411804,685,ai_van_hoa_0556_GPT-5.6 Luna
0,0.9011857509613036,512,9df8be0b78e4a996
0,0.9053497910499572,510,60800db8e5502ad4
1,0.8297872543334961,684,ai_van_hoa_0661_GPT-5.6 Luna
0,1.0833333730697632,539,42047059c29c883c
1,0.8723404407501221,685,ai_the_thao_0075_GPT-5.6 Luna
0,0.985185205936432,656,15c773cfb1d2d846
1,0.8500000238418579,686,ai_xa_hoi_0445_GPT-5.6 Luna
0,0.9881656765937804,512,db8abcec941a778a
0,1.017045497894287,690,afe926e66e1d477d
0,1.0,530,f7a0340e0048a091
0,0.95175439119339,744,58986fc5f4e65338
1,0.8389830589294434,554,ai_the_thao_0055_gemini-3.7-flash
0,0.9073171019554138,512,f8a15078348546a1
0,0.937062919139862,768,1d0ae9b3442c8ac4
0,0.9693251252174376,659,a9ef0a4243984d54
0,1.0071942806243896,512,99afdd2bb32d250e
1,0.8590308427810669,595,ai_the_thao_0481_gemini-3.7-flash
1,0.8735178112983704,644,ai_kinh_te_0797_gemini-3.7-flash
0,0.8949999809265137,768,c18b5c8b31344057
0,0.9735099077224731,677,ca38408fa370e01c
0,0.9488189220428468,680,33d427108fd6be86
1,0.9194915294647216,497,ai_xa_hoi_0120_gemini-3.7-flash
0,0.9058823585510254,512,8a8e6b8702822909
1,0.8652482032775879,685,ai_giao_duc_0120_GPT-5.6 Luna
1,0.8991228342056274,565,ai_chinh_tri_0082_gemini-3.7-flash
0,0.934108555316925,768,467f47d465db1499
1,0.835616409778595,684,ai_the_thao_0327_GPT-5.6 Luna
1,0.8661971688270569,685,ai_kinh_te_0310_GPT-5.6 Luna
1,0.8528138399124146,575,ai_van_hoa_0289_gemini-3.7-flash
1,0.9404255151748656,533,ai_xa_hoi_0602_gemini-3.7-flash
1,0.8735178112983704,644,ai_kinh_te_0085_gemini-3.7-flash
0,0.9234449863433838,768,142765ccf603519e
0,0.8818181753158569,657,57450f8a8479765a
0,0.92268043756485,512,0fd4d3e6cb5abbe9
0,0.9248120188713074,589,39cc13eea091ce0d
1,0.9194915294647216,497,ai_xa_hoi_0600_gemini-3.7-flash
1,0.8367347121238708,684,ai_the_thao_0759_GPT-5.6 Luna
1,0.8840579986572266,686,ai_giao_duc_0804_GPT-5.6 Luna
0,0.9879518151283264,768,cedd1bbc7a10d002
0,0.9925925731658936,768,0d257ea28968d2b1
0,0.9850746393203736,555,ec7e18146def15d1
0,1.0693877935409546,629,a3d6fbbbe0a4e687
0,0.9590163826942444,708,8d9ae976393309ad
0,1.0071942806243896,512,7c1f701a00067065
1,0.8785714507102966,685,ai_kinh_te_0659_GPT-5.6 Luna
0,0.9938650131225586,639,d6e770ce41582b08
0,0.965753436088562,512,53669f2b713a71ff
0,1.0604650974273682,555,2314a4a687885938
0,0.9541984796524048,669,f2a59f2877ab4565
1,0.875,684,ai_kinh_te_0119_GPT-5.6 Luna
1,0.8952381014823914,595,ai_chinh_tri_0565_gemini-3.7-flash
0,0.9476439952850342,512,9d27486d79675301
1,0.9404255151748656,533,ai_xa_hoi_0554_gemini-3.7-flash
1,0.8925926089286804,684,ai_giao_duc_0562_GPT-5.6 Luna
1,0.8556337952613831,686,ai_van_hoa_0265_GPT-5.6 Luna
0,0.9850000143051147,512,15a8222efe269a30
0,1.0483092069625854,546,a92e1d24b5c35bf0
1,0.8219696879386902,555,ai_van_hoa_0759_gemini-3.7-flash
1,0.925110161304474,599,ai_giao_duc_0685_gemini-3.7-flash
0,0.9927536249160768,512,1197d064ffdb9a60
0,0.9543378949165344,638,41e9cdd166d0becb
1,0.8586956262588501,684,ai_kinh_te_0690_GPT-5.6 Luna
0,0.9720670580863952,512,753b141561429220
1,0.8617021441459656,685,ai_giao_duc_0400_GPT-5.6 Luna
1,0.9404255151748656,533,ai_xa_hoi_0722_gemini-3.7-flash
0,0.978723406791687,539,8ca68dc3f7e529fe
1,0.8355704545974731,684,ai_the_thao_0583_GPT-5.6 Luna
1,0.8410041928291321,531,ai_the_thao_0214_gemini-3.7-flash
0,1.0546218156814575,615,19d4ddc8ede583d0
1,0.8991228342056274,565,ai_chinh_tri_0738_gemini-3.7-flash
0,0.8533333539962769,768,283a68a949cc5cd8
1,0.8731883764266968,686,ai_kinh_te_0712_GPT-5.6 Luna
1,0.886956512928009,596,ai_the_thao_0037_gemini-3.7-flash
1,0.8695651888847351,685,ai_xa_hoi_0510_GPT-5.6 Luna
0,1.0352113246917725,645,e15ab70ab706b699
0,0.9371069073677064,768,fe97ce5060933f3d
0,0.9061033129692078,512,bcf141c9cd86ac19
0,1.0659340620040894,512,20b17b36becd52c5
0,0.9807692170143129,768,7f0019aa5cd6e25c
1,0.8601398468017578,686,ai_the_thao_0277_GPT-5.6 Luna
0,0.9930555820465088,659,22794d216db4f51c
0,1.050420165061951,512,ad9c9e0eb9fccd3b
1,0.8333333134651184,530,ai_kinh_te_0435_gemini-3.7-flash
1,0.9279661178588868,569,ai_xa_hoi_0029_gemini-3.7-flash
1,0.8368055820465088,684,ai_van_hoa_0391_GPT-5.6 Luna
1,0.8341013789176941,561,ai_giao_duc_0691_gemini-3.7-flash
0,1.004878044128418,504,1c6220a71ea117ca
0,0.959999978542328,768,5515b0bc9c26eeed
0,1.003999948501587,681,f45858c0b48228fd
1,0.9014084339141846,550,ai_xa_hoi_0335_gemini-3.7-flash
1,0.9242424368858336,596,ai_chinh_tri_0537_gemini-3.7-flash
1,0.8590308427810669,595,ai_the_thao_0113_gemini-3.7-flash
1,0.8840579986572266,685,ai_kinh_te_0827_GPT-5.6 Luna
0,1.1260504722595217,555,5d6ea0204935d824
1,0.8515625,567,ai_kinh_te_0510_gemini-3.7-flash
1,0.8341013789176941,561,ai_giao_duc_0115_gemini-3.7-flash
0,1.0384615659713743,583,3d7ab1204f5e9500
0,0.9158878326416016,663,c622eec1cdc1143a
0,1.0,637,6c4e069886e29fc1
1,0.8617021441459656,684,ai_xa_hoi_0832_GPT-5.6 Luna
1,0.8785714507102966,686,ai_xa_hoi_0244_GPT-5.6 Luna
0,1.070539474487305,550,5b6c7239c655331e
0,1.0675675868988037,512,03e25d6829db07b7
1,0.8576388955116272,686,ai_the_thao_0581_GPT-5.6 Luna
0,0.9469387531280518,768,4eb712460736d9ce
0,1.0118577480316162,589,545255f07ff9f2e2
1,0.8546099066734314,685,ai_chinh_tri_0635_GPT-5.6 Luna
1,0.8777777552604675,684,ai_giao_duc_0249_GPT-5.6 Luna
0,1.0208333730697632,512,fa99a64c4b0d65e2
1,0.8445945978164673,684,ai_the_thao_0031_GPT-5.6 Luna
1,0.8706293702125549,686,ai_xa_hoi_0172_GPT-5.6 Luna
0,1.0747126340866089,548,cc7be570682cf8ac
0,0.9722222089767456,694,4429f26ebc3075b6
1,0.8360000252723694,557,ai_van_hoa_0099_gemini-3.7-flash
0,1.0065789222717283,768,8e40e04dd993f33a
0,1.0118577480316162,512,b9efbb6a9ded5e72
0,0.9457013607025146,653,c3c16dc0b8f74ffa
0,0.9878542423248292,690,948204fb3501f0e8
1,0.8590308427810669,595,ai_the_thao_0353_gemini-3.7-flash
1,0.829365074634552,523,ai_the_thao_0152_gemini-3.7-flash
0,0.9807692170143129,670,729a0100437d9c21
0,1.0,512,cdd29127960a1fdc
0,0.9801324605941772,677,60f8a73f7b8b8791
1,0.8591549396514893,686,ai_van_hoa_0633_GPT-5.6 Luna
0,0.9601989984512328,526,289783ee981bc60b
1,0.886956512928009,596,ai_the_thao_0005_gemini-3.7-flash
1,0.8219696879386902,555,ai_van_hoa_0535_gemini-3.7-flash
0,0.983263611793518,525,cf646256236a359c
1,0.8713235259056091,684,ai_giao_duc_0345_GPT-5.6 Luna
1,0.9910714030265808,550,ai_van_hoa_0714_gemini-3.7-flash
1,0.8758864998817444,686,ai_van_hoa_0218_GPT-5.6 Luna
1,0.9279661178588868,569,ai_xa_hoi_0085_gemini-3.7-flash
0,0.9679999947547911,507,ccc5d628637e46c6
0,0.8065693378448486,768,f881acb33e54fd1c
1,0.8913043737411499,686,ai_giao_duc_0447_GPT-5.6 Luna
1,0.8723404407501221,686,ai_chinh_tri_0696_GPT-5.6 Luna
1,0.895652174949646,545,ai_chinh_tri_0152_gemini-3.7-flash
0,0.9202898740768432,512,92c36be9860a8ea0
0,1.0,768,df6965a4f6b77a84
1,0.8690476417541504,568,ai_kinh_te_0354_gemini-3.7-flash
1,0.8299319744110107,684,ai_the_thao_0735_GPT-5.6 Luna
0,1.0041322708129885,512,9173e62e12c09d7e
1,0.8528138399124146,575,ai_van_hoa_0249_gemini-3.7-flash
1,0.8510638475418091,686,ai_xa_hoi_0469_GPT-5.6 Luna
0,0.8978102207183838,705,0da7f4d60221bbd1
1,0.8952381014823914,595,ai_chinh_tri_0269_gemini-3.7-flash
0,0.9440559148788452,666,22af3f6f0ba24248
1,0.8423236608505249,517,ai_giao_duc_0734_gemini-3.7-flash
0,1.062893033027649,768,b6730140dcd4ebd2
1,0.8464285731315613,684,ai_kinh_te_0658_GPT-5.6 Luna
1,0.8873239159584045,686,ai_the_thao_0433_GPT-5.6 Luna
0,0.9556962251663208,656,fc30d8d50663c085
1,0.8799999952316284,554,ai_the_thao_0659_gemini-3.7-flash
1,0.8799999952316284,554,ai_the_thao_0115_gemini-3.7-flash
0,1.1244635581970217,529,8fcaad191b6751fd
1,0.8776978254318237,685,ai_xa_hoi_0286_GPT-5.6 Luna
0,0.9922480583190918,687,6825ffbeff5cc9fe
1,0.8576388955116272,686,ai_the_thao_0274_GPT-5.6 Luna
0,1.0105819702148438,768,664cbb2f542000b2
0,0.9874213933944702,768,7a786be18a8914e8
0,1.037313461303711,768,73a335867137e145
0,1.1037344932556152,512,fa94b22425011d71
1,0.9227467775344848,570,ai_xa_hoi_0065_gemini-3.7-flash
1,0.9234449863433838,551,ai_xa_hoi_0419_gemini-3.7-flash
1,0.8423236608505249,517,ai_giao_duc_0430_gemini-3.7-flash
1,0.8758864998817444,685,ai_kinh_te_0158_GPT-5.6 Luna
1,0.8404255509376526,684,ai_van_hoa_0029_GPT-5.6 Luna
0,0.9622641801834106,768,cc64f0de7d90cdb1
1,0.8514492511749268,684,ai_kinh_te_0322_GPT-5.6 Luna
1,0.8956834673881531,686,ai_xa_hoi_0700_GPT-5.6 Luna
0,1.0612244606018066,768,7530a20400181f99
0,1.252336502075195,502,e89b8b83dfb0f361
0,1.096296310424805,512,910eb69476f12878
0,1.0069444179534912,658,2e20edda91fdc653
1,0.8695651888847351,684,ai_kinh_te_0143_GPT-5.6 Luna
1,0.8510638475418091,685,ai_van_hoa_0659_GPT-5.6 Luna
1,0.8738738894462585,530,ai_giao_duc_0828_gemini-3.7-flash
1,0.9111111164093018,685,ai_kinh_te_0156_GPT-5.6 Luna
0,1.076923131942749,512,0a05b09c67122543
0,0.9870129823684692,645,c83280d9aa266809
1,0.9242424368858336,596,ai_chinh_tri_0625_gemini-3.7-flash
0,1.0546875,647,3d5a158e8f824e2c
0,0.9220183491706848,512,671161fb0e113a30
1,0.8389830589294434,554,ai_the_thao_0271_gemini-3.7-flash
1,0.8607142567634583,684,ai_kinh_te_0095_GPT-5.6 Luna
1,0.8776978254318237,686,ai_xa_hoi_0444_GPT-5.6 Luna
1,0.8333333134651184,684,ai_xa_hoi_0704_GPT-5.6 Luna
0,0.96875,566,9be4ca1dc2ef196d
0,1.0808823108673096,512,c934dc4c437d5236
0,0.9052132964134216,512,ad5dd1356b9a4454
1,0.9257642030715942,550,ai_van_hoa_0826_gemini-3.7-flash
0,0.8964143395423889,625,9b61a5f2c6b63542
0,1.0244897603988647,668,d88749854d1107b1
0,0.8611111044883728,524,8036dd0a9cce4680
1,0.8614718317985535,575,ai_van_hoa_0009_gemini-3.7-flash
1,0.9531915187835692,531,ai_xa_hoi_0478_gemini-3.7-flash
1,0.8410041928291321,531,ai_the_thao_0694_gemini-3.7-flash
0,0.9867549538612366,512,c306878b650bbaa9
1,0.8731883764266968,685,ai_kinh_te_0749_GPT-5.6 Luna
1,0.9242424368858336,596,ai_chinh_tri_0425_gemini-3.7-flash
1,0.8510638475418091,685,ai_chinh_tri_0086_GPT-5.6 Luna
1,0.8695651888847351,686,ai_xa_hoi_0115_GPT-5.6 Luna
1,0.9230769276618958,494,ai_xa_hoi_0564_gemini-3.7-flash
0,0.9389671087265016,512,b3a160948e874215
1,0.8678571581840515,685,ai_chinh_tri_0111_GPT-5.6 Luna
1,0.904411792755127,686,ai_giao_duc_0739_GPT-5.6 Luna
0,0.9696969985961914,618,4cbd671c984f48e8
0,1.0872093439102173,768,cd86f6b76e0df662
0,1.0230768918991089,659,bbed80a60af11ef3
1,0.9531915187835692,531,ai_xa_hoi_0134_gemini-3.7-flash
0,1.0305343866348269,543,c8622509c4c66776
1,0.8804348111152649,686,ai_giao_duc_0468_GPT-5.6 Luna
1,0.8392857313156128,684,ai_chinh_tri_0550_GPT-5.6 Luna
1,0.8586956262588501,684,ai_chinh_tri_0738_GPT-5.6 Luna
0,0.9620253443717957,588,8036dd787de0d375
1,0.817829430103302,523,ai_the_thao_0768_gemini-3.7-flash
1,0.8360000252723694,557,ai_van_hoa_0403_gemini-3.7-flash
1,0.9227467775344848,570,ai_xa_hoi_0401_gemini-3.7-flash
0,0.95652174949646,636,fdbbcf81cff66141
0,0.9856114983558656,644,4db9b52da2b3e682
1,0.85447758436203,530,ai_kinh_te_0015_gemini-3.7-flash
1,0.8678571581840515,685,ai_kinh_te_0653_GPT-5.6 Luna
1,0.925110161304474,599,ai_giao_duc_0613_gemini-3.7-flash
1,0.9279661178588868,569,ai_xa_hoi_0293_gemini-3.7-flash
1,0.9230769276618958,494,ai_xa_hoi_0428_gemini-3.7-flash
0,1.0152671337127686,545,c5e9cf1be325248f
1,0.8633093237876892,684,ai_van_hoa_0718_GPT-5.6 Luna
1,0.9104477763175964,686,ai_giao_duc_0147_GPT-5.6 Luna
1,0.8617021441459656,686,ai_van_hoa_0673_GPT-5.6 Luna
1,0.8561151027679443,686,ai_chinh_tri_0283_GPT-5.6 Luna
0,0.9219858050346376,768,62d270795541a6c3
0,1.039370059967041,625,b31d47d383b2a590
0,0.7292576432228088,768,cf42741fe0829824
0,0.978723406791687,569,6869f65c99b822bc
1,0.9234449863433838,551,ai_xa_hoi_0107_gemini-3.7-flash
1,0.9014084339141846,550,ai_xa_hoi_0359_gemini-3.7-flash
1,0.8623188138008118,684,ai_chinh_tri_0177_GPT-5.6 Luna
0,0.9925925731658936,768,f70292ea7015b340
0,0.9815950989723206,512,3eb0dc5190fa1d78
1,0.8515625,567,ai_kinh_te_0006_gemini-3.7-flash
0,1.0134228467941284,768,cc3f50a1f25e828e
1,0.8678571581840515,686,ai_kinh_te_0013_GPT-5.6 Luna
0,0.9256198406219482,512,ce399827bbb6e41f
0,1.3382352590560913,512,6dcfb6d0390f7af5
1,0.8510638475418091,685,ai_chinh_tri_0486_GPT-5.6 Luna
0,1.0053763389587402,269,de10399447f0d51d
0,0.9241706132888794,634,454c974d3826e1e5
0,0.9848484992980956,637,0ccfdf929ff799fc
0,1.0134228467941284,572,cdf7dead50c9ad7e
1,0.8345070481300354,684,ai_xa_hoi_0416_GPT-5.6 Luna
0,0.9921875,538,2f6f67f67180ad45
0,1.0,539,69991af91ae8543c
0,0.9764150977134703,527,8925187ffae4bcfa
1,0.8410041928291321,531,ai_the_thao_0030_gemini-3.7-flash
0,0.9264069199562072,537,ad47ac05db2d982c
1,0.895652174949646,545,ai_chinh_tri_0272_gemini-3.7-flash
1,0.866906464099884,685,ai_xa_hoi_0401_GPT-5.6 Luna
0,0.987500011920929,697,d47bf661996baccf
1,0.8758864998817444,685,ai_van_hoa_0015_GPT-5.6 Luna
1,0.867521345615387,600,ai_giao_duc_0705_gemini-3.7-flash
1,0.8590308427810669,595,ai_the_thao_0545_gemini-3.7-flash
0,0.9910714030265808,512,81b1b99d5758df60
0,1.0557940006256104,531,237aedda03d05322
0,1.062240719795227,768,a9d9447795cd8430
1,0.9227467775344848,570,ai_xa_hoi_0385_gemini-3.7-flash
1,0.8410041928291321,531,ai_the_thao_0382_gemini-3.7-flash
0,1.0675675868988037,514,31f4b1544c7a330a
1,0.8473895788192749,521,ai_the_thao_0148_gemini-3.7-flash
0,0.911764681339264,512,cdc8b14d1de516cb
1,0.8661971688270569,685,ai_kinh_te_0070_GPT-5.6 Luna
0,1.0849673748016355,512,c930aef437853057
1,0.9194915294647216,497,ai_xa_hoi_0528_gemini-3.7-flash
0,1.0466101169586182,564,96c8be070845e49a
0,0.8229166865348816,504,4ec3b270947b541e
1,0.8639705777168274,684,ai_giao_duc_0817_GPT-5.6 Luna
0,1.0486485958099363,512,470116991599809d
0,1.0229008197784424,713,f6532984aa0c2087
0,1.0205479860305786,615,148e2bc3035d1f27
1,0.8591549396514893,686,ai_van_hoa_0264_GPT-5.6 Luna
1,0.8633093237876892,685,ai_kinh_te_0466_GPT-5.6 Luna
1,0.8617021441459656,685,ai_xa_hoi_0113_GPT-5.6 Luna
1,0.8738738894462585,530,ai_giao_duc_0540_gemini-3.7-flash
0,1.0687830448150637,613,5b8cb87accd171d6
1,0.8485915660858154,685,ai_van_hoa_0656_GPT-5.6 Luna
1,0.8888888955116272,643,ai_kinh_te_0569_gemini-3.7-flash
0,0.9465020298957824,536,493551fda86db05a
0,0.9656862616539,676,0476ccc6011b8d45
1,0.866906464099884,684,ai_van_hoa_0054_GPT-5.6 Luna
0,0.9490445852279664,768,c71ef76459b94ae1
0,0.95175439119339,504,163c8bc6c827d9d7
0,1.0,614,4ce3259057791b81
0,1.055813908576965,768,4c37d631861e145d
0,0.8980582356452942,552,94917688c6058ef1
1,0.8423236608505249,517,ai_giao_duc_0550_gemini-3.7-flash
0,0.9036697149276732,576,f29a4d8e1d458146
0,0.931818187236786,300,42568a6a171f3451
1,0.8888888955116272,518,ai_chinh_tri_0667_gemini-3.7-flash
1,0.8952381014823914,595,ai_chinh_tri_0789_gemini-3.7-flash
0,0.9451219439506532,768,d534ab3b322236f3
0,1.059880256652832,768,bd0174f84f06faea
0,0.9577465057373048,768,358c0e80cce1e3ec
1,0.9404255151748656,533,ai_xa_hoi_0026_gemini-3.7-flash
1,0.8991228342056274,565,ai_chinh_tri_0018_gemini-3.7-flash
1,0.8860294222831726,684,ai_giao_duc_0058_GPT-5.6 Luna
0,0.981249988079071,647,d424efafd98be19d
1,0.8617021441459656,685,ai_kinh_te_0497_GPT-5.6 Luna
1,0.8731883764266968,687,ai_kinh_te_0536_GPT-5.6 Luna
0,0.9395973086357116,512,8193f6e733af4451
1,0.867521345615387,600,ai_giao_duc_0289_gemini-3.7-flash
0,0.9421965479850768,256,bbdec08b7d1716e8
1,0.8695651888847351,685,ai_giao_duc_0044_GPT-5.6 Luna
0,0.9571428298950196,512,d31f273e34335a62
1,0.8829787373542786,685,ai_the_thao_0226_GPT-5.6 Luna
0,0.9395973086357116,512,95b17dee6467c001
0,1.0861244201660156,124,47d47be1051f7ce3
0,0.9568345546722412,677,6c1ef3a4ba5ce6b6
1,0.9404255151748656,533,ai_xa_hoi_0114_gemini-3.7-flash
0,0.9720279574394226,694,34f64e271416a366
1,0.8821428418159485,686,ai_giao_duc_0710_GPT-5.6 Luna
0,1.0377358198165894,512,1159562bdd80dc2b
1,0.8500000238418579,685,ai_kinh_te_0365_GPT-5.6 Luna
0,0.9788135886192322,525,f5de05d391f8b1f7
1,0.8952381014823914,595,ai_chinh_tri_0325_gemini-3.7-flash
0,0.98305082321167,610,237060d1f0b13882
1,0.8410041928291321,531,ai_the_thao_0614_gemini-3.7-flash
1,0.9383260011672974,551,ai_van_hoa_0742_gemini-3.7-flash
1,0.9383260011672974,551,ai_van_hoa_0750_gemini-3.7-flash
1,0.8219696879386902,555,ai_van_hoa_0687_gemini-3.7-flash
0,1.017241358757019,512,22ec9599ddde54cd
1,0.8571428656578064,544,ai_van_hoa_0784_gemini-3.7-flash
1,0.9166666865348816,514,ai_kinh_te_0492_gemini-3.7-flash
1,0.886956512928009,596,ai_the_thao_0597_gemini-3.7-flash
0,1.0,547,a8753bb232ac06e4
1,0.8546099066734314,686,ai_xa_hoi_0762_GPT-5.6 Luna
1,0.867521345615387,600,ai_giao_duc_0281_gemini-3.7-flash
1,0.8528138399124146,575,ai_van_hoa_0497_gemini-3.7-flash
1,0.8785714507102966,685,ai_kinh_te_0417_GPT-5.6 Luna
1,0.8785714507102966,685,ai_the_thao_0258_GPT-5.6 Luna
1,0.8741007447242737,686,ai_van_hoa_0244_GPT-5.6 Luna
0,1.0693877935409546,768,1fec2aedc008e4f1
0,1.0,668,45bce374b413bb17
1,0.8785714507102966,685,ai_kinh_te_0059_GPT-5.6 Luna
1,0.828000009059906,529,ai_the_thao_0250_gemini-3.7-flash
1,0.8576388955116272,685,ai_van_hoa_0559_GPT-5.6 Luna
0,0.943181812763214,504,c60d58b5bf5aa987
0,1.105485200881958,538,145b8fa1293d65f7
1,0.8733624219894409,545,ai_chinh_tri_0652_gemini-3.7-flash
0,0.9319728016853333,768,cc41aaa625afe541
1,0.8515625,567,ai_kinh_te_0406_gemini-3.7-flash
1,0.9166666865348816,514,ai_kinh_te_0220_gemini-3.7-flash
1,0.8354430198669434,554,ai_the_thao_0791_gemini-3.7-flash
0,1.0215827226638794,682,b07e5071b34b84eb
1,0.8840579986572266,686,ai_giao_duc_0551_GPT-5.6 Luna
0,0.937062919139862,659,06a2f1eb61e811f8
0,0.9160305261611938,512,d551a6d22a6ac151
1,0.8888888955116272,518,ai_chinh_tri_0371_gemini-3.7-flash
1,0.8813559412956238,574,ai_van_hoa_0189_gemini-3.7-flash
0,1.065573811531067,512,d1c83e0add0d69bb
0,1.0855615139007568,659,f4d2518902d68c89
0,0.9230769276618958,545,c629b7cd80067089
1,0.8333333134651184,530,ai_kinh_te_0267_gemini-3.7-flash
0,1.056872010231018,768,622683a4192171a0
0,0.9856114983558656,503,2203f087161bfd89
0,0.9281045794487,628,94962aa8b274a72c
1,0.8389830589294434,554,ai_the_thao_0495_gemini-3.7-flash
0,1.0320513248443604,512,bf2a2303f3b536ac
1,0.8514492511749268,684,ai_van_hoa_0347_GPT-5.6 Luna
1,0.8854166865348816,686,ai_the_thao_0737_GPT-5.6 Luna
0,0.915032684803009,512,3b929e53e05f513c
1,0.9234449863433838,551,ai_xa_hoi_0243_gemini-3.7-flash
1,0.8738738894462585,530,ai_giao_duc_0500_gemini-3.7-flash
0,1.0666667222976685,665,e6a61f976090b6ae
1,0.9383260011672974,551,ai_van_hoa_0430_gemini-3.7-flash
0,0.9041095972061156,674,4ff28a148a447288
1,0.8473895788192749,521,ai_the_thao_0252_gemini-3.7-flash
1,0.8767605423927307,685,ai_the_thao_0580_GPT-5.6 Luna
1,0.9067164063453674,685,ai_xa_hoi_0455_GPT-5.6 Luna
0,0.9333333373069764,512,fc1fa023e97c186f
0,1.0042372941970823,609,89dc4d1b6b2c2ea5
1,0.925110161304474,599,ai_giao_duc_0597_gemini-3.7-flash
0,1.0,424,01f899a861f29aa5
1,0.8991228342056274,565,ai_chinh_tri_0002_gemini-3.7-flash
0,0.9881423115730286,649,a70655198957dafd
0,0.9295774698257446,603,8c82d7dd595612f5
0,0.9375,768,29bf081d33d9b4ce
0,1.0377358198165894,512,e8325b56e39dcbf5
0,1.0223881006240845,512,2aac47932c88e478
0,0.9642857313156128,768,da5d6fd31453f6aa
0,1.029850721359253,604,cbb9b898c02e056c
1,0.8661971688270569,686,ai_xa_hoi_0058_GPT-5.6 Luna
0,1.0152671337127686,647,647aefc9de02eee5
1,0.886956512928009,596,ai_the_thao_0501_gemini-3.7-flash
1,0.8840579986572266,685,ai_chinh_tri_0381_GPT-5.6 Luna
0,0.8160377144813538,703,3fcedafe8ddcfdac
1,0.8483412265777588,560,ai_giao_duc_0543_gemini-3.7-flash
0,1.0747126340866089,509,98fe074cbdb05c6f
1,0.8586207032203674,686,ai_the_thao_0241_GPT-5.6 Luna
1,0.8936170339584351,686,ai_kinh_te_0441_GPT-5.6 Luna
1,0.8661971688270569,685,ai_the_thao_0430_GPT-5.6 Luna
1,0.8723404407501221,686,ai_van_hoa_0130_GPT-5.6 Luna
0,0.9924812316894532,672,e635fb4c18a7b111
0,0.9496402740478516,512,7db174c67e69f758
1,0.8785714507102966,685,ai_the_thao_0618_GPT-5.6 Luna
0,0.9637681245803832,512,4b298b21ba2fea8f
0,1.1231883764266968,509,e0039a58c883c586
1,0.85447758436203,530,ai_kinh_te_0759_gemini-3.7-flash
0,1.076923131942749,512,11e187f8aea7022f
1,0.8652482032775879,685,ai_chinh_tri_0640_GPT-5.6 Luna
0,1.1645569801330566,768,9c6194b444c193c2
0,0.8693877458572388,768,a33075a1b375d838
1,0.8473895788192749,521,ai_the_thao_0260_gemini-3.7-flash
0,0.9120370149612428,512,754c9e4a8dc0509a
0,0.96815288066864,512,b54a118e6b30b0d1
0,1.0735293626785278,669,bc07840e3a37cdd9
0,1.018518567085266,512,16d096a7066fc3a1
0,0.9909502267837524,768,58633386a4c18d77
1,0.8617021441459656,685,ai_kinh_te_0089_GPT-5.6 Luna
0,1.0193548202514648,658,eefe0fb98bb804fc
1,0.8500000238418579,684,ai_kinh_te_0618_GPT-5.6 Luna
1,0.8741007447242737,685,ai_xa_hoi_0051_GPT-5.6 Luna
1,0.9106382727622986,551,ai_van_hoa_0062_gemini-3.7-flash
0,0.9638554453849792,685,78068a16b848a08f
1,0.8636363744735718,686,ai_the_thao_0334_GPT-5.6 Luna
0,1.0291666984558103,768,24d4c17884ff87c4
1,0.8584070801734924,544,ai_van_hoa_0392_gemini-3.7-flash
0,0.9156118035316468,684,e729d2363a3362ad
0,0.9647887349128724,596,040ba4f8936cce01
1,0.8590308427810669,595,ai_the_thao_0001_gemini-3.7-flash
1,0.925110161304474,599,ai_giao_duc_0589_gemini-3.7-flash
1,0.8389830589294434,554,ai_the_thao_0287_gemini-3.7-flash
0,0.9597315192222596,668,b15df3212c7ee75f
0,1.0629920959472656,666,e8bfa02d7f6de4f1
0,0.936274528503418,768,ebcdbd91d44ee5d0
0,1.021276593208313,768,e8b93ecaf63e3cd4
1,0.8510638475418091,684,ai_van_hoa_0693_GPT-5.6 Luna
0,0.9419642686843872,520,189d8b5b1bac25a9
1,0.8483412265777588,560,ai_giao_duc_0695_gemini-3.7-flash
0,0.9743589758872986,691,54c206c43e8774dd
0,1.0,512,6579706325aa1f2a
1,0.8784722089767456,686,ai_the_thao_0057_GPT-5.6 Luna
1,0.8733624219894409,545,ai_chinh_tri_0556_gemini-3.7-flash
1,0.8859649300575256,518,ai_giao_duc_0514_gemini-3.7-flash
1,0.8916084170341492,686,ai_the_thao_0153_GPT-5.6 Luna
1,0.829365074634552,523,ai_the_thao_0464_gemini-3.7-flash
1,0.9242424368858336,596,ai_chinh_tri_0561_gemini-3.7-flash
0,1.0243902206420898,512,2dab93a2287b020a
1,0.8584070801734924,544,ai_van_hoa_0112_gemini-3.7-flash
1,0.8528138399124146,575,ai_van_hoa_0441_gemini-3.7-flash
1,0.8341013789176941,561,ai_giao_duc_0299_gemini-3.7-flash
0,0.9227467775344848,744,0a58bc32f26dbeb7
0,0.9711538553237916,682,c823aa0c89508a26
0,1.0045454502105713,706,1793d57f7cacec6e
1,0.8571428656578064,684,ai_the_thao_0832_GPT-5.6 Luna
0,1.0,697,79bcee6e37aeee3f
0,0.949999988079071,699,56708f83c2a0aa2b
0,1.0147058963775637,512,1642acd4e54721d7
0,0.9426229596138,673,ee3cbcb0ac5c4415
0,1.0132449865341189,512,7215a2186cc7500b
0,1.024154543876648,673,3b4ccfe5abcfb572
1,0.8485915660858154,685,ai_van_hoa_0816_GPT-5.6 Luna
0,0.8905109763145447,600,54fe2524de0ec8e7
1,0.8368794322013855,683,ai_xa_hoi_0576_GPT-5.6 Luna
0,1.0070422887802124,768,d2ef34c494e6adaf
1,0.9227467775344848,570,ai_xa_hoi_0289_gemini-3.7-flash
1,0.8666666746139526,530,ai_giao_duc_0736_gemini-3.7-flash
1,0.8360000252723694,557,ai_van_hoa_0347_gemini-3.7-flash
1,0.8571428656578064,685,ai_giao_duc_0096_GPT-5.6 Luna
0,0.9411764740943908,527,21511717d1cc7b83
1,0.8546099066734314,686,ai_van_hoa_0664_GPT-5.6 Luna
1,0.84375,684,ai_chinh_tri_0220_GPT-5.6 Luna
1,0.8804348111152649,684,ai_kinh_te_0423_GPT-5.6 Luna
1,0.8590308427810669,595,ai_the_thao_0161_gemini-3.7-flash
0,1.0526316165924072,558,8aed035474e94cd5
1,0.9910714030265808,550,ai_van_hoa_0626_gemini-3.7-flash
1,0.8576642274856567,684,ai_van_hoa_0622_GPT-5.6 Luna
1,0.84375,684,ai_chinh_tri_0580_GPT-5.6 Luna
1,0.875,684,ai_kinh_te_0359_GPT-5.6 Luna
0,0.8644067645072937,768,9d88da7959dcdf36
0,0.969924807548523,512,4f263c07f4562f78
1,0.8759124279022217,685,ai_chinh_tri_0033_GPT-5.6 Luna
0,0.962809920310974,512,00a82efbf5eb1ccc
0,1.0147058963775637,574,5a090f1598449999
0,0.8947368264198303,763,eb3270ca87389272
1,0.8528138399124146,575,ai_van_hoa_0753_gemini-3.7-flash
1,0.9910714030265808,550,ai_van_hoa_0562_gemini-3.7-flash
0,1.047945261001587,673,423b9a999ad55141
1,0.8936170339584351,686,ai_giao_duc_0702_GPT-5.6 Luna
1,0.886956512928009,596,ai_the_thao_0557_gemini-3.7-flash
0,0.984375,512,7c989e61140303b9
0,1.006622552871704,768,50555a6792cf7902
0,0.9929078221321106,554,dd91f9a5019f85a6
1,0.8617021441459656,686,ai_kinh_te_0621_GPT-5.6 Luna
0,1.0401785373687744,538,3ef6ac70ec221659
1,0.8423236608505249,517,ai_giao_duc_0686_gemini-3.7-flash
0,1.069930076599121,560,6d00730c59dda81c
0,0.9555555582046508,768,f40ef6c104150250
0,0.9855072498321532,674,fb58c7c41b11a4ba
0,0.9350000023841858,768,962e77756b7e1f7c
0,1.2017936706542969,554,32a5c57ebf6b77ec
1,0.8738738894462585,530,ai_giao_duc_0684_gemini-3.7-flash
1,0.9194915294647216,497,ai_xa_hoi_0800_gemini-3.7-flash
0,0.9932432174682616,512,98d4adb62d08dc73
0,1.0,512,6b76b3bcbfbfc463
1,0.8731883764266968,684,ai_chinh_tri_0663_GPT-5.6 Luna
1,0.8680555820465088,686,ai_the_thao_0769_GPT-5.6 Luna
0,1.0202702283859253,683,40b009ac5309941c
0,0.9446640610694884,512,1fb1fc0274982d2d
1,0.9279661178588868,569,ai_xa_hoi_0533_gemini-3.7-flash
1,0.8799999952316284,554,ai_the_thao_0571_gemini-3.7-flash
1,0.8733624219894409,545,ai_chinh_tri_0428_gemini-3.7-flash
1,0.8666666746139526,530,ai_giao_duc_0304_gemini-3.7-flash
1,0.8733624219894409,545,ai_chinh_tri_0516_gemini-3.7-flash
0,0.9793388247489928,588,b331e9d97370e41a
1,0.8423236608505249,517,ai_giao_duc_0294_gemini-3.7-flash
0,0.9794520735740662,768,12435a8dbb0fe74c
1,0.8617021441459656,685,ai_xa_hoi_0233_GPT-5.6 Luna
0,0.9429824352264404,768,be1e8ac9ec620c66
1,0.8888888955116272,518,ai_chinh_tri_0163_gemini-3.7-flash
1,0.8450704216957092,684,ai_the_thao_0728_GPT-5.6 Luna
0,1.0322580337524414,768,f88f984240489b17
1,0.8738738894462585,530,ai_giao_duc_0620_gemini-3.7-flash
0,1.0432432889938354,512,b406337dc099fbb4
1,0.8546099066734314,685,ai_van_hoa_0233_GPT-5.6 Luna
1,0.8607142567634583,686,ai_xa_hoi_0446_GPT-5.6 Luna
1,0.8888888955116272,518,ai_chinh_tri_0579_gemini-3.7-flash
1,0.8360000252723694,557,ai_van_hoa_0651_gemini-3.7-flash
1,0.8738738894462585,530,ai_giao_duc_0380_gemini-3.7-flash
0,0.8986486196517944,512,e6647074fabe6c91
0,0.9637096524238586,768,6a1bdc97bf63017e
1,0.8799999952316284,554,ai_the_thao_0315_gemini-3.7-flash
1,0.8738738894462585,530,ai_giao_duc_0764_gemini-3.7-flash
1,0.8485915660858154,686,ai_kinh_te_0505_GPT-5.6 Luna
0,0.9234042763710022,512,8858474ddf741380
0,1.0567010641098022,539,024c081e7bdcd290
0,1.0240963697433472,518,94a3d57aa351f489
1,0.8799999952316284,554,ai_the_thao_0499_gemini-3.7-flash
0,1.3020833730697632,515,b4e5f914e9b9cf78
0,0.957692325115204,521,dedc409d6620f951
1,0.8633093237876892,684,ai_chinh_tri_0047_GPT-5.6 Luna
0,0.9825327396392822,768,1f3948fdc1041f7c
1,0.8424657583236694,685,ai_chinh_tri_0316_GPT-5.6 Luna
0,0.918367326259613,512,72d05d2905c6d647
1,0.8423236608505249,517,ai_giao_duc_0750_gemini-3.7-flash
0,0.7736486196517944,512,142f4ca20862f0f8
0,0.9020408391952516,666,69333ef6910309c4
0,1.0714285373687744,671,277bb70270b75aa7
1,0.8678571581840515,686,ai_chinh_tri_0611_GPT-5.6 Luna
1,0.8821428418159485,686,ai_giao_duc_0479_GPT-5.6 Luna
1,0.8735178112983704,644,ai_kinh_te_0469_gemini-3.7-flash
1,0.9166666865348816,514,ai_kinh_te_0028_gemini-3.7-flash
0,0.992424249649048,512,2696fcf204ef8c80
0,0.9746835231781006,646,c8917dc0d7ecb213
1,0.8354430198669434,554,ai_the_thao_0815_gemini-3.7-flash
0,1.0499999523162842,652,9d7f563a1932c07d
1,0.8515625,567,ai_kinh_te_0806_gemini-3.7-flash
0,1.0289855003356934,512,60758513b03ffd8d
0,0.9861111044883728,512,6f366b32611f3ef6
0,1.0314960479736328,571,be667f983637c004
0,0.9411764740943908,512,775ef9cb67243a80
1,0.866906464099884,685,ai_xa_hoi_0041_GPT-5.6 Luna
0,1.040816307067871,543,31d9a2f0069c3ea8
1,0.9383260011672974,551,ai_van_hoa_0310_gemini-3.7-flash
0,1.0,454,56f3a59b389ff2ae
1,0.9531915187835692,531,ai_xa_hoi_0238_gemini-3.7-flash
0,1.0125000476837158,564,01b86ffdd75bc191
0,1.024539828300476,768,aebf76072b112348
1,0.8586956262588501,685,ai_chinh_tri_0433_GPT-5.6 Luna
0,1.0394736528396606,512,827daa148a8a06e3
1,0.9060150384902954,684,ai_xa_hoi_0519_GPT-5.6 Luna
1,0.8561151027679443,685,ai_chinh_tri_0083_GPT-5.6 Luna
1,0.8689655065536499,686,ai_the_thao_0569_GPT-5.6 Luna
1,0.8367347121238708,684,ai_the_thao_0159_GPT-5.6 Luna
1,0.8714285492897034,685,ai_xa_hoi_0249_GPT-5.6 Luna
0,0.9637681245803832,512,9fb5354efbee8cbc
0,1.0368421077728271,500,7e6709a6cb621181
1,0.866906464099884,684,ai_chinh_tri_0485_GPT-5.6 Luna
0,1.0697674751281738,518,515dc4c4d7d31160
1,0.828000009059906,529,ai_the_thao_0410_gemini-3.7-flash
1,0.9166666865348816,514,ai_kinh_te_0084_gemini-3.7-flash
0,1.0078740119934082,522,61eaf45c9d0a3b28
1,0.8782608509063721,547,ai_van_hoa_0092_gemini-3.7-flash
0,0.9940119981765748,512,6edfffe542ab2ad9
0,1.0359281301498413,768,8907dd13f1f622e3
0,0.9763779640197754,545,d51047688e967145
0,0.9644444584846495,512,d0be741e4529d87c
1,0.8784722089767456,686,ai_the_thao_0537_GPT-5.6 Luna
0,1.0222222805023191,512,bf03fc2a719aa64b
0,1.0608108043670654,512,fd7b3c9bdd7344c4
0,0.9745222926139832,512,03467e63323d3aa1
1,0.9279661178588868,569,ai_xa_hoi_0037_gemini-3.7-flash
1,0.8401360511779785,684,ai_the_thao_0359_GPT-5.6 Luna
0,1.0308642387390137,566,24c768b0a45b14d2
1,0.8892857432365417,685,ai_the_thao_0306_GPT-5.6 Luna
1,0.8714285492897034,686,ai_xa_hoi_0537_GPT-5.6 Luna
0,0.911764681339264,649,18ac590fb0bc7829
0,1.0070922374725342,525,edd2c06849b51bf4
0,1.0120967626571655,469,59916be74bbc9f92
1,0.9234449863433838,551,ai_xa_hoi_0299_gemini-3.7-flash
0,1.0331125259399414,682,7358ef71e87f12b1
0,0.9871794581413268,570,281a619af3c4edf8
0,0.9147287011146544,710,d48ece040e950a90
0,1.029585838317871,512,441e68c75a57158f
1,0.8804348111152649,685,ai_chinh_tri_0401_GPT-5.6 Luna
0,1.0310077667236328,768,45583f6722c049f3
1,0.8865247964859009,686,ai_giao_duc_0726_GPT-5.6 Luna
1,0.9154411554336548,685,ai_kinh_te_0596_GPT-5.6 Luna
0,1.0078740119934082,538,e24acf2ce7acb24a
1,0.8991228342056274,565,ai_chinh_tri_0658_gemini-3.7-flash
0,1.1104294061660769,768,3263101ed37c06d7
0,0.9862068891525269,693,9f5b99fdc354adcc
1,0.8859649300575256,518,ai_giao_duc_0698_gemini-3.7-flash
0,0.9823529124259948,512,a2df14d9d657274e
1,0.8714285492897034,685,ai_xa_hoi_0729_GPT-5.6 Luna
0,0.933920681476593,512,8f677d849e9e1ced
1,0.8514492511749268,684,ai_kinh_te_0442_GPT-5.6 Luna
0,0.9301470518112184,768,bd47ccb31e6fbb3e
1,0.8510638475418091,685,ai_van_hoa_0419_GPT-5.6 Luna
1,0.8785714507102966,685,ai_kinh_te_0342_GPT-5.6 Luna
1,0.8410041928291321,531,ai_the_thao_0398_gemini-3.7-flash
1,0.8527397513389587,686,ai_the_thao_0533_GPT-5.6 Luna
0,0.95686274766922,768,5971d37b6357a821
1,0.8992537260055542,685,ai_xa_hoi_0767_GPT-5.6 Luna
0,1.0,526,a2463d329397a797
0,0.8741007447242737,537,170ae584c6f43150
0,0.9772727489471436,512,e2e3cdf2f29d307c
1,0.8695651888847351,685,ai_xa_hoi_0534_GPT-5.6 Luna
1,0.8860294222831726,684,ai_chinh_tri_0157_GPT-5.6 Luna
0,1.0234375,680,38de9ece733354d5
0,0.861940324306488,512,6bf1d121a3d891e8
0,0.9341317415237428,512,918f45dae7b4d199
0,0.6357142925262451,643,1dd31f410a961abf
1,0.867521345615387,600,ai_giao_duc_0337_gemini-3.7-flash
1,0.829365074634552,523,ai_the_thao_0648_gemini-3.7-flash
1,0.8865247964859009,686,ai_giao_duc_0366_GPT-5.6 Luna
0,1.125,664,5361cf18c9d81864
1,0.9242424368858336,596,ai_chinh_tri_0497_gemini-3.7-flash
0,0.9558823704719543,512,f9b6b2afb2d491cb
1,0.9279661178588868,569,ai_xa_hoi_0397_gemini-3.7-flash
0,0.8837209343910217,649,2834ca517c8a9d95
0,1.2549020051956177,640,e80157c55eb27040
0,1.051094889640808,526,b72bf206e72160fd
0,0.9518072009086608,768,9bc949e9a97e7e1b
0,0.992424249649048,603,f79ca9b3e3151b73
0,0.9120879173278807,654,1aa5704e744a65cf
0,1.007462739944458,601,afdffc0e343ec377
1,0.9188033938407898,550,ai_van_hoa_0042_gemini-3.7-flash
0,0.9154929518699646,667,8475b0d5f2e4ed41
0,0.9800000190734864,575,2861adf49321e86f
1,0.8661971688270569,685,ai_the_thao_0190_GPT-5.6 Luna
1,0.8884891867637634,685,ai_the_thao_0682_GPT-5.6 Luna
0,0.9747899174690248,677,7767671ee990e461
0,0.9403669834136964,512,2153b0e8d325a1a7
1,0.8738738894462585,530,ai_giao_duc_0204_gemini-3.7-flash
1,0.9404255151748656,533,ai_xa_hoi_0522_gemini-3.7-flash
1,0.8785714507102966,685,ai_the_thao_0622_GPT-5.6 Luna
0,0.9477124214172364,676,9dcde9047650a062
1,0.8392857313156128,684,ai_chinh_tri_0150_GPT-5.6 Luna
0,1.0,563,2775bd12372fdff5
0,1.0136985778808594,512,60b1d49f56f98a1e
1,0.9383260011672974,551,ai_van_hoa_0214_gemini-3.7-flash
1,0.8723404407501221,686,ai_chinh_tri_0266_GPT-5.6 Luna
0,0.992424249649048,664,7bcb42f2eb7e994f
0,0.985185205936432,512,d281597e1bcb406c
0,1.0916666984558103,651,5d60df63f52bdea4
1,0.8767605423927307,685,ai_the_thao_0820_GPT-5.6 Luna
1,0.8738738894462585,530,ai_giao_duc_0188_gemini-3.7-flash
0,1.013157844543457,621,7ff599300ad9f36c
1,0.8333333134651184,530,ai_kinh_te_0795_gemini-3.7-flash
1,0.886956512928009,596,ai_the_thao_0413_gemini-3.7-flash
1,0.8925926089286804,684,ai_xa_hoi_0223_GPT-5.6 Luna
0,0.9007633328437804,701,4c6aea85878057af
1,0.9014084339141846,550,ai_xa_hoi_0303_gemini-3.7-flash
0,1.038167953491211,512,8c101954f26564ca
0,0.8983050584793091,768,f835fec24fa4f177
0,0.8888888955116272,512,c98f179c4929a82a
0,1.034482717514038,702,d96e22b114d7a856
0,0.9637681245803832,512,2976c47fc1c12c7a
1,0.895652174949646,545,ai_chinh_tri_0528_gemini-3.7-flash
1,0.89552241563797,684,ai_xa_hoi_0799_GPT-5.6 Luna
0,0.8772727251052856,768,66a54f4ac0344085
1,0.9014084339141846,550,ai_xa_hoi_0543_gemini-3.7-flash
0,0.971222996711731,517,d3129b41b396edd7
1,0.9910714030265808,550,ai_van_hoa_0210_gemini-3.7-flash
0,1.146443486213684,551,7a18d016b67f50ee
1,0.8991228342056274,565,ai_chinh_tri_0010_gemini-3.7-flash
1,0.8450704216957092,684,ai_the_thao_0488_GPT-5.6 Luna
1,0.8633093237876892,684,ai_chinh_tri_0167_GPT-5.6 Luna
0,0.9100719690322876,398,046b4c7b689c293c
1,0.867521345615387,600,ai_giao_duc_0113_gemini-3.7-flash
1,0.8389830589294434,554,ai_the_thao_0503_gemini-3.7-flash
1,0.9004328846931458,566,ai_chinh_tri_0214_gemini-3.7-flash
0,0.8658008575439453,512,c6c0ae5d6407c83b
1,0.8510638475418091,685,ai_chinh_tri_0058_GPT-5.6 Luna
1,0.866906464099884,685,ai_kinh_te_0026_GPT-5.6 Luna
0,1.0331125259399414,424,0d6d3aa14c98d1cf
1,0.8952381014823914,595,ai_chinh_tri_0109_gemini-3.7-flash
0,0.9330143332481384,512,c32963298922adf7
0,0.9384615421295166,512,fe86c27bfe36d7c5
0,1.0465116500854492,512,1afef63ba5186162
1,0.8426573276519775,686,ai_xa_hoi_0314_GPT-5.6 Luna
1,0.8299319744110107,684,ai_the_thao_0255_GPT-5.6 Luna
0,0.957446813583374,768,07828c452a08f3a6
1,0.8333333134651184,684,ai_van_hoa_0109_GPT-5.6 Luna
1,0.9227467775344848,570,ai_xa_hoi_0193_gemini-3.7-flash
1,0.8949275612831116,686,ai_giao_duc_0487_GPT-5.6 Luna
1,0.8368794322013855,683,ai_xa_hoi_0384_GPT-5.6 Luna
0,1.0,579,8b4c9b6341e57fdf
1,0.8623188138008118,685,ai_xa_hoi_0251_GPT-5.6 Luna
0,1.047169804573059,512,e81fa93e26d4c314
0,0.939393937587738,659,5f8166d6e6515e50
0,1.0234742164611816,380,85a54be38e3758fa
1,0.912350594997406,515,ai_kinh_te_0200_gemini-3.7-flash
1,0.8666666746139526,530,ai_giao_duc_0232_gemini-3.7-flash
0,0.9653679728507996,312,1669d656676d1d20
1,0.8333333134651184,530,ai_kinh_te_0555_gemini-3.7-flash
1,0.8541666865348816,684,ai_chinh_tri_0692_GPT-5.6 Luna
1,0.8690476417541504,568,ai_kinh_te_0346_gemini-3.7-flash
0,0.9395161271095276,512,2e9d11878f235023
0,0.9945651888847352,665,f8637d4b9eb976fe
0,1.10326087474823,512,2912f97fe31943e4
1,0.8341013789176941,561,ai_giao_duc_0011_gemini-3.7-flash
1,0.8991228342056274,565,ai_chinh_tri_0570_gemini-3.7-flash
1,0.8840579986572266,685,ai_chinh_tri_0741_GPT-5.6 Luna
1,0.8633093237876892,684,ai_van_hoa_0318_GPT-5.6 Luna
1,0.8723404407501221,686,ai_van_hoa_0010_GPT-5.6 Luna
1,0.8735178112983704,644,ai_kinh_te_0581_gemini-3.7-flash
1,0.895652174949646,545,ai_chinh_tri_0488_gemini-3.7-flash
1,0.8804348111152649,685,ai_van_hoa_0492_GPT-5.6 Luna
1,0.8970588445663452,684,ai_kinh_te_0340_GPT-5.6 Luna
0,0.9324324131011964,546,5a514cdcb3afa46a
1,0.8952381014823914,595,ai_chinh_tri_0125_gemini-3.7-flash
1,0.829365074634552,523,ai_the_thao_0360_gemini-3.7-flash
1,0.8391608595848083,684,ai_the_thao_0184_GPT-5.6 Luna
1,0.912350594997406,515,ai_kinh_te_0832_gemini-3.7-flash
1,0.8367347121238708,684,ai_the_thao_0799_GPT-5.6 Luna
0,0.9935897588729858,516,bbd7d03700914ab9
0,1.0432900190353394,768,4a3f4d24b15151e2
0,0.9663865566253662,512,2a24334d60aa43d6
1,0.9014598727226256,686,ai_giao_duc_0221_GPT-5.6 Luna
1,0.8888888955116272,518,ai_chinh_tri_0787_gemini-3.7-flash
0,0.8847736716270447,768,4617c0479451057e
0,0.8950276374816895,512,1180482590134e3a
1,0.8767605423927307,686,ai_xa_hoi_0692_GPT-5.6 Luna
1,0.8888888955116272,643,ai_kinh_te_0361_gemini-3.7-flash
1,0.8741007447242737,686,ai_kinh_te_0008_GPT-5.6 Luna
1,0.8546099066734314,685,ai_chinh_tri_0515_GPT-5.6 Luna
0,1.0065360069274902,768,3073757ceb133e08
1,0.8690476417541504,568,ai_kinh_te_0290_gemini-3.7-flash
0,0.9801324605941772,525,b72489872e38169d
1,0.8952381014823914,595,ai_chinh_tri_0709_gemini-3.7-flash
0,0.961240291595459,512,a2b0147cf2f4fb7c
1,0.8952381014823914,595,ai_chinh_tri_0389_gemini-3.7-flash
0,0.9409449100494384,592,f961b668b7ac769c
0,0.9856114983558656,512,a6dcec884c6a32b7
1,0.8617021441459656,685,ai_kinh_te_0083_GPT-5.6 Luna
0,1.0198675394058228,570,36587125e89d78c9
0,0.9646464586257936,649,07bfd838ef6d43bd
1,0.8829787373542786,686,ai_kinh_te_0726_GPT-5.6 Luna
0,0.990338146686554,550,e3b249ae26d9a517
1,0.8723404407501221,685,ai_chinh_tri_0200_GPT-5.6 Luna
1,0.8860294222831726,686,ai_xa_hoi_0795_GPT-5.6 Luna
0,0.979838728904724,768,dde93975fb88cbb1
1,0.8868613243103027,686,ai_giao_duc_0819_GPT-5.6 Luna
0,0.9791666865348816,564,3b3e96acac425462
1,0.8949275612831116,685,ai_kinh_te_0387_GPT-5.6 Luna
0,1.021276593208313,603,e50f8e29c72c9a58
1,0.8633093237876892,687,ai_kinh_te_0576_GPT-5.6 Luna
1,0.8341013789176941,561,ai_giao_duc_0395_gemini-3.7-flash
0,1.035573124885559,676,37acd43dff6d1fd8
0,1.0176470279693604,495,56d61893c6566115
1,0.8695651888847351,685,ai_chinh_tri_0650_GPT-5.6 Luna
0,0.956250011920929,548,cda2b82c50f424ea
1,0.8500000238418579,683,ai_van_hoa_0701_GPT-5.6 Luna
0,1.0,768,38608e7e4bcddb04
1,0.866906464099884,686,ai_chinh_tri_0483_GPT-5.6 Luna
0,0.925110161304474,546,b47e29bee0b4d411
1,0.8617021441459656,684,ai_van_hoa_0522_GPT-5.6 Luna
1,0.8731883764266968,684,ai_kinh_te_0279_GPT-5.6 Luna
0,1.0244897603988647,768,6e6b1e7a13acea1f
0,0.941704034805298,556,2533da972dbf7dfb
1,0.8840579986572266,686,ai_giao_duc_0277_GPT-5.6 Luna
1,0.8840579986572266,685,ai_kinh_te_0134_GPT-5.6 Luna
0,0.9548386931419371,768,c61bbb29496c281b
1,0.9227467775344848,570,ai_xa_hoi_0609_gemini-3.7-flash
1,0.8848921060562134,686,ai_van_hoa_0555_GPT-5.6 Luna
1,0.9106382727622986,551,ai_van_hoa_0030_gemini-3.7-flash
1,0.9234449863433838,551,ai_xa_hoi_0755_gemini-3.7-flash
0,1.0514706373214722,650,e646f68a59e7377d
0,0.8496732115745544,512,7ad04abb9117994d
1,0.8723404407501221,685,ai_giao_duc_0312_GPT-5.6 Luna
1,0.8360000252723694,557,ai_van_hoa_0675_gemini-3.7-flash
1,0.9279661178588868,569,ai_xa_hoi_0373_gemini-3.7-flash
0,0.9542483687400818,768,878c4950e151486e
0,1.0580912828445437,768,8bf9a94524911456
0,1.007299304008484,656,c08099eef239fae6
1,0.8652482032775879,685,ai_the_thao_0046_GPT-5.6 Luna
1,0.8723404407501221,686,ai_van_hoa_0178_GPT-5.6 Luna
1,0.8714285492897034,686,ai_van_hoa_0723_GPT-5.6 Luna
1,0.817829430103302,523,ai_the_thao_0792_gemini-3.7-flash
1,0.828000009059906,529,ai_the_thao_0106_gemini-3.7-flash
0,0.92946058511734,618,5d3a0641697deb18
0,0.9470899701118468,541,a345d1bb28c819b3
0,1.0470588207244873,512,6776fdff463e43fd
1,0.8341013789176941,561,ai_giao_duc_0051_gemini-3.7-flash
1,0.8496503233909607,686,ai_van_hoa_0712_GPT-5.6 Luna
0,0.9458128213882446,701,7e4895f64d835b9d
1,0.8623188138008118,687,ai_kinh_te_0376_GPT-5.6 Luna
0,0.8920000195503235,715,e4d4bac2c91db8a4
1,0.8840579986572266,685,ai_kinh_te_0614_GPT-5.6 Luna
1,0.9234449863433838,551,ai_xa_hoi_0235_gemini-3.7-flash
0,0.9082568883895874,618,28b9420459bdf81e
1,0.8333333134651184,530,ai_kinh_te_0675_gemini-3.7-flash
1,0.8952381014823914,595,ai_chinh_tri_0045_gemini-3.7-flash
0,0.9850746393203736,693,ec4f3fb4e415785b
0,0.9448819160461426,512,a0a7ae7b856b68a9
1,0.8607142567634583,686,ai_xa_hoi_0125_GPT-5.6 Luna
1,0.8666666746139526,530,ai_giao_duc_0624_gemini-3.7-flash
1,0.8652482032775879,684,ai_the_thao_0443_GPT-5.6 Luna
0,0.9865771532058716,512,9fca93df7b157db0
1,0.9194915294647216,497,ai_xa_hoi_0400_gemini-3.7-flash
1,0.8389830589294434,554,ai_the_thao_0703_gemini-3.7-flash
0,1.0472440719604492,512,af030e6d5372c5b1
1,0.867521345615387,600,ai_giao_duc_0825_gemini-3.7-flash
0,0.9464285969734192,768,e69bbccb5a578a71
0,0.887417197227478,692,4b110e82552fd1af
1,0.8738738894462585,530,ai_giao_duc_0092_gemini-3.7-flash
1,0.8868613243103027,684,ai_chinh_tri_0237_GPT-5.6 Luna
1,0.8713235259056091,684,ai_kinh_te_0474_GPT-5.6 Luna
0,0.9959514141082764,512,d232c0e7a7566127
0,0.9533898234367372,768,110896f08d4c819b
0,0.9615384340286256,512,df7c9f58e48a2c5b
1,0.8813559412956238,574,ai_van_hoa_0421_gemini-3.7-flash
0,1.0592105388641355,559,e8d20a4ed8b208d8
0,1.0602409839630127,561,1e9d84b6efdafbc0
0,0.987261176109314,512,bae0ad7685a935a0
0,0.9936708807945251,668,b2faffe4a91f25cb
1,0.895652174949646,545,ai_chinh_tri_0456_gemini-3.7-flash
1,0.9531915187835692,531,ai_xa_hoi_0174_gemini-3.7-flash
0,0.9666666388511658,512,91b7fd30bb498d87
0,1.0,534,75366a036b5d2adf
1,0.8546099066734314,684,ai_van_hoa_0285_GPT-5.6 Luna
1,0.886956512928009,596,ai_the_thao_0621_gemini-3.7-flash
1,0.8360000252723694,557,ai_van_hoa_0683_gemini-3.7-flash
0,1.0256410837173462,512,fa98480127caa491
1,0.8389830589294434,554,ai_the_thao_0279_gemini-3.7-flash
1,0.912350594997406,515,ai_kinh_te_0792_gemini-3.7-flash
1,0.8586207032203674,685,ai_chinh_tri_0404_GPT-5.6 Luna
1,0.8755555748939514,513,ai_chinh_tri_0199_gemini-3.7-flash
1,0.8636363744735718,684,ai_van_hoa_0231_GPT-5.6 Luna
1,0.8690476417541504,568,ai_kinh_te_0338_gemini-3.7-flash
0,0.9067164063453674,508,072b2f80dd12fcf9
1,0.8840579986572266,686,ai_giao_duc_0253_GPT-5.6 Luna
1,0.9004328846931458,566,ai_chinh_tri_0678_gemini-3.7-flash
1,0.829365074634552,523,ai_the_thao_0672_gemini-3.7-flash
0,0.9272727370262146,584,bb804613630b3ae7
0,1.1349693536758425,443,3322f6a24dd89127
0,1.090909123420715,454,34eb88db77641cac
0,0.9067164063453674,732,f19e310ccd0b1b2b
1,0.8840579986572266,685,ai_kinh_te_0707_GPT-5.6 Luna
1,0.8652482032775879,685,ai_the_thao_0606_GPT-5.6 Luna
1,0.89552241563797,684,ai_xa_hoi_0631_GPT-5.6 Luna
0,1.049180269241333,606,407731ecbc51e49c
1,0.8905109763145447,686,ai_chinh_tri_0201_GPT-5.6 Luna
0,1.162561535835266,679,d6eb2bb56b1b9d42
1,0.8633093237876892,684,ai_chinh_tri_0165_GPT-5.6 Luna
0,0.8918918967247009,669,40c98270d2c474e2
0,1.248908281326294,768,3387918b1a95d946
0,0.9552238583564758,630,cc4693ce5506f49c
0,0.9831223487854004,768,120c977e43a43875
1,0.8690476417541504,568,ai_kinh_te_0034_gemini-3.7-flash
1,0.8360000252723694,557,ai_van_hoa_0243_gemini-3.7-flash
1,0.912350594997406,515,ai_kinh_te_0312_gemini-3.7-flash
0,0.9107142686843872,667,b437f1a3578fbdc3
0,0.9925925731658936,512,435b5defc3fddf6a
1,0.8925926089286804,684,ai_giao_duc_0026_GPT-5.6 Luna
0,1.010928988456726,768,a6bb367ac5555648
1,0.8514492511749268,686,ai_kinh_te_0400_GPT-5.6 Luna
1,0.8623188138008118,685,ai_giao_duc_0788_GPT-5.6 Luna
1,0.875,684,ai_giao_duc_0665_GPT-5.6 Luna
0,0.9765625,670,0aba4d24501a34a5
0,0.9454545378684998,768,704be3265a7a2904
0,1.0848485231399536,512,7e8cd4175fe2f9b1
1,0.912350594997406,515,ai_kinh_te_0240_gemini-3.7-flash
1,0.8731883764266968,684,ai_kinh_te_0159_GPT-5.6 Luna
0,0.9861111044883728,618,a8f6ab718a2e3b47
1,0.8888888955116272,643,ai_kinh_te_0473_gemini-3.7-flash
0,1.0,544,056d2567d7b5c624
0,0.910614550113678,653,9b68d9acbb063749
1,0.8450704216957092,684,ai_van_hoa_0053_GPT-5.6 Luna
0,0.9821428656578064,512,e1337276acd48b07
1,0.8617021441459656,685,ai_kinh_te_0271_GPT-5.6 Luna
1,0.8755555748939514,513,ai_chinh_tri_0079_gemini-3.7-flash
0,0.9523809552192688,585,63bdd886e09e9ad2
0,0.9925925731658936,647,e18c3bb2d948c632
1,0.8341013789176941,561,ai_giao_duc_0091_gemini-3.7-flash
1,0.8758864998817444,685,ai_kinh_te_0281_GPT-5.6 Luna
0,1.050420165061951,555,28e7bf582a154ede
0,0.9375,663,3af21652a4748db3
0,0.9639999866485596,543,819ffcdaef725712
1,0.8219696879386902,555,ai_van_hoa_0191_gemini-3.7-flash
1,0.867521345615387,600,ai_giao_duc_0553_gemini-3.7-flash
0,0.9741935729980468,768,da1d2928b1ec6e50
0,0.9440559148788452,768,8fd23ca6f80de780
1,0.9014084339141846,550,ai_xa_hoi_0407_gemini-3.7-flash
0,1.0362694263458252,768,aa6d0f5c16efc3f2
0,1.08433735370636,754,e28d4bb6a4012531
0,1.104347825050354,660,d6d4d3d6ceaebd6a
1,0.8952381014823914,595,ai_chinh_tri_0037_gemini-3.7-flash
0,0.9953051805496216,520,10c6720b28a1350f
1,0.8561151027679443,685,ai_van_hoa_0515_GPT-5.6 Luna
1,0.8799999952316284,554,ai_the_thao_0411_gemini-3.7-flash
1,0.8829787373542786,686,ai_xa_hoi_0196_GPT-5.6 Luna
1,0.8391608595848083,684,ai_the_thao_0208_GPT-5.6 Luna
0,0.9872881174087524,768,c92cb2cb16413e24
1,0.8586207032203674,686,ai_the_thao_0721_GPT-5.6 Luna
0,1.0,645,a1180f642a63d534
1,0.8423236608505249,517,ai_giao_duc_0038_gemini-3.7-flash
0,0.9868420958518982,512,7bb47cebc1f1da34
0,0.9823529124259948,205,57245aa637c62199
0,0.9598393440246582,709,95af8449ad4fad3f
1,0.8652482032775879,686,ai_chinh_tri_0136_GPT-5.6 Luna
0,1.0567375421524048,551,d87b386d813b757b
1,0.8141891956329346,684,ai_the_thao_0063_GPT-5.6 Luna
1,0.8571428656578064,684,ai_the_thao_0472_GPT-5.6 Luna
0,1.0273972749710083,655,2f41bb45fcc1f1be
0,1.0523560047149658,601,3a7f1a0a97e9747e
0,1.1018518209457395,615,accb525e91bf093e
1,0.8731883764266968,686,ai_giao_duc_0231_GPT-5.6 Luna
1,0.8821428418159485,686,ai_chinh_tri_0056_GPT-5.6 Luna
0,0.9713114500045776,512,2f2076568166e4a3
0,0.9954954981803894,670,b9515bd8e3dd934a
1,0.8888888955116272,518,ai_chinh_tri_0691_gemini-3.7-flash
1,0.8341013789176941,561,ai_giao_duc_0499_gemini-3.7-flash
1,0.8804348111152649,686,ai_xa_hoi_0737_GPT-5.6 Luna
0,0.971098244190216,695,185a765278d5de35
0,0.9552845358848572,643,438be12450babb22
1,0.8799999952316284,554,ai_the_thao_0795_gemini-3.7-flash
1,0.8617021441459656,686,ai_chinh_tri_0795_GPT-5.6 Luna
0,0.9160584211349488,582,cf8cfcd1911d0466
0,0.9053030014038086,365,0d8bfef01cdd003e
1,0.8905109763145447,684,ai_kinh_te_0708_GPT-5.6 Luna
1,0.8652482032775879,685,ai_giao_duc_0240_GPT-5.6 Luna
0,1.1910111904144287,512,80b9375f7b3478ec
1,0.8991228342056274,565,ai_chinh_tri_0458_gemini-3.7-flash
0,1.0841121673583984,733,de364f41531c0c35
1,0.8868613243103027,684,ai_kinh_te_0660_GPT-5.6 Luna
1,0.8652482032775879,686,ai_chinh_tri_0291_GPT-5.6 Luna
1,0.8473895788192749,521,ai_the_thao_0644_gemini-3.7-flash
1,0.8735178112983704,644,ai_kinh_te_0733_gemini-3.7-flash
0,0.9602649211883544,768,7f1a899807271f91
1,0.8731883764266968,685,ai_kinh_te_0197_GPT-5.6 Luna
0,0.9449541568756104,570,4479f4673ca1e544
1,0.8389830589294434,554,ai_the_thao_0431_gemini-3.7-flash
1,0.912350594997406,515,ai_kinh_te_0080_gemini-3.7-flash
1,0.8738738894462585,530,ai_giao_duc_0396_gemini-3.7-flash
1,0.9242424368858336,596,ai_chinh_tri_0665_gemini-3.7-flash
1,0.925110161304474,599,ai_giao_duc_0341_gemini-3.7-flash
0,0.9959839582443236,768,be4e6fb66a5d8585
1,0.8515625,567,ai_kinh_te_0334_gemini-3.7-flash
0,0.914814829826355,684,b56e6b59b6f84ae5
1,0.866906464099884,686,ai_kinh_te_0181_GPT-5.6 Luna
0,0.959999978542328,632,d35dd999626080fc
0,0.907801389694214,512,6e021fd266fb2029
0,0.9870129823684692,668,42790532cbe2f3f4
0,1.0196079015731812,673,9ebe01211db78742
0,0.948275864124298,682,a6992262eedc82d5
1,0.8991228342056274,565,ai_chinh_tri_0522_gemini-3.7-flash
0,0.9424460530281068,544,db5695a00e0ab475
1,0.8821428418159485,686,ai_giao_duc_0789_GPT-5.6 Luna
0,1.0865384340286257,689,583036d121fc2bfb
1,0.8723404407501221,686,ai_van_hoa_0344_GPT-5.6 Luna
0,0.8857142925262451,512,2ac6c88f2cdc99d6
0,1.014634132385254,768,cf64f3c228d33d7e
1,0.8776978254318237,686,ai_giao_duc_0079_GPT-5.6 Luna
1,0.8738738894462585,530,ai_giao_duc_0124_gemini-3.7-flash
0,0.9603174328804016,512,1c80200f2450cbd4
0,0.9556650519371032,651,b9d43d86e79062a3
0,1.0629920959472656,667,3fab6bc74f2d94e0
0,0.9261363744735718,768,c37d8b5a97e6421e
1,0.8758864998817444,685,ai_kinh_te_0401_GPT-5.6 Luna
1,0.85447758436203,530,ai_kinh_te_0215_gemini-3.7-flash
0,0.8914728760719299,512,97bac336aa3ad3a2
0,1.013071894645691,560,47331e2b7a3348be
0,0.9915966391563416,754,2862714b260011a7
0,0.9935897588729858,512,e02e2c2bf5157d29
0,0.9664429426193236,554,2e18293bb7d85f03
0,0.9464285969734192,621,73ce032437bf315e
1,0.9014084339141846,550,ai_xa_hoi_0655_gemini-3.7-flash
1,0.8413792848587036,686,ai_xa_hoi_0698_GPT-5.6 Luna
1,0.8633093237876892,684,ai_the_thao_0432_GPT-5.6 Luna
1,0.8649635314941406,684,ai_kinh_te_0050_GPT-5.6 Luna
1,0.8333333134651184,530,ai_kinh_te_0107_gemini-3.7-flash
1,0.8678571581840515,684,ai_the_thao_0107_GPT-5.6 Luna
0,0.9328858852386476,646,30fa70b3956221c0
1,0.829365074634552,523,ai_the_thao_0072_gemini-3.7-flash
1,0.8514492511749268,686,ai_kinh_te_0640_GPT-5.6 Luna
1,0.8633093237876892,684,ai_chinh_tri_0807_GPT-5.6 Luna
1,0.8450704216957092,684,ai_xa_hoi_0784_GPT-5.6 Luna
1,0.84375,686,ai_van_hoa_0769_GPT-5.6 Luna
1,0.8840579986572266,686,ai_van_hoa_0692_GPT-5.6 Luna
1,0.8723404407501221,686,ai_xa_hoi_0302_GPT-5.6 Luna
1,0.8472222089767456,685,ai_van_hoa_0554_GPT-5.6 Luna
0,1.058510661125183,768,477854162556cc58
1,0.8723404407501221,686,ai_kinh_te_0097_GPT-5.6 Luna
0,1.0692307949066162,512,2fe1fbbe60ed0548
0,0.9416058659553528,512,6a3c622fb8eabb78
1,0.8219696879386902,555,ai_van_hoa_0695_gemini-3.7-flash
0,0.9861111044883728,512,d95a6c5c20c1c520
1,0.8571428656578064,685,ai_chinh_tri_0279_GPT-5.6 Luna
1,0.8782608509063721,547,ai_van_hoa_0132_gemini-3.7-flash
1,0.8695651888847351,685,ai_giao_duc_0284_GPT-5.6 Luna
1,0.8884119987487793,574,ai_van_hoa_0829_gemini-3.7-flash
1,0.912350594997406,515,ai_kinh_te_0456_gemini-3.7-flash
0,0.956204354763031,512,aa83892b9f16c948
1,0.8527397513389587,686,ai_the_thao_0149_GPT-5.6 Luna
0,0.9935064911842346,668,c4dd75ccbfe49e32
0,1.0357142686843872,638,e09114be1492917b
1,0.84375,684,ai_chinh_tri_0148_GPT-5.6 Luna
0,1.02816903591156,512,7d8a42ff6a4f542b
1,0.8633093237876892,684,ai_the_thao_0552_GPT-5.6 Luna
0,1.0390625,601,68f227466987191d
0,0.9928571581840516,768,68be2f56ded64af8
0,0.970370352268219,658,fd2c3790bffd7bd5
0,0.8560606241226196,685,b16a02a057fa76e5
0,1.0160000324249268,512,253fb4f17607ebda
0,0.8772727251052856,768,b888111f941559fc
0,0.9645389914512634,656,ba54e69b9e94c284
1,0.8713235259056091,684,ai_giao_duc_0481_GPT-5.6 Luna
1,0.8527397513389587,686,ai_the_thao_0509_GPT-5.6 Luna
0,0.9760765433311462,743,8ad7429a4009c098
0,0.9769230484962464,676,177646c66b06a3e9
1,0.8453237414360046,684,ai_chinh_tri_0062_GPT-5.6 Luna
0,0.9615384340286256,512,b2e1749fcddf5285
0,1.045714259147644,651,d33b9c20f3dd0606
1,0.828000009059906,529,ai_the_thao_0314_gemini-3.7-flash
0,0.9724137783050536,566,312d7d67b9542dd6
0,1.060150384902954,512,6afc781edc73111b
1,0.8713235259056091,684,ai_giao_duc_0001_GPT-5.6 Luna
1,0.8515625,567,ai_kinh_te_0174_gemini-3.7-flash
0,1.0068964958190918,512,24c8b720c6774780
1,0.912350594997406,515,ai_kinh_te_0336_gemini-3.7-flash
1,0.8868613243103027,686,ai_kinh_te_0152_GPT-5.6 Luna
1,0.8777777552604675,684,ai_giao_duc_0129_GPT-5.6 Luna
0,1.0253164768218994,768,e08aceb0fe7727e9
0,1.0290457010269165,670,d1af807e39ac26e7
1,0.8813559412956238,574,ai_van_hoa_0693_gemini-3.7-flash
1,0.912350594997406,515,ai_kinh_te_0400_gemini-3.7-flash
0,0.98591548204422,675,2571891dde33099b
1,0.8731883764266968,685,ai_kinh_te_0389_GPT-5.6 Luna
1,0.8515625,567,ai_kinh_te_0750_gemini-3.7-flash
1,0.9166666865348816,514,ai_kinh_te_0612_gemini-3.7-flash
0,1.038167953491211,512,1972479c200f386c
0,1.02816903591156,673,1f29780f86975854
1,0.8561151027679443,686,ai_chinh_tri_0403_GPT-5.6 Luna
0,0.9268292784690856,624,27d022d1e005f278
1,0.8840579986572266,685,ai_chinh_tri_0021_GPT-5.6 Luna
1,0.8999999761581421,684,ai_giao_duc_0810_GPT-5.6 Luna
1,0.8731883764266968,687,ai_kinh_te_0176_GPT-5.6 Luna
0,1.0230768918991089,674,0bf9f72be4297bf7
0,0.9861111044883728,554,bbbf27aac56eaf53
1,0.9230769276618958,494,ai_xa_hoi_0588_gemini-3.7-flash
0,1.0367647409439087,557,cba6c444e8f64154
0,1.0679012537002563,415,e3bc4ca22874d21e
0,0.9956140518188475,768,78a68a0798851534
1,0.9194915294647216,497,ai_xa_hoi_0688_gemini-3.7-flash
0,1.0136985778808594,672,1d9ca96bb96beb6d
1,0.8733624219894409,545,ai_chinh_tri_0364_gemini-3.7-flash
1,0.8546099066734314,686,ai_chinh_tri_0819_GPT-5.6 Luna
1,0.8515625,567,ai_kinh_te_0246_gemini-3.7-flash
0,0.9874476790428162,768,6500a060adda2943
0,0.8074533939361572,666,653768c2490a8a98
0,1.076923131942749,512,843877ea73e5d304
0,0.9849624037742616,512,251560f0f3815d57
0,1.073170781135559,512,3c9d8501a50d8362
0,0.9120000004768372,728,6a1dd3c30ea7ca66
0,0.959999978542328,512,e8b1ddf9b062b6ba
0,1.021505355834961,512,5659f39208031a6b
0,0.9923664331436156,673,676102c5d665a2b2
0,0.9927007555961608,768,e8fe5ec100410121
1,0.8473895788192749,521,ai_the_thao_0404_gemini-3.7-flash
0,0.9552238583564758,677,c7522a35696dd6ea
1,0.8758864998817444,686,ai_xa_hoi_0588_GPT-5.6 Luna
0,1.0,512,14c1db82aa913da7
0,1.0050251483917236,512,56962d591a01b9c9
1,0.8913043737411499,686,ai_giao_duc_0687_GPT-5.6 Luna
0,0.9659863710403442,527,8f197362ae866290
1,0.8528138399124146,575,ai_van_hoa_0729_gemini-3.7-flash
0,0.9006622433662415,512,42617eb62f5ec85f
0,0.9507575631141664,501,3f54ad01121b70a7
0,0.8963414430618286,693,986284e52f553512
1,0.8510638475418091,686,ai_kinh_te_0624_GPT-5.6 Luna
0,1.0229008197784424,643,7f275821a9c0c015
1,0.8401360511779785,684,ai_the_thao_0119_GPT-5.6 Luna
1,0.8731883764266968,684,ai_chinh_tri_0032_GPT-5.6 Luna
1,0.9194915294647216,497,ai_xa_hoi_0256_gemini-3.7-flash
1,0.9227467775344848,570,ai_xa_hoi_0713_gemini-3.7-flash
1,0.9234449863433838,551,ai_xa_hoi_0195_gemini-3.7-flash
0,0.9424460530281068,768,023b24911793a856
0,0.9642857313156128,748,c2ed3ea28ced5e6a
0,0.9681274890899658,563,c16ff7e788f7600c
0,0.9806763529777528,512,6a085c99a5a62b87
0,1.0060975551605225,689,e43cef0ff67cf2b0
1,0.8738738894462585,530,ai_giao_duc_0556_gemini-3.7-flash
0,1.0358974933624268,512,33fddc8a4eae818f
0,1.017045497894287,768,bfe083a7c1f7320c
0,1.0680272579193115,635,64f2722be52915f2
0,1.0526316165924072,512,1bd214c8ea2ac4b9
1,0.8804348111152649,685,ai_van_hoa_0132_GPT-5.6 Luna
0,1.0507246255874634,570,a81dd19fd7603875
0,1.0979381799697876,695,70e56f68432db611
1,0.85447758436203,530,ai_kinh_te_0063_gemini-3.7-flash
0,1.0040160417556765,512,d440c065e5834563
0,0.9369369149208068,690,148bf890c3e00bc0
1,0.8473895788192749,521,ai_the_thao_0764_gemini-3.7-flash
1,0.8617021441459656,684,ai_van_hoa_0626_GPT-5.6 Luna
1,0.8888888955116272,518,ai_chinh_tri_0547_gemini-3.7-flash
1,0.8652482032775879,686,ai_chinh_tri_0496_GPT-5.6 Luna
0,1.0460251569747925,512,d94148c660825680
1,0.8473895788192749,521,ai_the_thao_0004_gemini-3.7-flash
1,0.8759124279022217,684,ai_chinh_tri_0263_GPT-5.6 Luna
0,1.0615384578704834,653,95a505079a9da128
1,0.8991228342056274,565,ai_chinh_tri_0682_gemini-3.7-flash
0,0.9354838728904724,512,d89e7405f4765112
0,1.0117647647857666,512,9e30098f4a531ac0
0,1.0573770999908447,426,c6857b0792c0ade1
0,0.9923076629638672,659,d56615c5a3144f3e
1,0.8949275612831116,685,ai_kinh_te_0147_GPT-5.6 Luna
1,0.8652482032775879,685,ai_the_thao_0486_GPT-5.6 Luna
0,0.9415584206581116,562,940ab39d8706db4b
0,1.0322580337524414,678,c4697cd815fd1472
0,1.0317460298538208,580,33a28bc3f2dd0af7
0,1.088435411453247,551,9e553fb7218c5ef9
0,0.9726027250289916,768,855cbb1fc4f64269
0,1.1928571462631226,524,d43499becc2c2f88
0,1.0065360069274902,710,3d10a853e1c0c12d
0,0.9523809552192688,512,7dc724d26db4ded2
0,0.9664429426193236,512,f93e0a169b7c655d
1,0.8450704216957092,684,ai_the_thao_0376_GPT-5.6 Luna
0,0.914893627166748,655,9abca535eba6bbec
1,0.8586207032203674,686,ai_the_thao_0361_GPT-5.6 Luna
1,0.9194915294647216,497,ai_xa_hoi_0184_gemini-3.7-flash
0,0.984375,768,c3a8e9f82217d7f8
1,0.8355704545974731,684,ai_the_thao_0463_GPT-5.6 Luna
0,0.987500011920929,768,a0335df0832b532a
0,0.9142857193946838,768,d15fa0e1e0f7cf5b
1,0.867521345615387,600,ai_giao_duc_0257_gemini-3.7-flash
0,1.004424810409546,502,5ad72e8847d01991
1,0.9230769276618958,494,ai_xa_hoi_0180_gemini-3.7-flash
0,0.9812206625938416,619,6f54bf91cd0b40bc
0,0.9161290526390076,573,c000e3c538cbfee3
1,0.89552241563797,684,ai_xa_hoi_0271_GPT-5.6 Luna
0,1.033707857131958,680,a72865257ea4b770
1,0.8584070801734924,544,ai_van_hoa_0688_gemini-3.7-flash
0,1.024752497673035,668,36d6001c7850e915
1,0.8723404407501221,686,ai_xa_hoi_0182_GPT-5.6 Luna
1,0.8617021441459656,685,ai_kinh_te_0031_GPT-5.6 Luna
0,1.006802678108215,644,f332ea83a954b379
0,1.0313901901245115,595,9b748daad7d466ba
0,0.991304337978363,581,764edbfdbc6b5cec
1,0.9230769276618958,494,ai_xa_hoi_0028_gemini-3.7-flash
0,0.9927007555961608,657,6c130d5060d3afbf
1,0.8799999952316284,554,ai_the_thao_0259_gemini-3.7-flash
0,1.051383376121521,638,25d48d478adc2f9b
0,0.9870129823684692,555,6d2a1bb7fc5d0ecb
1,0.886956512928009,596,ai_the_thao_0573_gemini-3.7-flash
0,1.0958904027938845,768,6effb46ca16560e0
0,0.969924807548523,512,c4cda9f3e6e0692e
1,0.9242424368858336,596,ai_chinh_tri_0009_gemini-3.7-flash
0,0.948387086391449,658,69ab05a4efd8b15e
0,0.9800000190734864,676,02149b90e492cc83
0,0.9177489280700684,669,0392dabca57c4e6c
1,0.8804348111152649,686,ai_giao_duc_0060_GPT-5.6 Luna
1,0.9004328846931458,566,ai_chinh_tri_0390_gemini-3.7-flash
0,0.9194630980491638,512,5fad1af9d4b7ed91
0,0.9927007555961608,657,791963589f2803a7
1,0.9004328846931458,566,ai_chinh_tri_0638_gemini-3.7-flash
0,1.0580357313156128,529,9d969e878589c0a6
1,0.8738738894462585,530,ai_giao_duc_0388_gemini-3.7-flash
0,1.0,587,b3a49d525ae8c640
1,0.8633093237876892,684,ai_chinh_tri_0453_GPT-5.6 Luna
0,1.1048951148986816,768,4b8962b4be0f3880
0,0.9638554453849792,768,b38948b8fb4e8660
1,0.8865247964859009,686,ai_giao_duc_0678_GPT-5.6 Luna
0,0.9923664331436156,663,d3c212f32112cbb6
1,0.904411792755127,686,ai_giao_duc_0619_GPT-5.6 Luna
1,0.8840579986572266,685,ai_kinh_te_0347_GPT-5.6 Luna
0,0.92592591047287,648,d07d615f24811c1e
0,1.0265486240386963,553,a384cb12df6e79b7
1,0.8586956262588501,684,ai_kinh_te_0362_GPT-5.6 Luna
1,0.8633093237876892,685,ai_kinh_te_0285_GPT-5.6 Luna
0,1.153527021408081,512,4aa7460d57f6602b
1,0.9004328846931458,566,ai_chinh_tri_0230_gemini-3.7-flash
0,1.076923131942749,700,73e045cd83c16b2c
1,0.8601398468017578,686,ai_the_thao_0477_GPT-5.6 Luna
1,0.8666666746139526,530,ai_giao_duc_0264_gemini-3.7-flash
0,1.0287081003189087,652,7d100aeaaf15c4fe
0,1.0,768,2903b17db8df3b21
0,0.9214285612106324,768,cb18c871d720afd5
1,0.828000009059906,529,ai_the_thao_0442_gemini-3.7-flash
0,0.9029126167297364,512,af0bdfb7ae037563
1,0.9177489280700684,570,ai_xa_hoi_0817_gemini-3.7-flash
1,0.8525179624557495,684,ai_xa_hoi_0632_GPT-5.6 Luna
0,1.0850000381469729,537,c97abe851a7682ed
1,0.9037036895751952,684,ai_kinh_te_0292_GPT-5.6 Luna
0,1.0186915397644043,519,68d953c7fd849c75
0,0.988095223903656,768,2cbae1c14eafae22
0,0.9724409580230712,651,23f5fd68d800efb2
0,0.9404761791229248,768,87673567681f4993
0,1.0650407075881958,503,545d3594b2e77377
1,0.8666666746139526,530,ai_giao_duc_0056_gemini-3.7-flash
0,0.9432623982429504,768,8ee4439487cf60c0
0,0.943181812763214,768,51ca7c67490e9c94
1,0.8341013789176941,561,ai_giao_duc_0259_gemini-3.7-flash
1,0.8848921060562134,685,ai_the_thao_0122_GPT-5.6 Luna
0,0.9751552939414978,582,53da2900c647633b
0,1.0390625,662,bb277a339fa5948d
1,0.9254385828971864,551,ai_van_hoa_0782_gemini-3.7-flash
0,0.9295154213905334,512,7da5f9d9c796eefb
1,0.8854166865348816,686,ai_the_thao_0137_GPT-5.6 Luna
1,0.8590308427810669,595,ai_the_thao_0641_gemini-3.7-flash
0,0.9916666746139526,512,964bb68c3250b55a
1,0.8571428656578064,686,ai_kinh_te_0568_GPT-5.6 Luna
0,1.0153846740722656,579,953bdfad6d4f8fb5
1,0.8813559412956238,574,ai_van_hoa_0765_gemini-3.7-flash
0,0.9791666865348816,768,3758f0450a35ec62
0,1.115646243095398,543,28b6a57c46b3c823
1,0.9242424368858336,596,ai_chinh_tri_0137_gemini-3.7-flash
0,1.0,512,02fda5ce2bc4a0e7
0,0.978102207183838,667,2f1cfbec0624b0f3
0,0.9375,512,822d2bfdbbd80d4f
1,0.8804348111152649,686,ai_giao_duc_0780_GPT-5.6 Luna
0,0.9735682606697084,768,9fbb82a3c97c62eb
1,0.84375,684,ai_chinh_tri_0348_GPT-5.6 Luna
1,0.8601398468017578,686,ai_the_thao_0517_GPT-5.6 Luna
1,0.8623188138008118,684,ai_chinh_tri_0535_GPT-5.6 Luna
1,0.8991228342056274,565,ai_chinh_tri_0066_gemini-3.7-flash
0,1.075187921524048,677,cf8471a5915b5784
1,0.8735178112983704,644,ai_kinh_te_0773_gemini-3.7-flash
1,0.8785714507102966,685,ai_the_thao_0266_GPT-5.6 Luna
0,1.059999942779541,768,f50532e47402a13e
0,0.8199052214622498,632,3397e57aaef14657
1,0.8991228342056274,565,ai_chinh_tri_0666_gemini-3.7-flash
0,0.9642857313156128,600,4e52bc7d3b3675dd
0,0.9615384340286256,713,e0cec06a16b0d4c1
1,0.8723404407501221,686,ai_van_hoa_0610_GPT-5.6 Luna
1,0.8333333134651184,530,ai_kinh_te_0395_gemini-3.7-flash
0,0.9691358208656312,695,8add32ec1f779668
1,0.8389830589294434,554,ai_the_thao_0095_gemini-3.7-flash
0,0.9881656765937804,768,06e3c9d185e8d2b6
1,0.9194915294647216,497,ai_xa_hoi_0096_gemini-3.7-flash
0,1.0303030014038086,512,20d63aaf81a4fb18
1,0.8483412265777588,560,ai_giao_duc_0783_gemini-3.7-flash
1,0.8829787373542786,686,ai_kinh_te_0126_GPT-5.6 Luna
0,1.1354838609695437,673,5d0b8bf348b1c0a2
1,0.8426573276519775,684,ai_chinh_tri_0252_GPT-5.6 Luna
0,0.7604166865348816,512,a850ceff6256dd20
0,0.94140625,512,d5a5cae7bd3221dc
0,0.983263611793518,679,9788a7724b46b34a
0,0.9957447052001952,515,62d0a16580a4f5f4
1,0.8767605423927307,686,ai_xa_hoi_0092_GPT-5.6 Luna
1,0.8401360511779785,684,ai_the_thao_0535_GPT-5.6 Luna
1,0.8848921060562134,685,ai_kinh_te_0718_GPT-5.6 Luna
0,1.0152671337127686,654,061aef4b7f4d7215
1,0.8888888955116272,518,ai_chinh_tri_0363_gemini-3.7-flash
0,0.9295154213905334,639,39500682abf644ea
0,0.9856114983558656,768,fb76a27423881f2a
1,0.8755555748939514,513,ai_chinh_tri_0391_gemini-3.7-flash
0,0.9453781247138976,562,af1a4d2c492ec451
0,1.0848214626312256,512,bbb95bf5e7860b86
0,1.1549999713897705,694,b4f378e2e32bab87
1,0.8666666746139526,530,ai_giao_duc_0072_gemini-3.7-flash
0,1.0452488660812378,574,3f2f333611eeb114
0,0.9763779640197754,672,eb1efb7f61498ef7
1,0.8423236608505249,517,ai_giao_duc_0558_gemini-3.7-flash
0,0.9222221970558168,686,35979d697f1d280f
0,0.9743589758872986,654,a2135b14e9274d31
1,0.8652482032775879,685,ai_the_thao_0166_GPT-5.6 Luna
0,0.913385808467865,633,c1ecaca9feb15583
1,0.9106382727622986,551,ai_van_hoa_0038_gemini-3.7-flash
1,0.9279661178588868,569,ai_xa_hoi_0317_gemini-3.7-flash
0,0.948905110359192,512,fd1552c84222522d
0,0.9813664555549622,512,e7bb67434d9edd41
0,1.0204081535339355,521,85013ee7a3b8d5bb
0,1.0363636016845703,512,1cc5c21ca8eefeb4
1,0.8410041928291321,531,ai_the_thao_0766_gemini-3.7-flash
0,1.0,594,c15183215cd603d6
0,1.020134210586548,568,50ac2f63a7fdb480
1,0.8680555820465088,686,ai_the_thao_0049_GPT-5.6 Luna
1,0.8586207032203674,685,ai_chinh_tri_0284_GPT-5.6 Luna
0,0.9555555582046508,654,e44e405ff246f8d5
0,0.9679999947547911,642,683ce7311ae3251e
1,0.8848921060562134,685,ai_the_thao_0402_GPT-5.6 Luna
0,0.9378238320350648,768,0d061a096e377314
1,0.9004328846931458,566,ai_chinh_tri_0622_gemini-3.7-flash
1,0.8952381014823914,595,ai_chinh_tri_0277_gemini-3.7-flash
1,0.8586956262588501,684,ai_kinh_te_0722_GPT-5.6 Luna
0,0.9473684430122375,665,8a5e79816b2111a5
1,0.8905109763145447,686,ai_giao_duc_0012_GPT-5.6 Luna
0,1.0099010467529297,613,4f952af48679daf9
0,0.9411764740943908,556,c96afa6db203d492
1,0.9531915187835692,531,ai_xa_hoi_0526_gemini-3.7-flash
1,0.886956512928009,596,ai_the_thao_0725_gemini-3.7-flash
0,0.9879999756813048,544,023f82d2c8d11de7
0,1.0,768,2eba76d33cc3f712
1,0.9188033938407898,550,ai_van_hoa_0058_gemini-3.7-flash
1,0.9166666865348816,514,ai_kinh_te_0276_gemini-3.7-flash
0,0.939393937587738,768,61bf5f4a4f6a5016
1,0.8473895788192749,521,ai_the_thao_0244_gemini-3.7-flash
0,0.9939393997192384,512,0ab21bcd048356fe
0,1.0,768,19dcf6db6cdd04a2
1,0.8731883764266968,686,ai_kinh_te_0517_GPT-5.6 Luna
1,0.8464285731315613,684,ai_van_hoa_0077_GPT-5.6 Luna
1,0.828000009059906,529,ai_the_thao_0346_gemini-3.7-flash
1,0.8514492511749268,684,ai_kinh_te_0682_GPT-5.6 Luna
0,0.9244186282157898,576,f01f433a8e40a5a6
0,1.105485200881958,582,741b4555224f8fe2
0,0.9863013625144958,639,8b759d004883fd4d
1,0.9037036895751952,684,ai_giao_duc_0714_GPT-5.6 Luna
0,0.8579545617103577,768,dc75e072f9231277
1,0.9383260011672974,551,ai_van_hoa_0566_gemini-3.7-flash
1,0.8735178112983704,644,ai_kinh_te_0021_gemini-3.7-flash
1,0.8426573276519775,686,ai_xa_hoi_0770_GPT-5.6 Luna
0,0.956250011920929,768,8fe150ededb4259b
0,1.032467484474182,512,76619bc68874aca5
0,0.9387755393981934,512,9ed8d2aaea3f9453
1,0.8873239159584045,686,ai_the_thao_0673_GPT-5.6 Luna
0,0.9858155846595764,512,d67fe7c94ea244ae
0,0.9555555582046508,655,af2bc05abf231ab9
1,0.9242424368858336,596,ai_chinh_tri_0185_gemini-3.7-flash
1,0.8354430198669434,554,ai_the_thao_0807_gemini-3.7-flash
1,0.8755555748939514,513,ai_chinh_tri_0807_gemini-3.7-flash
0,0.9527897238731384,512,44f1a6dece0052c8
1,0.8341013789176941,561,ai_giao_duc_0427_gemini-3.7-flash
1,0.8391608595848083,684,ai_xa_hoi_0640_GPT-5.6 Luna
0,1.029411792755127,679,5bc10760baed200f
1,0.895652174949646,545,ai_chinh_tri_0256_gemini-3.7-flash
0,0.9857142567634584,512,fd22d863154e9bae
0,1.0,643,316653f69a2dfaa5
0,0.9868420958518982,768,04947552f1b2a434
1,0.8531468510627747,686,ai_xa_hoi_0562_GPT-5.6 Luna
0,0.9949748516082764,513,ee19c8bcc009142d
0,0.9305555820465088,668,3a102c826a829c59
1,0.8733624219894409,545,ai_chinh_tri_0676_gemini-3.7-flash
0,0.9849624037742616,604,f38aca11ef5d5bbf
0,0.99319726228714,604,05be2ddc9c5df509
0,1.019736886024475,512,26f08612ce7f1c73
1,0.8464285731315613,685,ai_van_hoa_0427_GPT-5.6 Luna
1,0.8829787373542786,686,ai_giao_duc_0406_GPT-5.6 Luna
0,0.9214876294136048,658,6264b12179dac53e
0,0.9485294222831726,512,c2f3de413b52a95d
0,0.9718875288963318,715,dafffdc28d3b84c8
0,1.0,512,89ccb3ee3e1c5f84
0,0.988095223903656,512,c5383f5e34cce237
1,0.8623188138008118,686,ai_chinh_tri_0427_GPT-5.6 Luna
1,0.8829787373542786,686,ai_giao_duc_0630_GPT-5.6 Luna
0,1.006250023841858,512,76782fb0aa5c94d1
0,0.99578058719635,552,e6d0ac05bcb64eb5
1,0.831932783126831,531,ai_the_thao_0798_gemini-3.7-flash
0,0.9740259647369384,768,870187deab5b29f5
0,0.9816513657569884,593,80334e366ca36c86
1,0.9227467775344848,570,ai_xa_hoi_0721_gemini-3.7-flash
1,0.8584070801734924,544,ai_van_hoa_0384_gemini-3.7-flash
0,0.9280575513839722,768,183eab735e8a20b2
0,0.9297520518302916,717,ddc73aa04ee4592f
1,0.8652482032775879,685,ai_chinh_tri_0160_GPT-5.6 Luna
0,1.0245901346206665,512,769d88fb6c99f523
1,0.8556337952613831,686,ai_van_hoa_0512_GPT-5.6 Luna
0,0.9849624037742616,543,e20c18759aac997f
0,1.0043103694915771,512,28fc5fc4b1a5a6d9
1,0.8952381014823914,595,ai_chinh_tri_0725_gemini-3.7-flash
0,1.0,768,a7c8697f1eafc317
1,0.895652174949646,545,ai_chinh_tri_0288_gemini-3.7-flash
1,0.8576388955116272,686,ai_van_hoa_0488_GPT-5.6 Luna
0,0.9698275923728944,636,3ca12bfce802ec1b
1,0.8949275612831116,686,ai_giao_duc_0773_GPT-5.6 Luna
1,0.8500000238418579,685,ai_kinh_te_0546_GPT-5.6 Luna
1,0.8991228342056274,565,ai_chinh_tri_0074_gemini-3.7-flash
1,0.8546099066734314,687,ai_van_hoa_0220_GPT-5.6 Luna
0,0.9807692170143129,682,0dfa7f6776c65c25
0,0.9807692170143129,768,1c2b2bb238e36aad
0,1.0222222805023191,547,c444a3ea2aa7df81
1,0.8690476417541504,568,ai_kinh_te_0458_gemini-3.7-flash
1,0.8639705777168274,684,ai_giao_duc_0025_GPT-5.6 Luna
0,0.9864864945411682,698,2838faa2eaa66399
1,0.8333333134651184,685,ai_van_hoa_0129_GPT-5.6 Luna
0,1.2432432174682615,512,fc6df9152ac6fb6a
0,0.9072580933570862,540,279e10750a23b23f
1,0.8584070801734924,544,ai_van_hoa_0512_gemini-3.7-flash
1,0.912350594997406,515,ai_kinh_te_0064_gemini-3.7-flash
0,1.0,512,98200ae1a81d0ebf
0,0.980519473552704,652,577cf2a8cebb1cd9
0,0.9726027250289916,707,a14440e52f26ae51
0,1.0067113637924194,512,7a4121a7b9ec1d20
1,0.84375,684,ai_chinh_tri_0828_GPT-5.6 Luna
1,0.9404255151748656,533,ai_xa_hoi_0530_gemini-3.7-flash
1,0.8829787373542786,686,ai_xa_hoi_0436_GPT-5.6 Luna
0,1.0214592218399048,512,e398859251892e34
1,0.8840579986572266,686,ai_giao_duc_0397_GPT-5.6 Luna
0,0.9622641801834106,716,0f30623cd0169c8b
0,1.2207791805267334,646,a9a268ad8093dbea
1,0.8617021441459656,684,ai_xa_hoi_0232_GPT-5.6 Luna
0,1.0153846740722656,559,3b44d233496940f0
1,0.8461538553237915,683,ai_xa_hoi_0088_GPT-5.6 Luna
0,0.9673202633857728,768,543b3b407d4b1dfb
1,0.8813559412956238,574,ai_van_hoa_0621_gemini-3.7-flash
0,1.0681818723678589,607,d0a51732017122da
0,0.970802903175354,768,0b557185c2604e63
1,0.8389830589294434,554,ai_the_thao_0119_gemini-3.7-flash
0,0.9793103337287904,566,3f7d2bb35b4424ba
0,0.9552238583564758,512,755d442978bd9d8b
0,0.9354838728904724,576,479a0936e6753c5a
1,0.8755555748939514,513,ai_chinh_tri_0151_gemini-3.7-flash
0,1.0316455364227295,565,1190a42420686e2d
1,0.8848921060562134,686,ai_xa_hoi_0260_GPT-5.6 Luna
1,0.8515625,567,ai_kinh_te_0062_gemini-3.7-flash
0,0.9538461565971376,512,106938134c8f2535
1,0.8723404407501221,686,ai_chinh_tri_0336_GPT-5.6 Luna
1,0.8723404407501221,686,ai_kinh_te_0313_GPT-5.6 Luna
1,0.9014084339141846,550,ai_xa_hoi_0599_gemini-3.7-flash
1,0.8623188138008118,685,ai_xa_hoi_0011_GPT-5.6 Luna
0,0.934883713722229,726,2d19add96f60dbe2
0,1.037190079689026,512,5d59a42692aa8a1f
0,1.045751690864563,694,33db9cc54f7aba44
0,1.0,511,f27b1a4205d2f79e
1,0.8633093237876892,685,ai_kinh_te_0165_GPT-5.6 Luna
0,1.0580644607543943,652,908f3809bee55788
0,1.076923131942749,512,67df841dbe9ef704
1,0.8601398468017578,686,ai_the_thao_0717_GPT-5.6 Luna
1,0.8546099066734314,685,ai_chinh_tri_0155_GPT-5.6 Luna
1,0.8690476417541504,568,ai_kinh_te_0634_gemini-3.7-flash
1,0.8652482032775879,685,ai_chinh_tri_0040_GPT-5.6 Luna
1,0.9242424368858336,596,ai_chinh_tri_0257_gemini-3.7-flash
0,1.0816326141357422,512,765c5cd294e1132f
1,0.9060150384902954,684,ai_xa_hoi_0039_GPT-5.6 Luna
1,0.902255654335022,684,ai_xa_hoi_0431_GPT-5.6 Luna
1,0.9227467775344848,570,ai_xa_hoi_0633_gemini-3.7-flash
0,1.0,574,82360c22f4f3ec30
0,0.9928057789802552,318,3c06c8de302d129d
0,1.094972014427185,512,a5e2f24900826146
0,0.9455782175064088,768,86b5df64510e6e5a
0,0.970370352268219,768,84ada000804f1cea
1,0.8785714507102966,686,ai_xa_hoi_0165_GPT-5.6 Luna
0,1.0593219995498655,512,111ff5ad338af703
1,0.9194915294647216,497,ai_xa_hoi_0648_gemini-3.7-flash
0,0.9177215099334716,642,da5374f9065eac71
1,0.925110161304474,599,ai_giao_duc_0549_gemini-3.7-flash
0,1.1025640964508057,512,e824f2a982da97c2
1,0.8586956262588501,684,ai_kinh_te_0002_GPT-5.6 Luna
0,0.9282511472702026,576,7f700b4bd5e5dfa1
1,0.8623188138008118,684,ai_chinh_tri_0137_GPT-5.6 Luna
0,0.9868420958518982,768,4a4467891205e159
0,0.9411764740943908,512,81936e09545bbedf
1,0.8590308427810669,595,ai_the_thao_0105_gemini-3.7-flash
0,1.061855673789978,512,2b8f6559b2962fa4
0,1.0978723764419556,509,b344a02f58ea3550
1,0.8666666746139526,530,ai_giao_duc_0800_gemini-3.7-flash
0,0.9875518679618835,630,b51ccab1b147c1a0
1,0.8697183132171631,686,ai_xa_hoi_0788_GPT-5.6 Luna
0,1.0314960479736328,558,d452f6dd24bd2dcf
1,0.8633093237876892,686,ai_chinh_tri_0379_GPT-5.6 Luna
0,1.016759753227234,303,d274cab4e51cf98f
1,0.8738738894462585,530,ai_giao_duc_0004_gemini-3.7-flash
1,0.8661971688270569,685,ai_the_thao_0140_GPT-5.6 Luna
1,0.912350594997406,515,ai_kinh_te_0408_gemini-3.7-flash
1,0.8703703880310059,684,ai_giao_duc_0673_GPT-5.6 Luna
1,0.8345070481300354,684,ai_xa_hoi_0296_GPT-5.6 Luna
0,1.063829779624939,768,e4d778c58fb34892
1,0.831932783126831,531,ai_the_thao_0790_gemini-3.7-flash
1,0.9254385828971864,551,ai_van_hoa_0790_gemini-3.7-flash
1,0.9910714030265808,550,ai_van_hoa_0762_gemini-3.7-flash
0,0.9728682041168212,512,425a61776334385a
0,1.0960452556610107,633,a42854229e16f548
1,0.8607142567634583,686,ai_van_hoa_0523_GPT-5.6 Luna
1,0.8333333134651184,530,ai_kinh_te_0171_gemini-3.7-flash
1,0.8341013789176941,561,ai_giao_duc_0739_gemini-3.7-flash
1,0.9014084339141846,550,ai_xa_hoi_0383_gemini-3.7-flash
1,0.9404255151748656,533,ai_xa_hoi_0706_gemini-3.7-flash
0,0.9688888788223268,512,3e8238319475ece3
0,1.0895522832870483,608,51dbcdaaa2f42225
0,0.9707112908363342,644,03dc461720985963
1,0.8925926089286804,684,ai_giao_duc_0706_GPT-5.6 Luna
0,0.942307710647583,657,37835418c3ec4c0c
0,1.049327373504639,542,afd1e32aa8fa9d6d
1,0.8884891867637634,686,ai_kinh_te_0406_GPT-5.6 Luna
0,1.038167953491211,750,b9bc593ba752ac4a
0,0.9187816977500916,768,2886bcc8cbdf29f8
0,0.8255813717842102,697,574caeac4e32d3a3
1,0.8584070801734924,544,ai_van_hoa_0552_gemini-3.7-flash
1,0.8392857313156128,684,ai_chinh_tri_0750_GPT-5.6 Luna
1,0.9383260011672974,551,ai_van_hoa_0462_gemini-3.7-flash
1,0.9166666865348816,514,ai_kinh_te_0684_gemini-3.7-flash
0,0.995145618915558,512,a954a66580cf3a8e
0,0.887417197227478,512,aff0073ed5523b4f
0,1.014423131942749,663,c9f0143b09f19ff0
0,0.9940476417541504,535,9cd7eff768480c8e
0,0.9856114983558656,600,706ab55d6f7d6d1f
0,1.0,674,a101f7a51b66524a
0,1.0,601,1ab7d31c91dce7e9
1,0.9060150384902954,684,ai_giao_duc_0650_GPT-5.6 Luna
1,0.912350594997406,515,ai_kinh_te_0680_gemini-3.7-flash
0,0.9849624037742616,512,d682f95e73c75b73
1,0.8584070801734924,544,ai_van_hoa_0664_gemini-3.7-flash
0,1.0263158082962036,560,f7cceb04583cebc4
1,0.8888888955116272,643,ai_kinh_te_0801_gemini-3.7-flash
0,0.95652174949646,512,9ed6e10ef0d46fce
1,0.9166666865348816,514,ai_kinh_te_0748_gemini-3.7-flash
0,1.0330188274383545,445,c7bfd23f4a28bc50
1,0.8590308427810669,595,ai_the_thao_0697_gemini-3.7-flash
1,0.8591549396514893,687,ai_van_hoa_0148_GPT-5.6 Luna
0,0.9424460530281068,512,f8bddb2d07fc133f
1,0.8531468510627747,685,ai_xa_hoi_0378_GPT-5.6 Luna
1,0.8733624219894409,545,ai_chinh_tri_0540_gemini-3.7-flash
1,0.9279661178588868,569,ai_xa_hoi_0557_gemini-3.7-flash
0,0.9384615421295166,512,2897a2ba8d7e0626
1,0.85447758436203,530,ai_kinh_te_0591_gemini-3.7-flash
0,0.988950252532959,705,769aecb407280dc6
1,0.8956834673881531,686,ai_xa_hoi_0340_GPT-5.6 Luna
1,0.886956512928009,596,ai_the_thao_0357_gemini-3.7-flash
0,0.9918367266654968,637,af4cc4db8c4b0267
1,0.9910714030265808,550,ai_van_hoa_0658_gemini-3.7-flash
0,1.0578511953353882,651,affca8f12f60605c
0,0.9094203114509584,768,ce1b5bfceb999235
0,1.0214285850524902,512,d465352394b9ea40
1,0.8735178112983704,644,ai_kinh_te_0517_gemini-3.7-flash
0,0.9878542423248292,677,d66ecdcc144beaac
1,0.8782608509063721,547,ai_van_hoa_0572_gemini-3.7-flash
1,0.866906464099884,685,ai_kinh_te_0266_GPT-5.6 Luna
0,0.9379844665527344,512,8f54c7e4f2a37d1a
1,0.8528138399124146,575,ai_van_hoa_0129_gemini-3.7-flash
0,0.9735099077224731,768,f122e7027f8ae884
0,0.9556451439857484,535,03b523daebefbd55
0,1.0145984888076782,651,fa360faa00c64324
0,0.907975435256958,679,121bb23e1242dda7
0,0.931034505367279,768,4d13b40975682d58
0,0.9863945841789246,768,a4f7d57ebcd33039
0,1.0352423191070557,677,b4e89c53ccdd92bf
0,0.9757084846496582,556,ff70b10d21261de8
1,0.9234449863433838,551,ai_xa_hoi_0787_gemini-3.7-flash
0,0.9109588861465454,541,054ca41da5e7f519
0,1.0247933864593506,516,9d2149e58583a61e
1,0.8576388955116272,686,ai_van_hoa_0008_GPT-5.6 Luna
1,0.8561151027679443,685,ai_chinh_tri_0443_GPT-5.6 Luna
1,0.8925926089286804,684,ai_kinh_te_0804_GPT-5.6 Luna
0,0.9327731132507324,628,16d9063f16c92161
1,0.8500000238418579,684,ai_van_hoa_0685_GPT-5.6 Luna
1,0.9383260011672974,551,ai_van_hoa_0670_gemini-3.7-flash
1,0.9910714030265808,550,ai_van_hoa_0354_gemini-3.7-flash
1,0.8483412265777588,560,ai_giao_duc_0151_gemini-3.7-flash
0,0.9895287752151488,677,85886dd3ad8c998c
0,1.0672268867492676,579,cff82e8b3df7357d
0,1.0176470279693604,676,97bdc4fa793729d0
0,1.1633987426757812,570,638dc24d4d87e4ec
0,1.0539419651031494,539,1ae1d98e9e7515c1
1,0.8666666746139526,530,ai_giao_duc_0520_gemini-3.7-flash
1,0.8695651888847351,685,ai_chinh_tri_0530_GPT-5.6 Luna
1,0.925110161304474,599,ai_giao_duc_0517_gemini-3.7-flash
0,0.9713114500045776,512,3301ae05fb24d6cc
1,0.8785714507102966,686,ai_xa_hoi_0645_GPT-5.6 Luna
1,0.9230769276618958,494,ai_xa_hoi_0492_gemini-3.7-flash
0,1.0126582384109497,603,8987c63f7c4914e8
1,0.8483412265777588,560,ai_giao_duc_0599_gemini-3.7-flash
0,1.0379747152328491,516,72509035c57b467f
0,0.9589743614196776,661,de4a6d8384a19d1f
1,0.9364407062530518,533,ai_xa_hoi_0826_gemini-3.7-flash
0,0.9601593613624572,768,31968155e30d3e2e
0,0.9480000138282776,698,c569dd0b799e0b4c
0,0.7929936051368713,512,953bc7546316f22f
0,0.947826087474823,512,a24bce53d1110a7f
1,0.8888888955116272,643,ai_kinh_te_0825_gemini-3.7-flash
0,0.9064748287200928,768,66491168d0d86ca6
0,1.0379747152328491,525,8a512af4c1989d9a
0,1.0526316165924072,674,991c9a2d31eb46aa
0,1.0072463750839231,512,02dcb684a56c2f01
1,0.8367347121238708,684,ai_the_thao_0071_GPT-5.6 Luna
1,0.8360000252723694,557,ai_van_hoa_0779_gemini-3.7-flash
1,0.8423236608505249,517,ai_giao_duc_0790_gemini-3.7-flash
1,0.8450704216957092,685,ai_xa_hoi_0253_GPT-5.6 Luna
0,0.9635627269744872,508,41ce2e15801bcaee
1,0.8607142567634583,687,ai_van_hoa_0300_GPT-5.6 Luna
1,0.8500000238418579,684,ai_van_hoa_0401_GPT-5.6 Luna
0,0.96875,512,d6627843c6aef2b0
1,0.8823529481887817,684,ai_giao_duc_0137_GPT-5.6 Luna
1,0.8706293702125549,686,ai_xa_hoi_0292_GPT-5.6 Luna
1,0.9910714030265808,550,ai_van_hoa_0618_gemini-3.7-flash
0,1.0122699737548828,768,431b174f5d7cad25
1,0.8584070801734924,544,ai_van_hoa_0680_gemini-3.7-flash
1,0.9194915294647216,497,ai_xa_hoi_0176_gemini-3.7-flash
1,0.8714285492897034,686,ai_xa_hoi_0310_GPT-5.6 Luna
0,0.93388432264328,641,300b19a35bcc7870
1,0.8714285492897034,685,ai_van_hoa_0775_GPT-5.6 Luna
0,0.9580838084220886,768,f999b313b9886dc5
1,0.9204545617103576,685,ai_xa_hoi_0327_GPT-5.6 Luna
1,0.8695651888847351,686,ai_xa_hoi_0187_GPT-5.6 Luna
0,0.9776785969734192,668,d39a8998e2deb784
0,0.9934210777282716,512,80232d269e329fbd
0,0.9923076629638672,512,19c77446f9f83374
1,0.9004328846931458,566,ai_chinh_tri_0078_gemini-3.7-flash
0,0.9732824563980104,768,35c4038ed4f8da9a
1,0.867521345615387,600,ai_giao_duc_0697_gemini-3.7-flash
1,0.8733624219894409,545,ai_chinh_tri_0156_gemini-3.7-flash
1,0.9166666865348816,514,ai_kinh_te_0812_gemini-3.7-flash
1,0.8253968358039856,557,ai_van_hoa_0035_gemini-3.7-flash
0,0.9268292784690856,768,8e0f0f1dbcadd9ef
0,1.0666667222976685,512,f73f1c1c9329dbf6
0,1.0132449865341189,690,a5c681738f7f139d
0,0.9784482717514038,768,8be6112ef3735f4d
0,1.074626922607422,518,a2d58db570ca9dd3
1,0.8500000238418579,686,ai_chinh_tri_0354_GPT-5.6 Luna
0,0.9935897588729858,459,aafb666b40c69a84
1,0.9279661178588868,569,ai_xa_hoi_0781_gemini-3.7-flash
0,0.9696969985961914,569,654dfa6fe0fd5922
0,0.9774436354637146,672,97880b428bf87b39
0,1.037037014961243,547,252cf78822492618
1,0.8695651888847351,686,ai_giao_duc_0772_GPT-5.6 Luna
0,0.9460580945014954,731,07799b7cf0a44213
0,1.0428571701049805,658,e4ebaca9895c54a3
0,0.9820359349250792,686,42654bb52cf8a268
0,0.965384602546692,682,fd12a1d0c9ef7799
0,0.9319728016853333,683,af0b922ddd814f47
1,0.8617021441459656,685,ai_kinh_te_0415_GPT-5.6 Luna
0,1.0270270109176636,647,90034f050c5e4a4d
0,1.094674587249756,628,35c55706aec063ac
0,0.9214285612106324,768,3f54976190576cfb
0,0.9503546357154846,512,3dc0ac280e8a26b4
0,0.95703125,513,4eccce9fa2173201
1,0.829365074634552,523,ai_the_thao_0192_gemini-3.7-flash
1,0.8500000238418579,685,ai_chinh_tri_0694_GPT-5.6 Luna
0,1.1145833730697632,512,e2e29b0f77844ccd
0,0.943181812763214,768,6ee630521b5f5e59
1,0.8321678042411804,685,ai_van_hoa_0316_GPT-5.6 Luna
1,0.866906464099884,686,ai_kinh_te_0421_GPT-5.6 Luna
1,0.8623188138008118,684,ai_chinh_tri_0057_GPT-5.6 Luna
0,0.9670782089233398,555,7c941b843c3804a9
1,0.8633093237876892,686,ai_kinh_te_0080_GPT-5.6 Luna
0,1.0151515007019043,712,67199b8bc942b010
1,0.9234449863433838,551,ai_xa_hoi_0059_gemini-3.7-flash
1,0.8423236608505249,517,ai_giao_duc_0798_gemini-3.7-flash
0,1.0377358198165894,768,5fe252db02acfbd3
1,0.8991228342056274,565,ai_chinh_tri_0178_gemini-3.7-flash
0,0.966527223587036,653,027d1035893c5ffc
0,1.030837059020996,642,6833a6260bb3ceb8
0,0.9221556782722472,601,9ef81ffc9f43a0af
0,0.964143455028534,638,dcc1fd2be0459049
0,0.914893627166748,768,3aaf9cb0107e7709
0,0.9456067085266112,501,938d3f73821eb0eb
0,0.9660193920135498,512,141042bebf8b1323
1,0.8666666746139526,530,ai_giao_duc_0368_gemini-3.7-flash
0,1.038759708404541,512,b84483e06806e759
1,0.8531468510627747,686,ai_the_thao_0325_GPT-5.6 Luna
1,0.829365074634552,523,ai_the_thao_0712_gemini-3.7-flash
0,0.9848484992980956,353,004f31d7a6761eb6
0,0.9212962985038756,768,cb9a7611192c450b
0,0.949999988079071,676,8ddff709b5587c5c
0,1.1020407676696775,633,c24df6ddbb11aea9
1,0.8617021441459656,685,ai_kinh_te_0295_GPT-5.6 Luna
1,0.8738738894462585,530,ai_giao_duc_0308_gemini-3.7-flash
1,0.829365074634552,523,ai_the_thao_0040_gemini-3.7-flash
1,0.8829787373542786,686,ai_giao_duc_0302_GPT-5.6 Luna
1,0.8829787373542786,684,ai_van_hoa_0575_GPT-5.6 Luna
0,1.106870174407959,681,2cd94f67c66cebd0
1,0.8410041928291321,531,ai_the_thao_0302_gemini-3.7-flash
1,0.8713235259056091,685,ai_chinh_tri_0809_GPT-5.6 Luna
0,0.9563491940498352,768,641a95cfa92708f6
1,0.8952381014823914,595,ai_chinh_tri_0077_gemini-3.7-flash
1,0.8661971688270569,685,ai_kinh_te_0350_GPT-5.6 Luna
0,1.1393442153930664,768,9dfff66b2e7b3b8d
0,1.0065360069274902,675,0605403f40de4a2e
1,0.9004328846931458,566,ai_chinh_tri_0350_gemini-3.7-flash
1,0.8590308427810669,595,ai_the_thao_0185_gemini-3.7-flash
0,1.0303030014038086,670,259dbf2b5f78c62f
0,0.95703125,512,a32c3c726fa9e4ee
0,0.9214876294136048,646,e9ca1124a5c9e449
0,0.9642857313156128,768,87db8fc0c3b6fc43
0,0.9777777791023254,512,11e82cf9ec93c285
0,1.0547945499420166,609,b853fd6eb0d6d1fb
0,0.9708333611488342,768,9ce757076a58d67e
1,0.8483412265777588,560,ai_giao_duc_0439_gemini-3.7-flash
1,0.829365074634552,523,ai_the_thao_0064_gemini-3.7-flash
1,0.8472222089767456,685,ai_van_hoa_0314_GPT-5.6 Luna
0,0.940928280353546,688,174bdf3885356f18
1,0.8515625,567,ai_kinh_te_0030_gemini-3.7-flash
1,0.8888888955116272,643,ai_kinh_te_0521_gemini-3.7-flash
1,0.8714285492897034,685,ai_van_hoa_0295_GPT-5.6 Luna
0,0.9650654792785645,654,163d7837a7a0b297
0,0.8623853325843811,530,0cead0f69caa5431
1,0.8854166865348816,686,ai_the_thao_0257_GPT-5.6 Luna
1,0.9166666865348816,514,ai_kinh_te_0132_gemini-3.7-flash
0,0.953125,768,21a0d132bfe2dd51
1,0.8423236608505249,517,ai_giao_duc_0478_gemini-3.7-flash
1,0.8633093237876892,685,ai_kinh_te_0525_GPT-5.6 Luna
1,0.886956512928009,596,ai_the_thao_0485_gemini-3.7-flash
0,0.978723406791687,653,a2a479d9caf0471e
0,1.0354609489440918,512,7a2fcaf127aa3ad6
0,0.970802903175354,660,f2c2a4c5f98f75e4
0,0.9800000190734864,664,c9ecd596661b7d97
1,0.925110161304474,599,ai_giao_duc_0661_gemini-3.7-flash
0,0.9494949579238892,518,a75f7c414267a52b
1,0.8500000238418579,683,ai_van_hoa_0341_GPT-5.6 Luna
1,0.8723404407501221,686,ai_kinh_te_0529_GPT-5.6 Luna
0,1.1013824939727783,512,599aea39d0ab53be
0,0.8340611457824707,531,408f1e6eda8044ed
1,0.9242424368858336,596,ai_chinh_tri_0313_gemini-3.7-flash
1,0.8576388955116272,686,ai_the_thao_0154_GPT-5.6 Luna
0,0.9008620977401732,768,94648b00c8dfdedc
0,0.9784482717514038,512,6b637a05e80dc830
1,0.8925926089286804,684,ai_xa_hoi_0703_GPT-5.6 Luna
1,0.866906464099884,686,ai_giao_duc_0796_GPT-5.6 Luna
0,1.0828402042388916,768,ba8ff4ce6ff8631a
0,0.945945918560028,768,577c4db80bbff706
0,0.8445596098899841,768,aac2abef24701290
0,1.034482717514038,558,0c044b4bcb7a9db0
0,0.97663551568985,512,89d739d0f0ac72f5
1,0.8590308427810669,595,ai_the_thao_0265_gemini-3.7-flash
0,0.9620253443717957,351,d2fae34ca1a610bd
0,0.9087591171264648,768,8a4f32d164601c05
1,0.8755555748939514,513,ai_chinh_tri_0535_gemini-3.7-flash
1,0.8617021441459656,686,ai_xa_hoi_0354_GPT-5.6 Luna
1,0.9910714030265808,550,ai_van_hoa_0746_gemini-3.7-flash
1,0.867521345615387,600,ai_giao_duc_0233_gemini-3.7-flash
1,0.8426573276519775,684,ai_xa_hoi_0128_GPT-5.6 Luna
0,1.058823585510254,768,2da51ce352e5ece5
1,0.8733624219894409,545,ai_chinh_tri_0660_gemini-3.7-flash
0,0.9803921580314636,768,215e6901a1093bb5
0,1.0329217910766602,768,37cfd5826196fd3a
0,1.04347825050354,602,0e5ceb03354dc9c5
0,0.9868420958518982,703,49089f9dbde094d6
0,0.8712121248245239,512,eed61da40b76062f
0,0.921739101409912,602,0f223609836cb1e5
0,0.9115384817123412,768,05df41a996be50bb
0,0.9904761910438538,512,321cea76b13aaada
1,0.8601398468017578,684,ai_the_thao_0371_GPT-5.6 Luna
1,0.8426573276519775,686,ai_xa_hoi_0674_GPT-5.6 Luna
0,1.0927152633666992,676,f23cd1dfe20f8460
1,0.8500000238418579,685,ai_van_hoa_0091_GPT-5.6 Luna
1,0.8804348111152649,686,ai_giao_duc_0535_GPT-5.6 Luna
0,0.9528301954269408,564,1830f9601ae5e698
1,0.8617021441459656,685,ai_giao_duc_0160_GPT-5.6 Luna
1,0.8840579986572266,684,ai_chinh_tri_0197_GPT-5.6 Luna
1,0.8978102207183838,686,ai_kinh_te_0067_GPT-5.6 Luna
1,0.8731883764266968,684,ai_chinh_tri_0173_GPT-5.6 Luna
1,0.8521126508712769,683,ai_xa_hoi_0408_GPT-5.6 Luna
0,0.918367326259613,665,c5236189b40717ab
0,0.9673202633857728,519,5de61487b87f88a9
1,0.9531915187835692,531,ai_xa_hoi_0270_gemini-3.7-flash
1,0.8735178112983704,644,ai_kinh_te_0389_gemini-3.7-flash
1,0.8755555748939514,513,ai_chinh_tri_0287_gemini-3.7-flash
0,0.932330846786499,541,c912fde5f07875d6
0,0.949999988079071,586,1ee78e6d17349d19
0,1.037593960762024,560,e412114551dac3f2
0,0.9482071995735168,570,bca300f6e89175e1
0,1.068376064300537,512,c6612a810e175683
1,0.9166666865348816,514,ai_kinh_te_0316_gemini-3.7-flash
1,0.8991228342056274,565,ai_chinh_tri_0338_gemini-3.7-flash
0,1.0275862216949463,768,95bc554591f494d5
1,0.8515625,567,ai_kinh_te_0414_gemini-3.7-flash
1,0.8571428656578064,684,ai_chinh_tri_0648_GPT-5.6 Luna
0,0.946308732032776,768,9f9a9d1b1c7dbc75
0,1.013574719429016,512,9ad4e35a347c1451
1,0.8617021441459656,685,ai_van_hoa_0792_GPT-5.6 Luna
1,0.8439716100692749,684,ai_van_hoa_0253_GPT-5.6 Luna
1,0.8799999952316284,554,ai_the_thao_0051_gemini-3.7-flash
1,0.8759124279022217,685,ai_chinh_tri_0633_GPT-5.6 Luna
0,1.0039840936660769,400,70522303907efefb
0,0.9848484992980956,754,590a62d4334c45cf
1,0.8515625,567,ai_kinh_te_0606_gemini-3.7-flash
1,0.912350594997406,515,ai_kinh_te_0016_gemini-3.7-flash
1,0.8829787373542786,686,ai_giao_duc_0766_GPT-5.6 Luna
0,0.9759036302566528,768,d83d57cf333309b1
1,0.8571428656578064,685,ai_van_hoa_0579_GPT-5.6 Luna
0,0.9862068891525269,561,692adfb92dadeb82
0,1.0505050420761108,657,9efb823ec47e678d
0,1.0119047164916992,692,103079db03e8b304
1,0.8795620203018188,684,ai_kinh_te_0767_GPT-5.6 Luna
1,0.9531915187835692,531,ai_xa_hoi_0550_gemini-3.7-flash
1,0.8473895788192749,521,ai_the_thao_0620_gemini-3.7-flash
0,1.0128204822540283,660,473cfa12891394de
1,0.8515625,567,ai_kinh_te_0310_gemini-3.7-flash
1,0.8472222089767456,685,ai_kinh_te_0465_GPT-5.6 Luna
1,0.9910714030265808,550,ai_van_hoa_0650_gemini-3.7-flash
1,0.8782608509063721,547,ai_van_hoa_0420_gemini-3.7-flash
1,0.8450704216957092,684,ai_the_thao_0496_GPT-5.6 Luna
0,0.983263611793518,512,8d1540e6e34f5520
1,0.8556337952613831,685,ai_van_hoa_0154_GPT-5.6 Luna
1,0.8571428656578064,685,ai_van_hoa_0203_GPT-5.6 Luna
1,0.8782608509063721,547,ai_van_hoa_0316_gemini-3.7-flash
1,0.8546099066734314,685,ai_giao_duc_0736_GPT-5.6 Luna
1,0.9404255151748656,533,ai_xa_hoi_0018_gemini-3.7-flash
0,1.0,511,e86bbf4753f62acd
1,0.8804348111152649,686,ai_giao_duc_0588_GPT-5.6 Luna
0,0.9204545617103576,512,cb54b1f8b6b35fe7
1,0.9004328846931458,566,ai_chinh_tri_0462_gemini-3.7-flash
1,0.85447758436203,530,ai_kinh_te_0703_gemini-3.7-flash
1,0.9242424368858336,596,ai_chinh_tri_0281_gemini-3.7-flash
1,0.925110161304474,599,ai_giao_duc_0701_gemini-3.7-flash
1,0.8410041928291321,531,ai_the_thao_0342_gemini-3.7-flash
1,0.8410041928291321,531,ai_the_thao_0510_gemini-3.7-flash
1,0.8286713361740112,685,ai_van_hoa_0736_GPT-5.6 Luna
1,0.8617021441459656,686,ai_xa_hoi_0090_GPT-5.6 Luna
0,0.9748743772506714,696,a8112f60658938c2
1,0.9037036895751952,686,ai_giao_duc_0635_GPT-5.6 Luna
1,0.9383260011672974,551,ai_van_hoa_0278_gemini-3.7-flash
0,0.9594594836235046,640,ad2ff8f306524ed2
1,0.9004328846931458,566,ai_chinh_tri_0238_gemini-3.7-flash
0,1.0083682537078855,512,53c684d61485c937
1,0.8515625,567,ai_kinh_te_0638_gemini-3.7-flash
1,0.8888888955116272,643,ai_kinh_te_0249_gemini-3.7-flash
1,0.8733624219894409,545,ai_chinh_tri_0740_gemini-3.7-flash
0,0.9921259880065918,574,c867b10a560744db
0,1.0203251838684082,617,352ead2e6bd44a50
1,0.8623188138008118,685,ai_chinh_tri_0079_GPT-5.6 Luna
1,0.8888888955116272,643,ai_kinh_te_0697_gemini-3.7-flash
0,1.0119760036468506,682,26f0f282e1a12cac
1,0.8733624219894409,545,ai_chinh_tri_0220_gemini-3.7-flash
0,0.971074402332306,721,8a5237ca5fd5c89f
0,0.9491525292396544,672,3bd637393e9f9219
1,0.8991228342056274,565,ai_chinh_tri_0562_gemini-3.7-flash
0,0.945945918560028,572,1807f5a3d6a9844e
0,0.9953488111495972,512,d7099dde3063992a
0,0.9471153616905212,768,cc98508947993d54
1,0.8678571581840515,686,ai_kinh_te_0613_GPT-5.6 Luna
1,0.8840579986572266,686,ai_giao_duc_0639_GPT-5.6 Luna
0,0.9929078221321106,512,9d606506edc649fc
1,0.8723404407501221,685,ai_chinh_tri_0488_GPT-5.6 Luna
1,0.85447758436203,530,ai_kinh_te_0071_gemini-3.7-flash
0,0.943181812763214,700,05d38be7e004ae52
0,0.9350649118423462,512,50487baaafbd03b6
1,0.8723404407501221,686,ai_kinh_te_0769_GPT-5.6 Luna
1,0.8528138399124146,575,ai_van_hoa_0345_gemini-3.7-flash
1,0.8623188138008118,684,ai_chinh_tri_0810_GPT-5.6 Luna
0,1.0129870176315308,612,e16ed53f14399eac
0,0.9470198750495912,768,e1cc33a785e590d6
1,0.9242424368858336,596,ai_chinh_tri_0225_gemini-3.7-flash
1,0.8483412265777588,560,ai_giao_duc_0679_gemini-3.7-flash
0,0.9563106894493104,512,2f06663537c3e0d5
1,0.895652174949646,545,ai_chinh_tri_0344_gemini-3.7-flash
0,1.0,512,e5961cee98aa3df4
0,0.7830188870429993,652,e05f1fd7dd6e4d79
0,0.9852941036224364,673,b23098d46e0bddb3
1,0.8496503233909607,686,ai_van_hoa_0592_GPT-5.6 Luna
0,0.964028775691986,768,a98832bbfcd73e8b
0,0.9714285731315612,629,81028d912f6fae5f
0,1.0680272579193115,592,11eacf139ca89d45
1,0.8525179624557495,684,ai_van_hoa_0131_GPT-5.6 Luna
1,0.866906464099884,684,ai_van_hoa_0414_GPT-5.6 Luna
0,1.1034482717514038,618,724ff49a4e238f61
1,0.8755555748939514,513,ai_chinh_tri_0423_gemini-3.7-flash
0,0.9677419066429138,669,64bed293d5f95d63
0,0.9271523356437684,727,de10dcb3bb7b1bb3
1,0.8859649300575256,518,ai_giao_duc_0026_gemini-3.7-flash
1,0.9037036895751952,684,ai_giao_duc_0594_GPT-5.6 Luna
0,0.9637096524238586,768,57903c4454d607fd
0,0.9785714149475098,562,a6f112d985c1e020
1,0.9404255151748656,533,ai_xa_hoi_0458_gemini-3.7-flash
0,0.969465672969818,512,b42ee7796276c77f
0,1.0152671337127686,512,4e5ad1d88978c64a
1,0.8690476417541504,568,ai_kinh_te_0434_gemini-3.7-flash
1,0.8410041928291321,531,ai_the_thao_0206_gemini-3.7-flash
1,0.9910714030265808,550,ai_van_hoa_0250_gemini-3.7-flash
1,0.8607142567634583,684,ai_chinh_tri_0240_GPT-5.6 Luna
0,1.0300428867340088,768,39abe0e2cd600f4b
0,0.9884393215179444,768,d4668924baa8fd31
1,0.9404255151748656,533,ai_xa_hoi_0354_gemini-3.7-flash
1,0.8582996129989624,521,ai_the_thao_0788_gemini-3.7-flash
1,0.8829787373542786,685,ai_the_thao_0538_GPT-5.6 Luna
1,0.8652482032775879,686,ai_chinh_tri_0411_GPT-5.6 Luna
0,0.9561753273010254,579,716d1fa70978ccb1
1,0.8759124279022217,686,ai_xa_hoi_0395_GPT-5.6 Luna
1,0.8219696879386902,555,ai_van_hoa_0111_gemini-3.7-flash
1,0.8741007447242737,685,ai_xa_hoi_0771_GPT-5.6 Luna
0,0.9924812316894532,768,3c928e8e9ff14bfd
0,1.152866244316101,521,ecf8ed750fce00dd
1,0.8873239159584045,686,ai_the_thao_0073_GPT-5.6 Luna
0,0.9925373196601868,512,6062f073fcedde71
0,0.97265625,699,0525a9d1bc1d39a9
0,0.9864864945411682,646,1e07be8ba07386b6
0,0.9738562107086182,768,e8c4e21da8e2c63f
1,0.8360000252723694,557,ai_van_hoa_0755_gemini-3.7-flash
0,0.9230769276618958,610,4c5f47ae43978a60
0,1.0279719829559326,385,14df1ba682189e23
1,0.9313304424285888,569,ai_xa_hoi_0829_gemini-3.7-flash
1,0.828000009059906,529,ai_the_thao_0306_gemini-3.7-flash
0,1.059701442718506,512,7788793f58ed4b3e
0,0.948905110359192,605,cb3eac190ced6dd6
0,0.9344978332519532,512,b86017326fa25cfc
1,0.912350594997406,515,ai_kinh_te_0368_gemini-3.7-flash
1,0.8925926089286804,684,ai_giao_duc_0106_GPT-5.6 Luna
0,0.9617021083831788,588,1a88db971ed82d48
0,0.9626865386962892,586,3bac755da6397949
0,0.9424460530281068,671,0ea93e0e16130544
1,0.8776978254318237,686,ai_xa_hoi_0545_GPT-5.6 Luna
1,0.8219696879386902,555,ai_van_hoa_0319_gemini-3.7-flash
0,1.0441176891326904,566,85f213868001342a
1,0.8546099066734314,686,ai_xa_hoi_0642_GPT-5.6 Luna
0,0.9514170289039612,512,ac03601d09724b97
0,0.9502074718475342,613,92e172b75bf08818
0,1.0,680,f2fe17d4c75e67fe
1,0.8738738894462585,530,ai_giao_duc_0148_gemini-3.7-flash
1,0.8510638475418091,684,ai_van_hoa_0441_GPT-5.6 Luna
0,0.967479646205902,512,fe658cc1bb98d07d
1,0.8686131238937378,684,ai_giao_duc_0329_GPT-5.6 Luna
0,0.9353448152542114,677,1bbd09e9c48e6414
0,1.0073529481887815,512,5720f6551522939d
1,0.8991228342056274,565,ai_chinh_tri_0346_gemini-3.7-flash
1,0.9230769276618958,494,ai_xa_hoi_0116_gemini-3.7-flash
1,0.8607142567634583,684,ai_chinh_tri_0120_GPT-5.6 Luna
1,0.895652174949646,545,ai_chinh_tri_0808_gemini-3.7-flash
1,0.866906464099884,685,ai_chinh_tri_0098_GPT-5.6 Luna
0,0.9065040946006776,617,be8cd2ffdecdbbed
1,0.9531915187835692,531,ai_xa_hoi_0446_gemini-3.7-flash
0,0.9714285731315612,744,89971d697291e481
0,0.9929078221321106,512,48bfa851ffadbefe
0,0.9222221970558168,625,d16bb24238cafe43
0,0.866310179233551,654,ef0d1aa10e14d366
0,0.9041095972061156,729,2f4536c012c70919
1,0.8623188138008118,685,ai_van_hoa_0027_GPT-5.6 Luna
1,0.8888888955116272,643,ai_kinh_te_0185_gemini-3.7-flash
1,0.8799999952316284,554,ai_the_thao_0379_gemini-3.7-flash
0,0.9672130942344666,608,8db31ac29129f821
0,0.936170220375061,728,cddbc23a9f798b54
0,0.914893627166748,768,5529e62ce61c10c0
1,0.8741258978843689,686,ai_xa_hoi_0028_GPT-5.6 Luna
0,0.9637096524238586,768,54fabfb9e02611b3
0,1.04347825050354,768,2b290aeff1dc2a8b
1,0.828000009059906,529,ai_the_thao_0362_gemini-3.7-flash
0,1.0647481679916382,632,98af17cc68b64b53
0,0.91304349899292,512,26a819d8d0164518
1,0.8758864998817444,685,ai_kinh_te_0542_GPT-5.6 Luna
0,0.942307710647583,545,2b459376395dbc31
0,1.09375,512,619974aa4773d82b
0,0.9701492786407472,626,4c14defd96302316
0,0.9874476790428162,551,3ea283c1c4a52b19
0,1.027667999267578,512,a11e5bf6371e4ae1
0,1.047619104385376,512,9609cc471904e6cf
1,0.8888888955116272,643,ai_kinh_te_0593_gemini-3.7-flash
1,0.8804348111152649,685,ai_xa_hoi_0481_GPT-5.6 Luna
0,0.9870129823684692,562,2af59c50036ba8f6
1,0.8546099066734314,685,ai_van_hoa_0185_GPT-5.6 Luna
1,0.886956512928009,596,ai_the_thao_0333_gemini-3.7-flash
1,0.8360000252723694,557,ai_van_hoa_0195_gemini-3.7-flash
0,0.985401451587677,630,c2453ae6968f9f0d
1,0.8590308427810669,595,ai_the_thao_0593_gemini-3.7-flash
1,0.9014084339141846,550,ai_xa_hoi_0663_gemini-3.7-flash
1,0.8464285731315613,684,ai_kinh_te_0778_GPT-5.6 Luna
1,0.9166666865348816,514,ai_kinh_te_0820_gemini-3.7-flash
1,0.8333333134651184,530,ai_kinh_te_0539_gemini-3.7-flash
0,0.9932432174682616,608,a0ced89f39759c26
1,0.8617021441459656,685,ai_kinh_te_0563_GPT-5.6 Luna
0,0.929411768913269,768,6ecbd0a72c9b1f4e
1,0.8219696879386902,555,ai_van_hoa_0527_gemini-3.7-flash
1,0.8453237414360046,684,ai_van_hoa_0117_GPT-5.6 Luna
1,0.8617021441459656,685,ai_xa_hoi_0238_GPT-5.6 Luna
0,1.023809552192688,768,2b1e2ec46d3c9234
0,0.9816513657569884,705,65da441d0d0e15b1
0,0.9878542423248292,512,1f723947aac9d6d7
1,0.8556337952613831,686,ai_xa_hoi_0597_GPT-5.6 Luna
1,0.8738738894462585,530,ai_giao_duc_0740_gemini-3.7-flash
0,0.920634925365448,768,65b65189bde96539
1,0.84375,685,ai_van_hoa_0823_GPT-5.6 Luna
1,0.8652482032775879,686,ai_van_hoa_0705_GPT-5.6 Luna
1,0.8741007447242737,686,ai_kinh_te_0728_GPT-5.6 Luna
0,0.9074074029922484,512,c34342fe3243303d
0,1.0278884172439575,512,cb6e2a28d626d845
0,0.9601593613624572,768,82d69574550345dd
1,0.8527397513389587,686,ai_the_thao_0653_GPT-5.6 Luna
0,0.9596773982048036,534,797662a553efe12d
1,0.8733624219894409,545,ai_chinh_tri_0644_gemini-3.7-flash
1,0.8888888955116272,643,ai_kinh_te_0529_gemini-3.7-flash
0,0.9811320900917052,501,0aab9b30fe2fb381
1,0.8389830589294434,554,ai_the_thao_0135_gemini-3.7-flash
1,0.8755555748939514,513,ai_chinh_tri_0703_gemini-3.7-flash
0,0.9370370507240297,768,7b6cc0fd691faad4
1,0.8799999952316284,554,ai_the_thao_0123_gemini-3.7-flash
0,0.940928280353546,507,5ec4b8451ffee4b9
0,1.068493127822876,678,6fb412f0a635595b
1,0.8840579986572266,686,ai_giao_duc_0279_GPT-5.6 Luna
0,0.970802903175354,512,6ff6750ee09103b8
1,0.9230769276618958,494,ai_xa_hoi_0132_gemini-3.7-flash
0,1.0116958618164062,512,497507cd5f75793e
0,0.9142857193946838,632,c4f5065f388a7e52
0,1.0264900922775269,673,caef1ff60a9f35ba
1,0.8633093237876892,686,ai_chinh_tri_0659_GPT-5.6 Luna
1,0.8840579986572266,686,ai_giao_duc_0759_GPT-5.6 Luna
1,0.8546099066734314,684,ai_the_thao_0760_GPT-5.6 Luna
1,0.8423236608505249,517,ai_giao_duc_0414_gemini-3.7-flash
1,0.8714285492897034,685,ai_the_thao_0507_GPT-5.6 Luna
1,0.912350594997406,515,ai_kinh_te_0304_gemini-3.7-flash
1,0.831932783126831,531,ai_the_thao_0830_gemini-3.7-flash
1,0.8888888955116272,518,ai_chinh_tri_0099_gemini-3.7-flash
0,0.9419642686843872,610,ae8b195a68611dba
1,0.8345070481300354,684,ai_xa_hoi_0080_GPT-5.6 Luna
1,0.8341013789176941,561,ai_giao_duc_0371_gemini-3.7-flash
0,1.0227272510528564,540,71826ad864e876f5
1,0.8445945978164673,684,ai_the_thao_0751_GPT-5.6 Luna
0,1.035573124885559,614,8ae464e2336afb2b
0,0.9953488111495972,630,853e0ef102b8c222
0,1.0255318880081177,512,e23acb9282f6093d
1,0.8690476417541504,568,ai_kinh_te_0466_gemini-3.7-flash
0,1.0,611,84a66a7a5288a0b9
1,0.8782608509063721,547,ai_van_hoa_0364_gemini-3.7-flash
0,0.9717513918876648,577,68fec27e22906f36
0,1.057554006576538,590,b54a9fa675435852
1,0.8738738894462585,530,ai_giao_duc_0044_gemini-3.7-flash
1,0.8821428418159485,686,ai_giao_duc_0398_GPT-5.6 Luna
0,1.03125,512,f141c13aaeb47799
1,0.8541666865348816,686,ai_the_thao_0554_GPT-5.6 Luna
1,0.8472222089767456,685,ai_van_hoa_0354_GPT-5.6 Luna
1,0.9037036895751952,684,ai_kinh_te_0124_GPT-5.6 Luna
0,1.0,657,dd98a6099f5300c0
0,0.9881889820098876,674,aed0002bb42c8b0c
0,1.040816307067871,768,0db6f6c11cacf8d5
0,1.075187921524048,659,fcecbd9e7737d4ee
1,0.8601398468017578,684,ai_chinh_tri_0548_GPT-5.6 Luna
0,0.9762845635414124,512,b1d535550d931e20
1,0.8865247964859009,686,ai_giao_duc_0198_GPT-5.6 Luna
0,1.0733333826065063,512,e768c900f9b478e5
1,0.8678571581840515,686,ai_chinh_tri_0026_GPT-5.6 Luna
1,0.9194915294647216,497,ai_xa_hoi_0032_gemini-3.7-flash
0,1.0128204822540283,768,97a347eb3fd67d54
0,0.980861246585846,768,3c6d135359081dc7
1,0.8389830589294434,554,ai_the_thao_0671_gemini-3.7-flash
0,0.9621211886405944,674,dadc2163a1a24c5f
1,0.9004328846931458,566,ai_chinh_tri_0654_gemini-3.7-flash
0,0.9719626307487488,528,882e39209303d70b
1,0.9242424368858336,596,ai_chinh_tri_0353_gemini-3.7-flash
0,0.9777777791023254,559,567e43a75dc0d376
0,1.0199203491210938,623,23241e5bb6dbdc03
1,0.912350594997406,515,ai_kinh_te_0568_gemini-3.7-flash
0,0.9795918464660645,511,eb7add02c658a2fb
0,1.0,507,723147a745f3aa1b
0,0.8910890817642212,705,c11e2fcb18c8104f
1,0.8799999952316284,554,ai_the_thao_0779_gemini-3.7-flash
0,0.9954751133918762,768,d4ca688ff12ad523
1,0.867521345615387,600,ai_giao_duc_0321_gemini-3.7-flash
1,0.8804348111152649,686,ai_giao_duc_0420_GPT-5.6 Luna
0,0.8980891704559326,768,0f648395d0ca3b7c
1,0.8755555748939514,513,ai_chinh_tri_0279_gemini-3.7-flash
1,0.8649635314941406,684,ai_kinh_te_0170_GPT-5.6 Luna
0,0.9120000004768372,669,036af0b6f19db7b0
0,0.9742489457130432,631,45a7a15f111cfaf2
1,0.84375,684,ai_chinh_tri_0820_GPT-5.6 Luna
0,1.0404623746871948,768,e35dab70a8a5e200
0,1.077380895614624,738,33baed25100969b0
1,0.9014084339141846,550,ai_xa_hoi_0071_gemini-3.7-flash
1,0.8531468510627747,686,ai_the_thao_0205_GPT-5.6 Luna
0,0.8913043737411499,557,b7e0fafc5754cc6f
0,1.0386265516281128,512,badea74420aa8692
0,1.008888840675354,512,8a71b7a55bb8e1f6
0,0.9930070042610168,694,64600e5f83714fa2
1,0.8586956262588501,685,ai_chinh_tri_0254_GPT-5.6 Luna
0,1.008230447769165,630,850555afcc087a76
1,0.8758864998817444,686,ai_kinh_te_0051_GPT-5.6 Luna
0,1.0223881006240845,768,1e77c7d473d05c25
0,1.157894730567932,535,8710025352ebd679
0,1.0988142490386963,508,fa9cf9de0084e40a
1,0.8391608595848083,684,ai_the_thao_0304_GPT-5.6 Luna
0,0.9354838728904724,512,68b721675534f21b
1,0.8859649300575256,518,ai_giao_duc_0290_gemini-3.7-flash
0,1.004328966140747,768,d5a0a546aaa40ca8
1,0.9194915294647216,497,ai_xa_hoi_0784_gemini-3.7-flash
0,1.0620155334472656,512,d29a1ffe54cc7e16
1,0.8528138399124146,575,ai_van_hoa_0305_gemini-3.7-flash
0,0.8786610960960388,512,cbf8eb951d6af630
0,1.029940128326416,704,533ac5140b0fe28e
0,1.0379747152328491,512,115aa96a7ac82a08
0,1.0,663,c8c7a777c5714f4a
0,1.0223881006240845,703,3d19e3f8a811a3cc
1,0.8925926089286804,684,ai_giao_duc_0226_GPT-5.6 Luna
0,1.0129870176315308,682,c48038100b3ed8c2
1,0.8510638475418091,686,ai_xa_hoi_0014_GPT-5.6 Luna
1,0.8401360511779785,684,ai_the_thao_0127_GPT-5.6 Luna
1,0.9227467775344848,570,ai_xa_hoi_0097_gemini-3.7-flash
1,0.9067164063453674,684,ai_giao_duc_0162_GPT-5.6 Luna
0,1.0,570,07cdbc83e38cb037
1,0.85447758436203,530,ai_kinh_te_0159_gemini-3.7-flash
0,0.9775784611701964,512,cfbd2b05d38ccd21
1,0.8991228342056274,565,ai_chinh_tri_0786_gemini-3.7-flash
1,0.8661971688270569,686,ai_the_thao_0204_GPT-5.6 Luna
1,0.8782608509063721,547,ai_van_hoa_0404_gemini-3.7-flash
0,1.0325202941894531,604,6a2fa71b98feec7f
0,1.0,768,a19a97fa7ee269b9
0,1.0444444417953491,201,c957e986827798d7
1,0.8991228342056274,565,ai_chinh_tri_0394_gemini-3.7-flash
1,0.8794642686843872,544,ai_van_hoa_0048_gemini-3.7-flash
1,0.8731883764266968,684,ai_van_hoa_0038_GPT-5.6 Luna
1,0.8966942429542542,497,ai_xa_hoi_0808_gemini-3.7-flash
0,0.9821428656578064,768,d522664e367ccb3b
0,1.0072463750839231,512,ecf15f0ea6ecf43d
1,0.8992537260055542,685,ai_xa_hoi_0047_GPT-5.6 Luna
1,0.8859649300575256,518,ai_giao_duc_0794_gemini-3.7-flash
1,0.8759124279022217,684,ai_chinh_tri_0383_GPT-5.6 Luna
0,0.9465649127960204,547,69835a8ba53ad888
1,0.8515625,567,ai_kinh_te_0134_gemini-3.7-flash
1,0.8391608595848083,684,ai_the_thao_0088_GPT-5.6 Luna
1,0.8695651888847351,684,ai_chinh_tri_0095_GPT-5.6 Luna
0,1.0070922374725342,512,6b093e11db6c09f4
1,0.8458904027938843,685,ai_the_thao_0228_GPT-5.6 Luna
1,0.925110161304474,599,ai_giao_duc_0637_gemini-3.7-flash
1,0.8767605423927307,686,ai_xa_hoi_0212_GPT-5.6 Luna
1,0.8546099066734314,684,ai_van_hoa_0466_GPT-5.6 Luna
0,1.0230768918991089,663,efc54382710113d9
0,1.0714285373687744,768,6eb7c9a03faa8f64
0,1.0277777910232544,655,0b9c0eda31ea3ef0
1,0.8617021441459656,685,ai_van_hoa_0672_GPT-5.6 Luna
1,0.8888888955116272,643,ai_kinh_te_0409_gemini-3.7-flash
0,1.049180269241333,510,4b62594485c68de5
1,0.8496503233909607,686,ai_xa_hoi_0546_GPT-5.6 Luna
1,0.8546099066734314,685,ai_xa_hoi_0518_GPT-5.6 Luna
0,0.9439252614974976,512,28da39430a445045
1,0.895652174949646,545,ai_chinh_tri_0392_gemini-3.7-flash
0,0.9586206674575806,768,03a8c1928ac5fe90
0,1.0642857551574707,642,e7453a6fc5ff1e9e
1,0.8723404407501221,685,ai_giao_duc_0072_GPT-5.6 Luna
1,0.8829787373542786,685,ai_kinh_te_0099_GPT-5.6 Luna
0,0.9553571343421936,500,f0324da00a039324
1,0.8571428656578064,684,ai_chinh_tri_0408_GPT-5.6 Luna
1,0.8731883764266968,686,ai_xa_hoi_0747_GPT-5.6 Luna
1,0.9227467775344848,570,ai_xa_hoi_0265_gemini-3.7-flash
1,0.8695651888847351,685,ai_giao_duc_0620_GPT-5.6 Luna
1,0.8617021441459656,684,ai_van_hoa_0506_GPT-5.6 Luna
1,0.8546099066734314,685,ai_van_hoa_0665_GPT-5.6 Luna
0,0.901960790157318,768,b4097f3e50d946f5
1,0.8785714507102966,685,ai_kinh_te_0822_GPT-5.6 Luna
0,0.9925925731658936,709,048449c64cbd8144
1,0.8483412265777588,560,ai_giao_duc_0551_gemini-3.7-flash
1,0.8884891867637634,686,ai_kinh_te_0046_GPT-5.6 Luna
1,0.8952381014823914,595,ai_chinh_tri_0549_gemini-3.7-flash
1,0.8617021441459656,684,ai_the_thao_0632_GPT-5.6 Luna
1,0.8633093237876892,684,ai_chinh_tri_0327_GPT-5.6 Luna
0,1.0289855003356934,512,50854559ba7bd3d4
0,0.9502487778663636,768,0148603eac1ff078
1,0.9404255151748656,533,ai_xa_hoi_0546_gemini-3.7-flash
0,0.9875776171684264,768,e141aece72a9bc52
1,0.8528138399124146,575,ai_van_hoa_0649_gemini-3.7-flash
0,1.100000023841858,674,aedfc33d1c48d01e
1,0.8546099066734314,686,ai_kinh_te_0043_GPT-5.6 Luna
0,0.9751552939414978,768,0bbbe6d14eea088b
1,0.9230769276618958,494,ai_xa_hoi_0444_gemini-3.7-flash
0,0.9465649127960204,639,d1c58a833e9b5a75
0,1.0,768,bfd301d70b30daf8
1,0.8576388955116272,685,ai_van_hoa_0799_GPT-5.6 Luna
1,0.8439716100692749,686,ai_xa_hoi_0221_GPT-5.6 Luna
1,0.8586956262588501,686,ai_kinh_te_0445_GPT-5.6 Luna
0,1.0297619104385376,512,db4f3dc985c50a55
0,0.9436089992523192,512,1d27c8261b7f0478
0,0.9802631735801696,609,005158288f1b2e6d
0,0.9770992398262024,558,4614c64b3e9a1522
0,0.926086962223053,512,8f693af920befc57
0,0.9292929172515868,532,51ebbd92eeb5b2cf
0,1.0071429014205933,576,260f3f6b6d46f4e5
1,0.8690476417541504,568,ai_kinh_te_0370_gemini-3.7-flash
1,0.8590308427810669,595,ai_the_thao_0361_gemini-3.7-flash
1,0.9227467775344848,570,ai_xa_hoi_0049_gemini-3.7-flash
0,1.0081967115402222,532,139c233476640bc7
1,0.8333333134651184,530,ai_kinh_te_0643_gemini-3.7-flash
0,0.9585492014884948,512,e09416ccbe76a11d
0,1.0215827226638794,682,a2f48525a805e51d
1,0.8590308427810669,595,ai_the_thao_0137_gemini-3.7-flash
0,0.9568345546722412,593,38cf51f46e000e61
0,0.9613259434700012,411,07384c490a2aa8c2
0,0.9846153855323792,655,cbe323f12d63e930
0,0.9727891087532043,768,ac70c9e497f02af9
1,0.8661971688270569,685,ai_the_thao_0550_GPT-5.6 Luna
1,0.8473895788192749,521,ai_the_thao_0732_gemini-3.7-flash
1,0.8666666746139526,530,ai_giao_duc_0616_gemini-3.7-flash
1,0.895652174949646,545,ai_chinh_tri_0192_gemini-3.7-flash
0,0.9686274528503418,768,3f0ce071cf5e733b
1,0.8617021441459656,684,ai_van_hoa_0746_GPT-5.6 Luna
1,0.8695651888847351,686,ai_xa_hoi_0235_GPT-5.6 Luna
0,1.0223881006240845,703,6d81a3dec7548929
1,0.8859649300575256,518,ai_giao_duc_0178_gemini-3.7-flash
0,1.0612244606018066,622,6eeec512533aeb5b
1,0.8391608595848083,684,ai_the_thao_0448_GPT-5.6 Luna
0,0.9346153736114502,512,d724e3d0ba19ac92
1,0.8389830589294434,554,ai_the_thao_0023_gemini-3.7-flash
1,0.8690476417541504,568,ai_kinh_te_0522_gemini-3.7-flash
1,0.828000009059906,529,ai_the_thao_0698_gemini-3.7-flash
0,1.037500023841858,512,0bf026f7482e8410
0,0.8613138794898987,553,f113097f35f17587
0,1.0672645568847656,508,855dfd207f6d08e7
0,0.96484375,768,cb1b30c716b03894
1,0.8804348111152649,685,ai_chinh_tri_0589_GPT-5.6 Luna
0,0.9959839582443236,768,649958e2520de67a
0,1.0774648189544678,333,b0afcba4cb819d8f
1,0.8840579986572266,686,ai_giao_duc_0084_GPT-5.6 Luna
1,0.8571428656578064,685,ai_kinh_te_0701_GPT-5.6 Luna
0,0.9416058659553528,512,5bf47c284241f5cf
1,0.8546099066734314,685,ai_giao_duc_0376_GPT-5.6 Luna
0,1.029197096824646,768,71cc88a29b694488
1,0.8723404407501221,685,ai_kinh_te_0438_GPT-5.6 Luna
1,0.8341013789176941,561,ai_giao_duc_0579_gemini-3.7-flash
1,0.8584070801734924,544,ai_van_hoa_0224_gemini-3.7-flash
0,0.7228260636329651,768,400ed9aab16ab7c5
1,0.8413792848587036,686,ai_xa_hoi_0458_GPT-5.6 Luna
0,0.9469696879386902,662,5b4cf52e0ad503ab
0,1.0402684211730957,768,49429ca568957e0f
1,0.83984375,555,ai_van_hoa_0039_gemini-3.7-flash
0,0.9783783555030824,651,c9a94a581c9fbc19
1,0.8829787373542786,685,ai_the_thao_0706_GPT-5.6 Luna
0,0.884353756904602,649,592b5cfb0353ddca
0,0.9794238805770874,512,7c76d42b7c799e04
1,0.8799999952316284,554,ai_the_thao_0683_gemini-3.7-flash
0,0.9858155846595764,768,967b1bdcc051300c
1,0.8859649300575256,518,ai_giao_duc_0066_gemini-3.7-flash
0,0.9637681245803832,750,2dc3ab455e04c771
1,0.8333333134651184,530,ai_kinh_te_0307_gemini-3.7-flash
0,0.9385474920272828,647,178c6ac2a919a9ee
0,0.9698275923728944,589,d396d6fc2d38fcd6
1,0.829365074634552,523,ai_the_thao_0160_gemini-3.7-flash
0,0.959999978542328,697,a567ee3292e3c309
1,0.8999999761581421,684,ai_kinh_te_0140_GPT-5.6 Luna
0,0.9045643210411072,621,dddd8970322a2655
0,1.0064102411270142,628,457bbc2e0237579f
0,0.9386503100395204,768,282d4e14c8f0f652
1,0.8758864998817444,685,ai_kinh_te_0182_GPT-5.6 Luna
0,0.9492753744125366,512,83a73ede0d1e6afd
0,0.8834356069564819,512,6912d44bb11c7f81
1,0.8991228342056274,565,ai_chinh_tri_0258_gemini-3.7-flash
0,1.0040816068649292,749,69899189894d87ef
1,0.8777777552604675,684,ai_giao_duc_0369_GPT-5.6 Luna
0,1.0,674,c75e8bb90d2c7398
0,0.8937197923660278,512,ab082a8ee6423a84
0,1.0126582384109497,512,e4858a4185ee04a2
1,0.8758864998817444,685,ai_van_hoa_0375_GPT-5.6 Luna
1,0.9383260011672974,551,ai_van_hoa_0518_gemini-3.7-flash
0,0.966216206550598,768,bc6c3975bf32e887
0,0.987261176109314,768,70804b65a62954b7
1,0.8723404407501221,685,ai_giao_duc_0432_GPT-5.6 Luna
1,0.8514492511749268,684,ai_kinh_te_0162_GPT-5.6 Luna
0,1.030701756477356,686,b7d45ed655453baf
1,0.8614718317985535,575,ai_van_hoa_0033_gemini-3.7-flash
0,0.9869281053543092,768,034b19f868cea759
1,0.8473895788192749,521,ai_the_thao_0012_gemini-3.7-flash
1,0.9067164063453674,685,ai_xa_hoi_0695_GPT-5.6 Luna
1,0.8666666746139526,530,ai_giao_duc_0136_gemini-3.7-flash
1,0.8905109763145447,686,ai_giao_duc_0565_GPT-5.6 Luna
1,0.8590308427810669,595,ai_the_thao_0201_gemini-3.7-flash
1,0.8755555748939514,513,ai_chinh_tri_0783_gemini-3.7-flash
1,0.8804348111152649,685,ai_xa_hoi_0121_GPT-5.6 Luna
0,0.964143455028534,667,190cd14bd79826c7
1,0.8584070801734924,544,ai_van_hoa_0352_gemini-3.7-flash
1,0.8483412265777588,560,ai_giao_duc_0735_gemini-3.7-flash
0,1.0065360069274902,654,ffb8af8c9776ecb2
1,0.84375,685,ai_van_hoa_0103_GPT-5.6 Luna
1,0.9004328846931458,566,ai_chinh_tri_0598_gemini-3.7-flash
1,0.8735178112983704,644,ai_kinh_te_0261_gemini-3.7-flash
0,0.9855072498321532,579,1fdf2bccc89d6d96
0,0.9692307710647584,551,59722ee537b28fe9
1,0.8410041928291321,531,ai_the_thao_0582_gemini-3.7-flash
0,1.0,600,7d1cbb39c9f3599c
1,0.9910714030265808,550,ai_van_hoa_0258_gemini-3.7-flash
0,1.1940298080444336,512,1776729a904ba3ab
1,0.8741007447242737,686,ai_chinh_tri_0264_GPT-5.6 Luna
1,0.8738738894462585,530,ai_giao_duc_0484_gemini-3.7-flash
1,0.8755555748939514,513,ai_chinh_tri_0543_gemini-3.7-flash
0,1.0079364776611328,561,ec4940f2e53ee7af
0,0.9556650519371032,512,566b0594a3a087b6
1,0.8723404407501221,685,ai_giao_duc_0672_GPT-5.6 Luna
1,0.8510638475418091,686,ai_chinh_tri_0475_GPT-5.6 Luna
1,0.8690476417541504,568,ai_kinh_te_0834_gemini-3.7-flash
0,0.9881889820098876,512,e3dc98ffa939d2c2
0,0.9925373196601868,670,2cc25a7ab5dd6fb7
0,0.9900497794151306,515,cfe6eabfc89ebb0b
0,0.9295774698257446,512,36ca470922dd92a8
0,0.9537814855575562,321,b2cfc5ece738aa44
1,0.8785714507102966,686,ai_xa_hoi_0756_GPT-5.6 Luna
1,0.8614718317985535,575,ai_van_hoa_0065_gemini-3.7-flash
0,0.9760956168174744,512,2bec6062fed6a72f
1,0.8868613243103027,686,ai_kinh_te_0272_GPT-5.6 Luna
1,0.8735178112983704,644,ai_kinh_te_0533_gemini-3.7-flash
1,0.8755555748939514,513,ai_chinh_tri_0751_gemini-3.7-flash
0,0.9473684430122375,552,991a9c8ee10cab75
1,0.8483412265777588,560,ai_giao_duc_0511_gemini-3.7-flash
1,0.9531915187835692,531,ai_xa_hoi_0422_gemini-3.7-flash
0,0.9509202241897584,642,6d515384952b4402
1,0.8755555748939514,513,ai_chinh_tri_0583_gemini-3.7-flash
0,0.9849624037742616,632,1dfd17f7534e0896
1,0.8561151027679443,686,ai_kinh_te_0480_GPT-5.6 Luna
1,0.886956512928009,596,ai_the_thao_0141_gemini-3.7-flash
0,0.9728260636329652,768,187a3f3f7463eb85
0,0.9109588861465454,512,876fb06a41d4d5a9
1,0.8576388955116272,686,ai_the_thao_0044_GPT-5.6 Luna
0,1.0080320835113523,512,df0895c6f3a10ea2
1,0.8733624219894409,545,ai_chinh_tri_0052_gemini-3.7-flash
0,0.9527559280395508,512,6cc0fff162f8af1c
1,0.8617021441459656,685,ai_kinh_te_0803_GPT-5.6 Luna
1,0.8341013789176941,561,ai_giao_duc_0027_gemini-3.7-flash
1,0.9242424368858336,596,ai_chinh_tri_0793_gemini-3.7-flash
1,0.8776978254318237,685,ai_kinh_te_0294_GPT-5.6 Luna
1,0.8510638475418091,685,ai_chinh_tri_0126_GPT-5.6 Luna
0,0.9629629850387572,768,e2d6588ae1208a45
1,0.8515625,567,ai_kinh_te_0430_gemini-3.7-flash
1,0.9234449863433838,551,ai_xa_hoi_0467_gemini-3.7-flash
0,0.9430379867553712,768,f1ba3fdc90c5e2b0
0,0.9580152630805968,562,a40f7745c8b65ea6
1,0.9242424368858336,596,ai_chinh_tri_0449_gemini-3.7-flash
1,0.8999999761581421,684,ai_giao_duc_0154_GPT-5.6 Luna
1,0.8840579986572266,686,ai_giao_duc_0335_GPT-5.6 Luna
0,1.056872010231018,512,c4c94e7657f47142
0,0.9558823704719543,636,d97e3f6de8406f43
0,0.954356849193573,695,bcfa079f44dc4a8a
1,0.8469387888908386,684,ai_the_thao_0767_GPT-5.6 Luna
0,0.9496402740478516,564,726f4ccbddf7ad87
0,0.963235318660736,512,ec83b5fcd34c7332
1,0.8410041928291321,531,ai_the_thao_0006_gemini-3.7-flash
0,1.029197096824646,607,14c7177775280875
1,0.8678571581840515,686,ai_chinh_tri_0666_GPT-5.6 Luna
1,0.9279661178588868,569,ai_xa_hoi_0509_gemini-3.7-flash
0,0.9807692170143129,719,ad3c387d1f19fecf
0,0.9432623982429504,559,32e3ffbbd5341789
0,1.0785714387893677,768,793d9062ea752cb7
0,1.0687023401260376,622,5226d89004aa1827
1,0.8591549396514893,687,ai_van_hoa_0788_GPT-5.6 Luna
1,0.8678571581840515,687,ai_van_hoa_0020_GPT-5.6 Luna
0,0.9513888955116272,672,0cacd410757ed457
0,0.9552238583564758,620,faccdb25b1e51075
1,0.8426573276519775,686,ai_xa_hoi_0434_GPT-5.6 Luna
1,0.8389830589294434,554,ai_the_thao_0359_gemini-3.7-flash
0,1.0049999952316284,630,56cc238dc6a66c84
1,0.8510638475418091,686,ai_kinh_te_0768_GPT-5.6 Luna
1,0.8999999761581421,686,ai_giao_duc_0691_GPT-5.6 Luna
0,1.0502091646194458,429,42f901a4c14f6fde
1,0.8423236608505249,517,ai_giao_duc_0230_gemini-3.7-flash
1,0.8804348111152649,685,ai_van_hoa_0372_GPT-5.6 Luna
1,0.9230769276618958,494,ai_xa_hoi_0404_gemini-3.7-flash
1,0.8952381014823914,595,ai_chinh_tri_0173_gemini-3.7-flash
0,1.0076923370361328,707,e55fa226b2378d44
1,0.8652482032775879,684,ai_the_thao_0563_GPT-5.6 Luna
0,1.0130435228347778,750,6d4391022a350474
0,0.9618320465087892,559,9b44ca8f668d7e38
0,1.0073529481887815,671,ced07ea698d97b95
1,0.8546099066734314,686,ai_chinh_tri_0091_GPT-5.6 Luna
0,0.9801324605941772,768,96d95f8c1d72d209
0,0.993630588054657,568,f6c90b1cadb7545c
1,0.8591549396514893,686,ai_van_hoa_0744_GPT-5.6 Luna
0,0.985185205936432,700,a17e5e156f5a2bb4
0,0.9160305261611938,650,d827c2381fc34140
1,0.8735178112983704,644,ai_kinh_te_0621_gemini-3.7-flash
1,0.8181818127632141,555,ai_van_hoa_0823_gemini-3.7-flash
1,0.9227467775344848,570,ai_xa_hoi_0129_gemini-3.7-flash
0,0.8368794322013855,407,7fc9c5ec9a722442
0,0.9597315192222596,768,8777e7510b2804fa
1,0.8848921060562134,686,ai_van_hoa_0675_GPT-5.6 Luna
0,1.030612230300903,512,086e4a8ee02c9789
0,0.9295154213905334,768,c62ddad63661f450
0,0.903930127620697,512,1c0b5b47dd3327ce
1,0.8952381014823914,595,ai_chinh_tri_0333_gemini-3.7-flash
0,0.9409449100494384,537,2c44c55f10914edc
1,0.8733624219894409,545,ai_chinh_tri_0020_gemini-3.7-flash
1,0.886956512928009,596,ai_the_thao_0549_gemini-3.7-flash
1,0.8795620203018188,684,ai_kinh_te_0287_GPT-5.6 Luna
1,0.84375,686,ai_van_hoa_0409_GPT-5.6 Luna
1,0.8531468510627747,685,ai_xa_hoi_0018_GPT-5.6 Luna
0,0.9477911591529846,768,400585f3209a670f
0,0.937062919139862,768,ac9a2e31a8623c44
1,0.8859649300575256,518,ai_giao_duc_0050_gemini-3.7-flash
0,0.8709677457809448,512,c6de9c8563b083df
1,0.8617021441459656,684,ai_van_hoa_0762_GPT-5.6 Luna
0,1.0,768,b8d84831fae6d70d
0,0.9342105388641356,685,d0f3cfe03d9f381b
1,0.902255654335022,684,ai_xa_hoi_0791_GPT-5.6 Luna
1,0.9014084339141846,550,ai_xa_hoi_0823_gemini-3.7-flash
1,0.8840579986572266,684,ai_chinh_tri_0557_GPT-5.6 Luna
1,0.9242424368858336,596,ai_chinh_tri_0057_gemini-3.7-flash
1,0.9111111164093018,684,ai_kinh_te_0748_GPT-5.6 Luna
1,0.8368055820465088,684,ai_van_hoa_0271_GPT-5.6 Luna
0,0.9525862336158752,556,2ce4b2a813e1b735
0,0.987500011920929,611,85495cb52a9998c1
1,0.8952381014823914,595,ai_chinh_tri_0741_gemini-3.7-flash
0,0.9955947399139404,512,96a0959a0dfd5a01
1,0.886956512928009,596,ai_the_thao_0133_gemini-3.7-flash
1,0.8695651888847351,685,ai_xa_hoi_0649_GPT-5.6 Luna
1,0.8840579986572266,686,ai_giao_duc_0405_GPT-5.6 Luna
0,1.0069444179534912,635,f31df720fb37d145
1,0.9242424368858336,596,ai_chinh_tri_0505_gemini-3.7-flash
0,0.8906882405281067,768,5f38f845e3e9133d
1,0.8623188138008118,685,ai_xa_hoi_0331_GPT-5.6 Luna
1,0.829365074634552,523,ai_the_thao_0272_gemini-3.7-flash
1,0.8916084170341492,686,ai_the_thao_0393_GPT-5.6 Luna
0,0.8742138147354126,768,982d65598617532d
1,0.9166666865348816,514,ai_kinh_te_0444_gemini-3.7-flash
1,0.9227467775344848,570,ai_xa_hoi_0577_gemini-3.7-flash
0,0.9850746393203736,768,14021ae69ab85ac2
0,0.9795918464660645,761,1abc0e4e01b6d06d
1,0.8888888955116272,643,ai_kinh_te_0377_gemini-3.7-flash
1,0.829365074634552,523,ai_the_thao_0128_gemini-3.7-flash
1,0.8949275612831116,686,ai_giao_duc_0413_GPT-5.6 Luna
1,0.8690476417541504,568,ai_kinh_te_0826_gemini-3.7-flash
1,0.8561151027679443,685,ai_chinh_tri_0803_GPT-5.6 Luna
1,0.8888888955116272,643,ai_kinh_te_0705_gemini-3.7-flash
0,0.9664429426193236,508,168dd0810c2c0c9c
0,0.9510489702224731,512,785225ddc82f8e02
1,0.829365074634552,523,ai_the_thao_0680_gemini-3.7-flash
1,0.9230769276618958,494,ai_xa_hoi_0156_gemini-3.7-flash
1,0.8848921060562134,685,ai_kinh_te_0478_GPT-5.6 Luna
1,0.867521345615387,600,ai_giao_duc_0785_gemini-3.7-flash
1,0.8617021441459656,684,ai_xa_hoi_0793_GPT-5.6 Luna
0,1.0672645568847656,538,378cfd380f943270
0,0.951127827167511,512,cb39f559524d4306
0,0.9860140085220336,512,d25324e782bcdda9
1,0.8607142567634583,684,ai_van_hoa_0005_GPT-5.6 Luna
1,0.8821428418159485,686,ai_giao_duc_0086_GPT-5.6 Luna
0,1.0279330015182495,638,d404ebc7150ace23
1,0.8868613243103027,685,ai_xa_hoi_0099_GPT-5.6 Luna
0,1.0138888359069824,512,3b15c1865571be52
0,0.907894730567932,512,7d44d95c57677ddd
1,0.8410041928291321,531,ai_the_thao_0110_gemini-3.7-flash
1,0.8678571581840515,687,ai_van_hoa_0140_GPT-5.6 Luna
1,0.8617021441459656,685,ai_giao_duc_0784_GPT-5.6 Luna
1,0.8759124279022217,685,ai_chinh_tri_0153_GPT-5.6 Luna
0,1.0227272510528564,512,4df122b50db35184
1,0.8636363744735718,686,ai_the_thao_0365_GPT-5.6 Luna
1,0.8888888955116272,643,ai_kinh_te_0209_gemini-3.7-flash
1,0.8755555748939514,513,ai_chinh_tri_0671_gemini-3.7-flash
0,1.0625,611,00832270772f0c52
1,0.8341013789176941,561,ai_giao_duc_0707_gemini-3.7-flash
1,0.9014084339141846,550,ai_xa_hoi_0567_gemini-3.7-flash
0,0.9424460530281068,768,c97878824d754e18
0,0.9384615421295166,526,e03e353c4a0e46fe
1,0.8821428418159485,685,ai_kinh_te_0622_GPT-5.6 Luna
1,0.8738738894462585,530,ai_giao_duc_0636_gemini-3.7-flash
1,0.8590308427810669,595,ai_the_thao_0577_gemini-3.7-flash
0,0.945945918560028,582,838e232fdd5b6df9
1,0.8731883764266968,686,ai_xa_hoi_0027_GPT-5.6 Luna
0,1.004098415374756,655,95129f701dff7e39
0,0.9236111044883728,664,6025aac2b03bb569
0,0.9543147087097168,768,bd36232b81246539
1,0.912350594997406,515,ai_kinh_te_0704_gemini-3.7-flash
1,0.8723404407501221,685,ai_the_thao_0532_GPT-5.6 Luna
1,0.8678571581840515,685,ai_kinh_te_0173_GPT-5.6 Luna
1,0.8733624219894409,545,ai_chinh_tri_0268_gemini-3.7-flash
0,0.945945918560028,512,a7f1af056e8f33e0
0,0.987500011920929,631,825c1be1bd19a7dc
1,0.867521345615387,600,ai_giao_duc_0529_gemini-3.7-flash
1,0.8884891867637634,686,ai_kinh_te_0166_GPT-5.6 Luna
0,1.021276593208313,520,a723e672986b5fce
1,0.8795620203018188,684,ai_kinh_te_0527_GPT-5.6 Luna
0,1.0120482444763184,702,a647d1769e9b6b8c
0,1.090395450592041,556,6686169d689131ee
1,0.9227467775344848,570,ai_xa_hoi_0305_gemini-3.7-flash
0,1.0145630836486816,609,4c4e7e40c1747c45
1,0.9234449863433838,551,ai_xa_hoi_0203_gemini-3.7-flash
0,0.956204354763031,512,da188176af4d6d00
0,0.9120879173278807,625,160a041b7baba2a1
1,0.8515625,567,ai_kinh_te_0462_gemini-3.7-flash
0,1.0276497602462769,555,afb1039004386b35
1,0.8690476417541504,568,ai_kinh_te_0754_gemini-3.7-flash
1,0.8345070481300354,684,ai_xa_hoi_0656_GPT-5.6 Luna
0,1.0,512,2f26e3a4e1a879af
0,1.115879774093628,580,4dc9bd7adb161d25
0,0.9298245906829834,689,7ce3f8414c16a904
1,0.8636363744735718,685,ai_xa_hoi_0513_GPT-5.6 Luna
1,0.8717948794364929,596,ai_the_thao_0797_gemini-3.7-flash
1,0.8584070801734924,544,ai_van_hoa_0216_gemini-3.7-flash
0,1.1418439149856567,512,261bd7d13cc5b155
0,0.8947368264198303,569,8bfb9772100d4b13
0,1.0064516067504885,618,894661c9faf1315d
0,1.0191388130187988,539,74e9efc96918dba8
0,0.9716312289237976,768,160b37ff3388e770
0,0.9788732528686525,512,28a86ed3a91e6bc8
0,1.0243902206420898,650,3a48287546689974
0,0.9929078221321106,551,ef751acf1b560eed
0,0.9925373196601868,601,40e271ba0c4e2129
1,0.8633093237876892,685,ai_kinh_te_0826_GPT-5.6 Luna
0,1.1184834241867063,662,66bad684b5d9e1e9
0,0.9503816962242126,768,010267492f249f59
1,0.8461538553237915,683,ai_xa_hoi_0328_GPT-5.6 Luna
0,0.896774172782898,768,6ba23051ac2246eb
1,0.8936170339584351,686,ai_giao_duc_0822_GPT-5.6 Luna
0,0.9729729890823364,512,8bbfc90ce66b81bc
0,1.0046511888504028,512,238ad68f7ee58e53
1,0.8738738894462585,530,ai_giao_duc_0452_gemini-3.7-flash
1,0.8821428418159485,686,ai_giao_duc_0110_GPT-5.6 Luna
1,0.8360000252723694,557,ai_van_hoa_0075_gemini-3.7-flash
1,0.8785714507102966,685,ai_the_thao_0506_GPT-5.6 Luna
0,1.0,768,0152dadf30f0bd9f
1,0.8888888955116272,518,ai_chinh_tri_0627_gemini-3.7-flash
1,0.8652482032775879,686,ai_xa_hoi_0693_GPT-5.6 Luna
1,0.8755555748939514,513,ai_chinh_tri_0175_gemini-3.7-flash
1,0.8731883764266968,685,ai_chinh_tri_0225_GPT-5.6 Luna
1,0.8510638475418091,685,ai_chinh_tri_0606_GPT-5.6 Luna
1,0.9037036895751952,684,ai_kinh_te_0652_GPT-5.6 Luna
1,0.829365074634552,523,ai_the_thao_0056_gemini-3.7-flash
1,0.8527397513389587,686,ai_the_thao_0413_GPT-5.6 Luna
1,0.8633093237876892,684,ai_chinh_tri_0007_GPT-5.6 Luna
0,0.969924807548523,768,af343dbde0c605c1
0,0.9852941036224364,654,ecfa63c86867e2ac
1,0.8717948794364929,596,ai_the_thao_0789_gemini-3.7-flash
0,0.9613733887672424,537,a75f8eb9e1801c96
1,0.8584070801734924,544,ai_van_hoa_0368_gemini-3.7-flash
0,1.0,611,7d4a8a2e31b407f4
1,0.8263888955116272,684,ai_the_thao_0584_GPT-5.6 Luna
1,0.912350594997406,515,ai_kinh_te_0112_gemini-3.7-flash
0,1.057268738746643,445,adb8f714973b353f
1,0.8586956262588501,684,ai_chinh_tri_0562_GPT-5.6 Luna
1,0.8888888955116272,518,ai_chinh_tri_0035_gemini-3.7-flash
1,0.8759124279022217,684,ai_van_hoa_0046_GPT-5.6 Luna
0,0.9743589758872986,627,4096140a78a88d42
0,0.9863013625144958,604,81dce5dfa606373d
0,0.9638554453849792,574,c9f3c8c08bc48cad
0,0.9753086566925048,566,ac9f15cea0141274
1,0.8713235259056091,684,ai_giao_duc_0601_GPT-5.6 Luna
1,0.8528138399124146,575,ai_van_hoa_0145_gemini-3.7-flash
0,1.01129949092865,512,381586c3dd66c2f7
0,1.0,675,3c7daed77639faeb
0,1.0,768,4952b62630b651d9
0,0.9807692170143129,530,9c56a88538974f36
1,0.8741007447242737,686,ai_xa_hoi_0230_GPT-5.6 Luna
1,0.8714285492897034,686,ai_xa_hoi_0070_GPT-5.6 Luna
1,0.8546099066734314,685,ai_van_hoa_0361_GPT-5.6 Luna
0,0.934108555316925,676,0c26226390401139
1,0.8453237414360046,684,ai_van_hoa_0717_GPT-5.6 Luna
0,0.9728682041168212,512,3621ccf07d6c12ac
0,1.0496894121170044,768,3c132fffce6b5c7b
1,0.9111111164093018,684,ai_giao_duc_0554_GPT-5.6 Luna
1,0.8341013789176941,561,ai_giao_duc_0795_gemini-3.7-flash
0,0.9506726264953612,768,1b0e0da1d372ad30
1,0.8623188138008118,684,ai_chinh_tri_0175_GPT-5.6 Luna
0,0.9551281929016112,724,8b1b6791067cf7cb
0,1.0331125259399414,634,239c9b82251e5bb9
1,0.8617021441459656,684,ai_the_thao_0163_GPT-5.6 Luna
1,0.8483412265777588,560,ai_giao_duc_0199_gemini-3.7-flash
1,0.8219696879386902,555,ai_van_hoa_0575_gemini-3.7-flash
1,0.8804348111152649,685,ai_chinh_tri_0469_GPT-5.6 Luna
0,0.964028775691986,719,176290b2c3077354
1,0.8571428656578064,684,ai_the_thao_0232_GPT-5.6 Luna
0,0.9784482717514038,768,04d14c94daa96563
0,0.9629629850387572,576,5e81d64810eb6001
0,1.009345769882202,636,8fa8b65a87a53518
0,1.078313231468201,652,cf4ffe06069a90f1
0,1.0512820482254028,737,d387027c0b831f11
1,0.8607142567634583,685,ai_xa_hoi_0809_GPT-5.6 Luna
0,1.0634920597076416,512,1f69b9445d66c839
1,0.8410041928291321,531,ai_the_thao_0054_gemini-3.7-flash
1,0.8633093237876892,684,ai_chinh_tri_0445_GPT-5.6 Luna
1,0.89552241563797,684,ai_xa_hoi_0199_GPT-5.6 Luna
0,0.957692325115204,512,8ab3f395b285ae96
1,0.8925926089286804,684,ai_giao_duc_0082_GPT-5.6 Luna
0,1.0165975093841553,768,991fe9284ca1b211
0,1.0,512,e0557d91216f6375
0,1.02173912525177,527,be42860ed75d3a0d
1,0.8738738894462585,530,ai_giao_duc_0476_gemini-3.7-flash
0,1.0384615659713743,512,af8fc4da8e1143cc
0,1.0686274766921997,534,47d0842e90369c21
1,0.9004328846931458,566,ai_chinh_tri_0750_gemini-3.7-flash
1,0.8884891867637634,686,ai_giao_duc_0023_GPT-5.6 Luna
0,0.960869550704956,639,f999634f1b6574c0
1,0.8884119987487793,574,ai_van_hoa_0781_gemini-3.7-flash
0,1.0084034204483032,512,1919499c67864c4e
0,0.9591836929321288,512,4398333ee97853d2
0,1.029197096824646,727,350cb729fd88b63b
0,1.0301204919815063,550,a68b4991fd4e0ba2
0,1.0,548,183117e5f4e08810
1,0.8601398468017578,684,ai_chinh_tri_0668_GPT-5.6 Luna
1,0.8472222089767456,686,ai_the_thao_0285_GPT-5.6 Luna
0,1.0140844583511353,512,d06c5b398c35e497
0,0.9184549450874328,763,6717aa455dba4c77
1,0.8991228342056274,565,ai_chinh_tri_0306_gemini-3.7-flash
0,1.005102038383484,768,04eb75483a941fa7
1,0.8733624219894409,545,ai_chinh_tri_0700_gemini-3.7-flash
0,1.018633484840393,512,4d7ab509a55078f3
0,0.9790209531784058,665,fd66b9b99ef6ab17
0,1.0072463750839231,768,ad1b5a04d22fbb08
0,1.0163265466690063,768,cd403184c37862e0
0,0.9586777091026306,596,a996ef2025e4f373
0,1.0944881439208984,644,4f33f58dc5e8ffa9
1,0.925110161304474,599,ai_giao_duc_0621_gemini-3.7-flash
1,0.829365074634552,523,ai_the_thao_0664_gemini-3.7-flash
1,0.8776978254318237,686,ai_xa_hoi_0564_GPT-5.6 Luna
1,0.8633093237876892,684,ai_chinh_tri_0407_GPT-5.6 Luna
0,0.9722222089767456,649,ca7c55c6f121b77f
1,0.8391608595848083,684,ai_xa_hoi_0040_GPT-5.6 Luna
1,0.8738738894462585,530,ai_giao_duc_0748_gemini-3.7-flash
1,0.8799999952316284,554,ai_the_thao_0347_gemini-3.7-flash
0,0.9648241400718688,512,23af642e058e53e3
0,0.9753086566925048,512,04a7d31c7dd3486e
0,1.04054057598114,656,a74610a4e3a17565
1,0.8854166865348816,686,ai_the_thao_0017_GPT-5.6 Luna
0,1.0161290168762207,531,5c267f774211b288
0,0.9615384340286256,512,b908f81bb18555c2
0,1.079470157623291,512,77f52e08faca7d70
0,1.0207253694534302,768,2e22808c12bec3c3
1,0.831932783126831,531,ai_the_thao_0774_gemini-3.7-flash
0,1.0723981857299805,711,992f5ed0aa2135cb
1,0.8401360511779785,684,ai_the_thao_0503_GPT-5.6 Luna
0,0.9621848464012146,562,7bab7cd025ed3be2
1,0.8888888955116272,643,ai_kinh_te_0217_gemini-3.7-flash
0,0.9935897588729858,555,e581b40fb320dab8
1,0.925110161304474,599,ai_giao_duc_0805_gemini-3.7-flash
0,0.9793103337287904,512,edd0016736217111
1,0.9037036895751952,684,ai_kinh_te_0532_GPT-5.6 Luna
1,0.8868613243103027,686,ai_kinh_te_0512_GPT-5.6 Luna
1,0.8733624219894409,545,ai_chinh_tri_0004_gemini-3.7-flash
0,0.9629629850387572,512,f15e27a6995771f2
1,0.8591549396514893,687,ai_van_hoa_0268_GPT-5.6 Luna
1,0.8485915660858154,685,ai_van_hoa_0562_GPT-5.6 Luna
1,0.8423236608505249,517,ai_giao_duc_0542_gemini-3.7-flash
1,0.8576388955116272,685,ai_the_thao_0396_GPT-5.6 Luna
1,0.8723404407501221,685,ai_kinh_te_0609_GPT-5.6 Luna
1,0.8473895788192749,521,ai_the_thao_0028_gemini-3.7-flash
0,0.8776978254318237,671,0ae669cf124e3e6d
0,1.0,512,6f8bcb2f7f8cf97d
1,0.8617021441459656,685,ai_xa_hoi_0593_GPT-5.6 Luna
0,0.9626865386962892,549,eb6da0eb9ce13852
0,0.9659090638160706,768,e5845686f034d8df
1,0.867521345615387,600,ai_giao_duc_0713_gemini-3.7-flash
1,0.829365074634552,523,ai_the_thao_0472_gemini-3.7-flash
0,0.9868995547294616,641,0f29e1d6b58c2644
0,0.9770992398262024,554,9251e823508400ac
1,0.8450704216957092,684,ai_van_hoa_0653_GPT-5.6 Luna
0,0.9808917045593262,512,bf33cb225816bd5d
1,0.8546099066734314,687,ai_van_hoa_0460_GPT-5.6 Luna
0,1.0,502,1f164e9bd085625b
1,0.8546099066734314,684,ai_xa_hoi_0163_GPT-5.6 Luna
0,0.9585253596305848,512,687b83426d94d488
1,0.8860294222831726,684,ai_chinh_tri_0637_GPT-5.6 Luna
1,0.8731883764266968,685,ai_kinh_te_0077_GPT-5.6 Luna
1,0.8636363744735718,685,ai_xa_hoi_0753_GPT-5.6 Luna
0,1.0,631,1baf445b4d6e3f19
1,0.8341013789176941,561,ai_giao_duc_0531_gemini-3.7-flash
1,0.8829787373542786,686,ai_xa_hoi_0076_GPT-5.6 Luna
1,0.8485915660858154,684,ai_xa_hoi_0616_GPT-5.6 Luna
1,0.8755555748939514,513,ai_chinh_tri_0631_gemini-3.7-flash
1,0.8441558480262756,575,ai_van_hoa_0809_gemini-3.7-flash
1,0.8607142567634583,684,ai_giao_duc_0440_GPT-5.6 Luna
1,0.8776978254318237,685,ai_xa_hoi_0046_GPT-5.6 Luna
0,1.010928988456726,512,6288e7a8419cc897
0,0.978723406791687,512,8b253bad2fd389f9
1,0.9166666865348816,514,ai_kinh_te_0764_gemini-3.7-flash
0,0.9861111044883728,651,eeb55fd13e79536a
0,0.8543689250946045,512,28084ab4e7a2fa67
1,0.8840579986572266,686,ai_giao_duc_0133_GPT-5.6 Luna
0,0.94140625,768,ce6d25cb5b7f7643
1,0.8714285492897034,685,ai_the_thao_0062_GPT-5.6 Luna
1,0.8735178112983704,644,ai_kinh_te_0645_gemini-3.7-flash
0,1.0,670,48e9d7564f6a25df
0,1.0809248685836792,768,0402a33df74df0a9
1,0.9531915187835692,531,ai_xa_hoi_0798_gemini-3.7-flash
0,0.9878787994384766,561,dcdb229620fcc3d1
0,0.970802903175354,732,a282749c3657987c
1,0.8991228342056274,565,ai_chinh_tri_0674_gemini-3.7-flash
0,1.019736886024475,676,b6e919ec46466767
1,0.8561151027679443,686,ai_chinh_tri_0763_GPT-5.6 Luna
1,0.9531915187835692,531,ai_xa_hoi_0414_gemini-3.7-flash
1,0.8799999952316284,554,ai_the_thao_0019_gemini-3.7-flash
1,0.8733624219894409,545,ai_chinh_tri_0724_gemini-3.7-flash
1,0.8623188138008118,685,ai_chinh_tri_0337_GPT-5.6 Luna
0,0.9282700419425964,692,a1fadb8ba7d9d6f3
0,0.9444444179534912,681,981946062d68f9f5
1,0.8321917653083801,684,ai_chinh_tri_0540_GPT-5.6 Luna
1,0.8391608595848083,684,ai_the_thao_0424_GPT-5.6 Luna
1,0.8888888955116272,518,ai_chinh_tri_0811_gemini-3.7-flash
1,0.8804348111152649,684,ai_giao_duc_0248_GPT-5.6 Luna
0,0.9195402264595032,520,bb4ce9f03a28ecfb
0,0.9847328066825868,512,9208d9ec4d0731d3
1,0.867521345615387,600,ai_giao_duc_0393_gemini-3.7-flash
0,1.0044052600860596,520,6f1f92f06f0e4872
1,0.8714285492897034,686,ai_xa_hoi_0404_GPT-5.6 Luna
0,0.9921875,570,d8da41ad1c7b92e0
1,0.921641767024994,686,ai_giao_duc_0107_GPT-5.6 Luna
1,0.8848921060562134,685,ai_the_thao_0482_GPT-5.6 Luna
1,0.8426573276519775,684,ai_chinh_tri_0372_GPT-5.6 Luna
1,0.908088207244873,686,ai_giao_duc_0683_GPT-5.6 Luna
1,0.8591549396514893,687,ai_van_hoa_0188_GPT-5.6 Luna
1,0.8813559412956238,574,ai_van_hoa_0293_gemini-3.7-flash
0,1.0602409839630127,519,a5632fefd666f009
1,0.8804348111152649,685,ai_chinh_tri_0641_GPT-5.6 Luna
0,1.125925898551941,614,72d6869689ea6bdc
1,0.8510638475418091,684,ai_van_hoa_0801_GPT-5.6 Luna
0,1.0988372564315796,512,b02e22272d748d3b
0,0.9861111044883728,512,cef6f8c39c7a46c6
0,1.0268456935882568,569,85198d5b0befeab5
1,0.8888888955116272,518,ai_chinh_tri_0003_gemini-3.7-flash
0,0.9240506291389464,768,51cdd4ccb9e3835d
1,0.8601398468017578,684,ai_the_thao_0011_GPT-5.6 Luna
1,0.8829787373542786,686,ai_xa_hoi_0676_GPT-5.6 Luna
0,0.9666666388511658,768,3a1d42784061e460
0,1.0289855003356934,573,7a75615173c28fbb
0,0.9435028433799744,715,a8f2919c64bdb5e0
1,0.8410041928291321,531,ai_the_thao_0566_gemini-3.7-flash
1,0.8840579986572266,684,ai_chinh_tri_0077_GPT-5.6 Luna
1,0.8759124279022217,685,ai_xa_hoi_0419_GPT-5.6 Luna
1,0.8571428656578064,685,ai_van_hoa_0323_GPT-5.6 Luna
1,0.9313304424285888,569,ai_xa_hoi_0813_gemini-3.7-flash
1,0.912350594997406,515,ai_kinh_te_0480_gemini-3.7-flash
1,0.8360000252723694,557,ai_van_hoa_0763_gemini-3.7-flash
0,1.1312217712402344,512,548b14c3b32450ac
1,0.8633093237876892,685,ai_the_thao_0582_GPT-5.6 Luna
0,0.9476439952850342,646,cb3dfeded839e30b
1,0.9154411554336548,685,ai_kinh_te_0716_GPT-5.6 Luna
1,0.895652174949646,545,ai_chinh_tri_0120_gemini-3.7-flash
1,0.8661971688270569,686,ai_xa_hoi_0754_GPT-5.6 Luna
0,0.9736841917037964,512,a8ae795a18a70033
0,1.04347825050354,670,ba0c49c231902f92
0,1.0245901346206665,512,e86171c67eb86f8b
0,1.037593960762024,665,3b9738293261b7a4
1,0.8848921060562134,686,ai_xa_hoi_0540_GPT-5.6 Luna
0,0.9833333492279052,527,8067be2ab7351e6c
1,0.9188033938407898,550,ai_van_hoa_0050_gemini-3.7-flash
1,0.912350594997406,515,ai_kinh_te_0544_gemini-3.7-flash
0,0.9748954176902772,768,b46ede57b7a62f05
1,0.8859649300575256,518,ai_giao_duc_0754_gemini-3.7-flash
0,0.8960000276565552,631,d5ae4db5a3ae7b31
1,0.8755555748939514,513,ai_chinh_tri_0311_gemini-3.7-flash
0,1.130081295967102,602,356c9d0c301bd814
1,0.8738738894462585,530,ai_giao_duc_0292_gemini-3.7-flash
0,1.017937183380127,768,297600487db60e8e
1,0.9004328846931458,566,ai_chinh_tri_0494_gemini-3.7-flash
1,0.8345070481300354,684,ai_xa_hoi_0320_GPT-5.6 Luna
0,0.98046875,768,06739d7a740bb123
0,0.9342105388641356,554,225269ee77ab1cef
0,1.0709677934646606,556,2d3f4580f5b69b09
1,0.8591549396514893,685,ai_kinh_te_0435_GPT-5.6 Luna
0,0.9281045794487,667,1b5c68b84b13a40f
0,1.067669153213501,686,5089051bccfee4a3
0,0.9733333587646484,512,7947856e209113aa
1,0.85447758436203,530,ai_kinh_te_0511_gemini-3.7-flash
0,0.9404761791229248,631,557d31854e57beae
1,0.8714285492897034,685,ai_xa_hoi_0694_GPT-5.6 Luna
1,0.9106382727622986,551,ai_van_hoa_0006_gemini-3.7-flash
0,0.895348846912384,512,56e9a51e3318283d
0,1.0428571701049805,694,e84912916cca20e0
0,0.9861111044883728,567,9491cf377b29c880
1,0.8859649300575256,518,ai_giao_duc_0674_gemini-3.7-flash
1,0.8738738894462585,530,ai_giao_duc_0724_gemini-3.7-flash
0,1.0466666221618652,534,7e48868e78bd130a
1,0.8333333134651184,530,ai_kinh_te_0763_gemini-3.7-flash
0,1.0888888835906982,512,babc8449cfa03501
0,0.8825910687446594,650,5bf94aaeeba5f982
1,0.8341013789176941,561,ai_giao_duc_0675_gemini-3.7-flash
1,0.8784722089767456,686,ai_the_thao_0025_GPT-5.6 Luna
1,0.8759124279022217,686,ai_chinh_tri_0409_GPT-5.6 Luna
1,0.8813559412956238,574,ai_van_hoa_0309_gemini-3.7-flash
1,0.8496503233909607,685,ai_van_hoa_0356_GPT-5.6 Luna
0,1.0333333015441897,539,0b48ce3fea6744be
1,0.8936170339584351,686,ai_giao_duc_0334_GPT-5.6 Luna
1,0.8785714507102966,685,ai_kinh_te_0462_GPT-5.6 Luna
0,1.0219298601150513,512,3a7d04999d2f7556
1,0.8731883764266968,686,ai_kinh_te_0157_GPT-5.6 Luna
1,0.8755555748939514,513,ai_chinh_tri_0135_gemini-3.7-flash
1,0.8483412265777588,560,ai_giao_duc_0591_gemini-3.7-flash
0,1.0263158082962036,645,1c58a13297e45c7f
1,0.8380281925201416,684,ai_the_thao_0576_GPT-5.6 Luna
0,0.958646595478058,512,c1eedf4c831e87c9
1,0.8333333134651184,530,ai_kinh_te_0531_gemini-3.7-flash
1,0.8952381014823914,595,ai_chinh_tri_0253_gemini-3.7-flash
0,0.9642857313156128,711,06c897538797c019
0,0.9490445852279664,768,b13d7dd968050863
0,0.9305555820465088,519,ac9715304767fb3c
0,0.9558823704719543,644,6d3c06bfc513caa7
1,0.8888888955116272,518,ai_chinh_tri_0283_gemini-3.7-flash
0,0.9799196720123292,512,e1be962faca920f4
0,0.993749976158142,768,b326ca4d66832b15
0,0.9338235259056092,512,f0f631ff3faeffe1
0,1.03125,768,2c4b38cabe352b9e
0,1.0,512,1d115747031e0969
0,0.9930070042610168,512,8e69695cfb14faa9
0,1.0,512,e29e6b3fb225af09
0,0.9784172773361206,672,42f95c6d23c51712
1,0.8591549396514893,687,ai_van_hoa_0508_GPT-5.6 Luna
1,0.8999999761581421,686,ai_giao_duc_0763_GPT-5.6 Luna
0,0.8958333134651184,709,b39721548e1df1e4
0,1.013157844543457,585,fea6d8d79dd808c5
1,0.8661971688270569,686,ai_xa_hoi_0394_GPT-5.6 Luna
1,0.8952381014823914,595,ai_chinh_tri_0237_gemini-3.7-flash
0,1.0482758283615112,713,b68599c4fa8d798a
1,0.8617021441459656,684,ai_chinh_tri_0012_GPT-5.6 Luna
0,1.037037014961243,727,0a9fb866b614fc86
0,0.9452054500579834,552,2f81401c4e1927b3
1,0.9383260011672974,551,ai_van_hoa_0350_gemini-3.7-flash
1,0.9227467775344848,570,ai_xa_hoi_0561_gemini-3.7-flash
1,0.8389830589294434,554,ai_the_thao_0527_gemini-3.7-flash
0,1.023809552192688,768,6f5a04275bcb1252
1,0.8367347121238708,684,ai_the_thao_0791_GPT-5.6 Luna
1,0.8888888955116272,643,ai_kinh_te_0289_gemini-3.7-flash
1,0.85447758436203,530,ai_kinh_te_0583_gemini-3.7-flash
1,0.8859649300575256,518,ai_giao_duc_0522_gemini-3.7-flash
1,0.9234449863433838,551,ai_xa_hoi_0771_gemini-3.7-flash
1,0.8723404407501221,685,ai_chinh_tri_0368_GPT-5.6 Luna
1,0.8601398468017578,684,ai_the_thao_0611_GPT-5.6 Luna
1,0.8799999952316284,554,ai_the_thao_0547_gemini-3.7-flash
1,0.866906464099884,686,ai_giao_duc_0316_GPT-5.6 Luna
1,0.8991228342056274,565,ai_chinh_tri_0514_gemini-3.7-flash
0,0.9747899174690248,637,625ad6315bd5fd2e
1,0.8714285492897034,685,ai_xa_hoi_0123_GPT-5.6 Luna
1,0.8695651888847351,686,ai_giao_duc_0412_GPT-5.6 Luna
0,1.0,517,3bcdb9a49edd5498
0,0.9704641103744508,639,0434cf8937d6f39f
0,0.9090909361839294,768,3b8c9faee2045a16
0,0.9733333587646484,636,454e7d5792dd5ecc
1,0.9037036895751952,686,ai_giao_duc_0395_GPT-5.6 Luna
1,0.8620689511299133,686,ai_the_thao_0604_GPT-5.6 Luna
0,0.9280303120613098,511,d223daa11769d25d
1,0.8576388955116272,686,ai_van_hoa_0368_GPT-5.6 Luna
0,1.0,648,f8cdddd628c421e9
0,1.0,653,d29dea52bff1a85b
1,0.9104477763175964,685,ai_xa_hoi_0135_GPT-5.6 Luna
0,0.9328858852386476,614,10028ffefb9d8bc4
1,0.8576388955116272,685,ai_the_thao_0796_GPT-5.6 Luna
0,1.0071942806243896,675,503db7dc20bbd6c9
0,1.0044642686843872,525,473aa10c9e89e325
1,0.8690476417541504,568,ai_kinh_te_0186_gemini-3.7-flash
1,0.9014598727226256,686,ai_giao_duc_0821_GPT-5.6 Luna
0,0.9653179049491882,512,6188d102105e74a1
1,0.828000009059906,529,ai_the_thao_0730_gemini-3.7-flash
0,1.0,750,2fac5021742238f1
1,0.9383260011672974,551,ai_van_hoa_0582_gemini-3.7-flash
0,0.9416058659553528,768,38ccc428e109b8a5
1,0.8576388955116272,685,ai_the_thao_0316_GPT-5.6 Luna
1,0.8860294222831726,684,ai_giao_duc_0113_GPT-5.6 Luna
0,0.9516128897666932,676,b266945201885324
0,0.9793103337287904,708,e3f7afee838fb09b
1,0.8531468510627747,686,ai_the_thao_0565_GPT-5.6 Luna
0,1.0137931108474731,609,ec3a146e10735906
0,0.9922480583190918,512,c4f8d670093c56f9
0,1.021897792816162,768,71b06f2e7ef34676
0,0.9360730648040771,663,7a6df23cbb2ec5f1
0,0.9577465057373048,560,ac9334159f94cd9a
1,0.8571428656578064,685,ai_giao_duc_0216_GPT-5.6 Luna
1,0.8464285731315613,684,ai_van_hoa_0797_GPT-5.6 Luna
1,0.8713235259056091,684,ai_chinh_tri_0713_GPT-5.6 Luna
0,1.0153846740722656,671,671149cb7137a407
1,0.9111111164093018,684,ai_giao_duc_0794_GPT-5.6 Luna
1,0.9279661178588868,569,ai_xa_hoi_0453_gemini-3.7-flash
0,0.970802903175354,756,a4fc6933743c2784
0,0.9432623982429504,512,f345a1d19e23155a
1,0.8586956262588501,684,ai_chinh_tri_0138_GPT-5.6 Luna
1,0.8888888955116272,686,ai_the_thao_0545_GPT-5.6 Luna
1,0.8888888955116272,518,ai_chinh_tri_0539_gemini-3.7-flash
0,1.017241358757019,512,077a9423f2cbceb6
0,1.0502091646194458,646,6d6dbbba82a01560
0,1.016759753227234,643,b6421834152dcb2b
1,0.9004328846931458,566,ai_chinh_tri_0790_gemini-3.7-flash
1,0.8496503233909607,684,ai_van_hoa_0263_GPT-5.6 Luna
0,0.9720279574394226,454,bd5e55b24e2ce8f2
0,0.9490445852279664,645,4b5f218699c7b73a
1,0.8546099066734314,685,ai_chinh_tri_0808_GPT-5.6 Luna
1,0.9279661178588868,569,ai_xa_hoi_0053_gemini-3.7-flash
1,0.8601398468017578,684,ai_chinh_tri_0308_GPT-5.6 Luna
1,0.8571428656578064,544,ai_van_hoa_0832_gemini-3.7-flash
1,0.8590308427810669,595,ai_the_thao_0505_gemini-3.7-flash
0,0.9957627058029176,542,e8fecfcd27303d45
1,0.9234449863433838,551,ai_xa_hoi_0083_gemini-3.7-flash
1,0.8333333134651184,530,ai_kinh_te_0803_gemini-3.7-flash
0,1.0225564241409302,667,ac3cad567f324000
0,0.9561753273010254,642,904658def0d83a7e
0,0.9861111044883728,678,5b3d129d53f5f359
1,0.8925926089286804,684,ai_xa_hoi_0463_GPT-5.6 Luna
1,0.9242424368858336,596,ai_chinh_tri_0145_gemini-3.7-flash
0,1.0264900922775269,512,08fc842f1ab33b57
1,0.8799999952316284,554,ai_the_thao_0195_gemini-3.7-flash
1,0.8859649300575256,518,ai_giao_duc_0130_gemini-3.7-flash
1,0.8333333134651184,530,ai_kinh_te_0603_gemini-3.7-flash
0,0.9060402512550354,768,e197d3a1810b757a
0,1.0714285373687744,658,6fa4d9c236cc535f
0,1.0291666984558103,512,b050ded47330ac31
1,0.8758864998817444,685,ai_kinh_te_0041_GPT-5.6 Luna
0,0.9803921580314636,512,e65c0a1b99c8954e
1,0.9194915294647216,497,ai_xa_hoi_0776_gemini-3.7-flash
1,0.9004328846931458,566,ai_chinh_tri_0094_gemini-3.7-flash
0,1.0051546096801758,642,b5f76b3a9be38eb1
0,1.0489510297775269,523,6e461da46dffe12d
0,0.9734042286872864,617,36e3e4ac6fcae106
0,0.9773755669593812,512,d144a1201af5d2df
0,0.9689440727233888,512,a9315f2ace18fe7f
0,0.971222996711731,512,b435ac4432f9abc3
0,0.98046875,669,75dad65c4cd9775b
0,0.9800000190734864,512,9a48fb2e1c79ebd7
1,0.9166666865348816,514,ai_kinh_te_0044_gemini-3.7-flash
1,0.8472222089767456,686,ai_the_thao_0474_GPT-5.6 Luna
1,0.8738738894462585,530,ai_giao_duc_0804_gemini-3.7-flash
0,1.0724637508392334,512,ff7099d30f091a84
0,1.0134228467941284,539,2cbc628aaf800e9b
0,0.9711934328079224,768,0d68cb9718789728
0,0.9774436354637146,669,82b83a738f6179f2
0,0.9729729890823364,689,1289abc84d3d93e7
1,0.8614718317985535,575,ai_van_hoa_0041_gemini-3.7-flash
1,0.8623188138008118,684,ai_chinh_tri_0210_GPT-5.6 Luna
0,0.9928057789802552,768,729253a7b16c2a67
1,0.8441558480262756,575,ai_van_hoa_0793_gemini-3.7-flash
1,0.881118893623352,686,ai_the_thao_0465_GPT-5.6 Luna
1,0.8913043737411499,686,ai_giao_duc_0557_GPT-5.6 Luna
1,0.9004328846931458,566,ai_chinh_tri_0614_gemini-3.7-flash
0,0.9100528955459596,768,024c7f15ec1bf14f
1,0.9910714030265808,550,ai_van_hoa_0146_gemini-3.7-flash
0,0.9464285969734192,530,f31b2ecf4e75d62e
1,0.8389830589294434,554,ai_the_thao_0487_gemini-3.7-flash
0,0.936170220375061,768,c37c105049e3d497
0,0.917241394519806,571,76ffb79aad8e4ec4
0,1.037037014961243,768,9dc44c11bf672009
1,0.9910714030265808,550,ai_van_hoa_0346_gemini-3.7-flash
1,0.8528138399124146,575,ai_van_hoa_0185_gemini-3.7-flash
1,0.9194915294647216,497,ai_xa_hoi_0456_gemini-3.7-flash
0,0.8325581550598145,521,c9736b9ada35637f
0,1.0,710,eacd85f3c64454cb
0,0.969432294368744,639,415f2f27e399c513
1,0.9004328846931458,566,ai_chinh_tri_0734_gemini-3.7-flash
1,0.8392857313156128,684,ai_chinh_tri_0278_GPT-5.6 Luna
1,0.867521345615387,600,ai_giao_duc_0481_gemini-3.7-flash
0,0.9932885766029358,512,895395a45f91e4c9
0,1.046153903007507,745,bdc9cc025abbab63
0,0.9525691866874696,768,5566e82c08ddcb99
1,0.8500000238418579,685,ai_kinh_te_0426_GPT-5.6 Luna
1,0.8782608509063721,547,ai_van_hoa_0116_gemini-3.7-flash
0,1.0561224222183228,512,e7fb32fffc20f112
0,1.0067567825317385,655,7d70cb31da15dc30
1,0.8591549396514893,685,ai_kinh_te_0675_GPT-5.6 Luna
0,1.0333333015441897,506,e20245d1091d6a2e
0,0.9801587462425232,584,20d58cbbfcf2145e
1,0.8500000238418579,685,ai_kinh_te_0605_GPT-5.6 Luna
0,1.1067193746566772,608,179aabd4a9bf86c6
1,0.8690476417541504,568,ai_kinh_te_0322_gemini-3.7-flash
0,1.073446273803711,548,9d017c1deab1bd84
0,0.9300000071525574,283,11c944f9fb42e878
1,0.8556337952613831,686,ai_xa_hoi_0717_GPT-5.6 Luna
0,0.9597315192222596,768,730e7cfd073738a0
0,0.90625,558,fd9c1a48789a48e6
0,0.900735318660736,512,bb5676e42fcdfe9d
1,0.8623188138008118,684,ai_chinh_tri_0587_GPT-5.6 Luna
0,0.9724409580230712,512,59334c331b13aa39
1,0.8859649300575256,518,ai_giao_duc_0194_gemini-3.7-flash
0,0.9581395387649536,624,7bcf5551c234fb75
1,0.8360000252723694,557,ai_van_hoa_0115_gemini-3.7-flash
1,0.8380281925201416,684,ai_the_thao_0696_GPT-5.6 Luna
0,0.9509202241897584,555,3391f95d562d2455
0,0.9767441749572754,512,fa54a9b3a8891908
0,1.0199999809265137,685,d518c2f1e0fff349
1,0.8804348111152649,686,ai_kinh_te_0229_GPT-5.6 Luna
0,1.0303030014038086,671,5ab45bafe4dc0006
1,0.8617021441459656,685,ai_the_thao_0530_GPT-5.6 Luna
1,0.8423236608505249,517,ai_giao_duc_0062_gemini-3.7-flash
0,1.01646089553833,530,8f5dfe7164f22bd5
0,0.942307710647583,512,68238b3b554f71e7
0,0.9491525292396544,673,5a888f3a76772bb6
0,1.0,634,5da7ee6409e7d634
0,1.0158730745315552,532,e4f9fefce6f43c90
0,0.9015151262283324,585,440924074e6ae36d
1,0.8661971688270569,686,ai_van_hoa_0560_GPT-5.6 Luna
1,0.8758864998817444,686,ai_kinh_te_0121_GPT-5.6 Luna
0,0.8971962332725525,685,8d3a7bd155f3504d
0,0.9724137783050536,512,9f602ae278854cb5
1,0.8561151027679443,686,ai_kinh_te_0240_GPT-5.6 Luna
1,0.8848921060562134,686,ai_xa_hoi_0789_GPT-5.6 Luna
0,1.0331950187683103,768,2ca7ac4c55f1b976
0,0.9857142567634584,278,dd3f515534df0603
1,0.8482758402824402,685,ai_chinh_tri_0724_GPT-5.6 Luna
0,1.0629370212554932,700,0fe1aed034e875b6
1,0.85447758436203,530,ai_kinh_te_0111_gemini-3.7-flash
0,0.9576271176338196,512,3461a89118afabc2
0,1.0314960479736328,512,c01a4b1fe3558e59
1,0.8590308427810669,595,ai_the_thao_0745_gemini-3.7-flash
0,0.9221311211586,768,a573cdf6c5e5b450
0,1.022471904754639,556,1d8989e7c6bf0da5
1,0.8652482032775879,684,ai_van_hoa_0727_GPT-5.6 Luna
1,0.881118893623352,686,ai_the_thao_0345_GPT-5.6 Luna
0,0.9874476790428162,768,543f4fbd4836f8cb
1,0.8263888955116272,684,ai_the_thao_0104_GPT-5.6 Luna
1,0.8623188138008118,686,ai_kinh_te_0064_GPT-5.6 Luna
0,1.0439023971557615,629,4ea0786ca357aafc
1,0.912350594997406,515,ai_kinh_te_0096_gemini-3.7-flash
1,0.8450704216957092,684,ai_the_thao_0256_GPT-5.6 Luna
0,0.9835164546966552,565,92ef90fa447d7060
1,0.9194915294647216,497,ai_xa_hoi_0112_gemini-3.7-flash
0,0.9246575236320496,768,04e48a8d3e002138
0,0.930232584476471,768,4efdef821e78759e
0,1.028777003288269,664,b95ce612b0f56677
0,0.993630588054657,512,066fb07ef9240363
0,1.0902777910232544,512,9e8f39902df05e15
1,0.8633093237876892,686,ai_kinh_te_0704_GPT-5.6 Luna
0,0.9733333587646484,768,da94841a2ddc81b6
0,0.9237288236618042,512,18811419bd69b2c3
1,0.9111111164093018,684,ai_giao_duc_0074_GPT-5.6 Luna
0,0.9617834687232972,768,7c62b4a3eab277ed
1,0.8617021441459656,686,ai_chinh_tri_0075_GPT-5.6 Luna
0,0.992094874382019,768,ce9ab5689df45319
1,0.8859649300575256,518,ai_giao_duc_0626_gemini-3.7-flash
0,1.0,512,02e69cd5044085db
1,0.8776978254318237,686,ai_xa_hoi_0585_GPT-5.6 Luna
1,0.912350594997406,515,ai_kinh_te_0320_gemini-3.7-flash
0,1.0865800380706787,768,b1e126f98d65c3a6
1,0.8541666865348816,686,ai_the_thao_0194_GPT-5.6 Luna
1,0.8661971688270569,686,ai_van_hoa_0080_GPT-5.6 Luna
1,0.8546099066734314,684,ai_kinh_te_0615_GPT-5.6 Luna
0,0.9561753273010254,768,7b518dda94a0eeb2
1,0.8840579986572266,685,ai_kinh_te_0494_GPT-5.6 Luna
0,0.9793103337287904,768,b8a68d04197523a6
1,0.8333333134651184,530,ai_kinh_te_0331_gemini-3.7-flash
1,0.9227467775344848,570,ai_xa_hoi_0617_gemini-3.7-flash
1,0.866906464099884,685,ai_giao_duc_0236_GPT-5.6 Luna
1,0.8966942429542542,497,ai_xa_hoi_0832_gemini-3.7-flash
1,0.8515625,567,ai_kinh_te_0614_gemini-3.7-flash
0,0.9204545617103576,512,758b574aaf297156
0,1.0416666269302368,626,1d094b0663e41b6a
1,0.8978102207183838,686,ai_giao_duc_0381_GPT-5.6 Luna
0,1.0538116693496704,620,8013974782220849
1,0.8500000238418579,684,ai_van_hoa_0325_GPT-5.6 Luna
0,0.9447004795074464,687,dc19e2eba23c8ac0
0,0.9760765433311462,674,e8c82fabe090216d
1,0.866906464099884,686,ai_giao_duc_0076_GPT-5.6 Luna
0,1.0045454502105713,650,c7ce71c5747ca329
0,0.9802955389022828,768,665e07487539694c
1,0.8576388955116272,686,ai_the_thao_0461_GPT-5.6 Luna
0,1.0376343727111816,684,e1faaf2eb2383659
1,0.8804348111152649,685,ai_chinh_tri_0829_GPT-5.6 Luna
0,1.0151515007019043,584,a9ddca4288a32165
1,0.8473895788192749,521,ai_the_thao_0132_gemini-3.7-flash
0,1.0822784900665283,644,750a20814cb014a1
1,0.8713235259056091,684,ai_chinh_tri_0233_GPT-5.6 Luna
1,0.8510638475418091,686,ai_xa_hoi_0374_GPT-5.6 Luna
1,0.8804348111152649,686,ai_van_hoa_0292_GPT-5.6 Luna
1,0.8813559412956238,574,ai_van_hoa_0445_gemini-3.7-flash
0,0.9530516266822816,626,13b61b382097c6d4
0,0.9928057789802552,512,c1332a7caea848e8
1,0.8999999761581421,686,ai_giao_duc_0811_GPT-5.6 Luna
0,0.7482993006706238,627,856b99da97c6c7c4
1,0.8723404407501221,686,ai_van_hoa_0224_GPT-5.6 Luna
0,1.0040485858917236,512,9f97ab74d60ec92c
0,1.0075187683105469,512,a9f9a6aec265135e
1,0.8678571581840515,685,ai_chinh_tri_0351_GPT-5.6 Luna
1,0.8617021441459656,685,ai_kinh_te_0689_GPT-5.6 Luna
0,1.052401781082153,679,d089a84aed086d4b
1,0.9166666865348816,514,ai_kinh_te_0052_gemini-3.7-flash
1,0.8469387888908386,684,ai_the_thao_0167_GPT-5.6 Luna
1,0.8735178112983704,644,ai_kinh_te_0093_gemini-3.7-flash
1,0.8617021441459656,685,ai_xa_hoi_0718_GPT-5.6 Luna
0,1.0389610528945925,593,44a11e685a5a2046
1,0.8738738894462585,530,ai_giao_duc_0164_gemini-3.7-flash
1,0.8445945978164673,684,ai_the_thao_0271_GPT-5.6 Luna
0,0.9879518151283264,609,004d31bb658f1f43
0,0.96815288066864,768,ecb9a3c00857a7dc
1,0.8623188138008118,684,ai_chinh_tri_0777_GPT-5.6 Luna
0,1.05202317237854,94,41d985e4eba735d5
1,0.8576388955116272,686,ai_the_thao_0221_GPT-5.6 Luna
1,0.8936170339584351,686,ai_giao_duc_0454_GPT-5.6 Luna
0,0.8840579986572266,512,fe8e3ab798320e8a
1,0.8571428656578064,685,ai_kinh_te_0341_GPT-5.6 Luna
1,0.8999999761581421,684,ai_giao_duc_0450_GPT-5.6 Luna
0,1.024539828300476,512,b6be0376516dcfba
1,0.8531468510627747,686,ai_xa_hoi_0322_GPT-5.6 Luna
1,0.9135338068008424,684,ai_xa_hoi_0471_GPT-5.6 Luna
1,0.8590308427810669,595,ai_the_thao_0537_gemini-3.7-flash
1,0.8689655065536499,686,ai_the_thao_0689_GPT-5.6 Luna
1,0.8639705777168274,684,ai_giao_duc_0097_GPT-5.6 Luna
1,0.9531915187835692,531,ai_xa_hoi_0094_gemini-3.7-flash
0,0.9793814420700072,512,a3edda02cacb6186
0,0.970588207244873,512,4f68e3182a20bbe4
1,0.867521345615387,600,ai_giao_duc_0361_gemini-3.7-flash
1,0.8445945978164673,684,ai_the_thao_0151_GPT-5.6 Luna
0,0.969924807548523,512,f20b9ae24b43be89
1,0.8510638475418091,685,ai_van_hoa_0217_GPT-5.6 Luna
1,0.8496503233909607,686,ai_xa_hoi_0666_GPT-5.6 Luna
0,0.9570815563201904,512,d03a2aa4f8691a3d
1,0.8970588445663452,686,ai_chinh_tri_0009_GPT-5.6 Luna
0,1.1785714626312256,512,db849b0a99dc4805
0,1.0127118825912476,512,620b7bf98be4eab2
1,0.8485915660858154,684,ai_xa_hoi_0136_GPT-5.6 Luna
0,0.917241394519806,768,a102c586fa730fa0
1,0.8515625,567,ai_kinh_te_0574_gemini-3.7-flash
0,1.125,690,221e3adabc6ff037
1,0.8510638475418091,685,ai_chinh_tri_0326_GPT-5.6 Luna
1,0.8731883764266968,686,ai_kinh_te_0397_GPT-5.6 Luna
0,0.9621211886405944,583,d69b11d6614174f0
1,0.8661971688270569,685,ai_the_thao_0598_GPT-5.6 Luna
1,0.8633093237876892,686,ai_kinh_te_0680_GPT-5.6 Luna
1,0.8735178112983704,644,ai_kinh_te_0069_gemini-3.7-flash
0,0.9607843160629272,768,71ce5c3c20bde1d6
0,0.8434343338012695,673,9ed7fe8aeec0b942
1,0.925110161304474,599,ai_giao_duc_0581_gemini-3.7-flash
1,0.8576388955116272,686,ai_the_thao_0644_GPT-5.6 Luna
0,0.9629629850387572,664,485a9b25751d763c
0,0.9316770434379578,607,e5711dfc234a5a32
1,0.904411792755127,684,ai_kinh_te_0692_GPT-5.6 Luna
0,0.9438202381134032,512,d39fd643bf0c5bf0
0,1.0155038833618164,768,bb39c3191ff29d43
0,0.8893805146217346,512,786cd3fb11453930
0,1.0041322708129885,733,84ed5d891f9368d1
1,0.8666666746139526,530,ai_giao_duc_0176_gemini-3.7-flash
1,0.9531915187835692,531,ai_xa_hoi_0518_gemini-3.7-flash
0,1.0,768,ff3cebd39af0385a
0,0.939393937587738,620,a4cbb56509bf5ce8
0,0.9701492786407472,616,5864e477fdeb07b8
1,0.8905109763145447,686,ai_giao_duc_0132_GPT-5.6 Luna
1,0.8389830589294434,554,ai_the_thao_0743_gemini-3.7-flash
0,0.985401451587677,663,87cd585dea6391d3
0,1.0196079015731812,768,b30997e0e5da0987
0,0.987500011920929,523,92e498ce8eef847c
0,1.007462739944458,512,eba2840503e77c24
0,1.0,768,3d85e2a4385208d6
1,0.8799999952316284,554,ai_the_thao_0163_gemini-3.7-flash
0,0.9473684430122375,512,3da7830c6c2c2c9c
0,0.963350772857666,679,8fa6db23aac65d60
0,1.0416666269302368,512,64399bb26a79e5a0
0,1.03125,768,80e4120f0fd9d88e
1,0.8782608509063721,547,ai_van_hoa_0652_gemini-3.7-flash
1,0.8525179624557495,684,ai_xa_hoi_0152_GPT-5.6 Luna
0,1.0166666507720947,628,3484773449598c6d
0,1.0319634675979614,512,b7874e7e523f5f3d
0,0.931506872177124,609,30103b65084c1e60
1,0.9166666865348816,514,ai_kinh_te_0676_gemini-3.7-flash
1,0.8546099066734314,684,ai_kinh_te_0135_GPT-5.6 Luna
1,0.912350594997406,515,ai_kinh_te_0024_gemini-3.7-flash
0,1.0662251710891724,512,c0c32372b7cd57b9
0,0.952054798603058,688,2eb21910f765f337
0,0.9880239367485046,506,564e126b8ece5e8f
0,1.0,660,2328b1458fa94318
1,0.8991228342056274,565,ai_chinh_tri_0370_gemini-3.7-flash
1,0.9531915187835692,531,ai_xa_hoi_0566_gemini-3.7-flash
0,0.9769230484962464,512,d98080706021e717
1,0.8321678042411804,685,ai_van_hoa_0276_GPT-5.6 Luna
0,0.9549180269241332,618,d8863d5d025dbc11
1,0.8731883764266968,684,ai_chinh_tri_0431_GPT-5.6 Luna
1,0.8731883764266968,684,ai_van_hoa_0542_GPT-5.6 Luna
0,1.0,768,4dcb27b776c8fdf6
1,0.8510638475418091,684,ai_xa_hoi_0480_GPT-5.6 Luna
0,1.08695650100708,664,a4eee24a98461106
1,0.835616409778595,684,ai_chinh_tri_0260_GPT-5.6 Luna
1,0.8584070801734924,544,ai_van_hoa_0208_gemini-3.7-flash
1,0.8617021441459656,684,ai_the_thao_0392_GPT-5.6 Luna
0,0.9839572310447692,768,83de3501eee902ea
1,0.8333333134651184,530,ai_kinh_te_0115_gemini-3.7-flash
1,0.8472222089767456,685,ai_chinh_tri_0324_GPT-5.6 Luna
1,0.925110161304474,599,ai_giao_duc_0085_gemini-3.7-flash
1,0.8426573276519775,686,ai_xa_hoi_0050_GPT-5.6 Luna
1,0.8689655065536499,686,ai_the_thao_0089_GPT-5.6 Luna
1,0.8821428418159485,686,ai_giao_duc_0359_GPT-5.6 Luna
0,1.0,512,b223e48a7fab0de1
1,0.8590308427810669,595,ai_the_thao_0521_gemini-3.7-flash
1,0.8741007447242737,685,ai_kinh_te_0814_GPT-5.6 Luna
0,0.8830645084381104,512,4a7b32234c3f0254
0,0.935251772403717,768,3ae9b7b2d9c41636
1,0.8733624219894409,545,ai_chinh_tri_0092_gemini-3.7-flash
0,0.9135802388191224,639,a456ef1cb98e2da1
1,0.8368794322013855,683,ai_xa_hoi_0144_GPT-5.6 Luna
1,0.8473895788192749,521,ai_the_thao_0348_gemini-3.7-flash
0,1.0240963697433472,512,8094c07793d61253
0,1.0079680681228638,768,b1947de92a591b7b
1,0.828000009059906,529,ai_the_thao_0266_gemini-3.7-flash
0,0.957446813583374,676,0aa81c93bf0e0b2a
1,0.8759124279022217,684,ai_chinh_tri_0743_GPT-5.6 Luna
0,1.0234375,512,46933e356ce4998a
0,0.9848484992980956,528,1a5fef48e7a3404b
1,0.8500000238418579,684,ai_van_hoa_0445_GPT-5.6 Luna
1,0.8469387888908386,686,ai_the_thao_0801_GPT-5.6 Luna
0,0.9769230484962464,639,a010c9866d5037fe
1,0.8722627758979797,683,ai_van_hoa_0486_GPT-5.6 Luna
0,1.0395480394363403,651,bcc36ccb70d5615d
0,1.0482758283615112,768,24a84acde1ddbca4
0,0.9696969985961914,589,5145abccc5463cb6
1,0.8991228342056274,565,ai_chinh_tri_0114_gemini-3.7-flash
1,0.8741007447242737,686,ai_giao_duc_0516_GPT-5.6 Luna
0,0.9154411554336548,561,042eca1ae2770f64
1,0.828000009059906,529,ai_the_thao_0490_gemini-3.7-flash
0,1.012552261352539,512,2210a4ef2cf6df10
0,1.018518567085266,565,fa673bd850f6942d
1,0.8741007447242737,686,ai_van_hoa_0004_GPT-5.6 Luna
0,1.029197096824646,512,173fe395971cf77b
0,1.0132449865341189,768,94b938a416c6ccfc
1,0.8633093237876892,685,ai_kinh_te_0045_GPT-5.6 Luna
1,0.8401360511779785,684,ai_the_thao_0599_GPT-5.6 Luna
1,0.828000009059906,529,ai_the_thao_0506_gemini-3.7-flash
1,0.8731883764266968,684,ai_van_hoa_0518_GPT-5.6 Luna
0,0.8926174640655518,512,b1ea2e623b363f15
0,0.9375,666,daf825363f346258
0,1.179310321807861,512,f88ba9bcfd4a102d
0,0.921052634716034,768,12bf1cbde521a47c
1,0.8892857432365417,685,ai_the_thao_0666_GPT-5.6 Luna
0,0.9296296238899232,749,9879af9bb154e3f0
1,0.8426573276519775,686,ai_xa_hoi_0290_GPT-5.6 Luna
0,0.9788732528686525,573,fa3d1bfef27df05e
0,0.9629629850387572,512,0cfc8c044b488688
0,0.9657142758369446,768,5c0fc2b1106ec562
1,0.835616409778595,684,ai_the_thao_0687_GPT-5.6 Luna
0,1.0903226137161257,512,35d826578d395679
1,0.9279661178588868,569,ai_xa_hoi_0485_gemini-3.7-flash
1,0.9230769276618958,494,ai_xa_hoi_0780_gemini-3.7-flash
1,0.9230769276618958,494,ai_xa_hoi_0316_gemini-3.7-flash
1,0.9531915187835692,531,ai_xa_hoi_0150_gemini-3.7-flash
1,0.8423236608505249,517,ai_giao_duc_0758_gemini-3.7-flash
0,1.0391061305999756,654,4b72756150c1f34f
1,0.9242424368858336,596,ai_chinh_tri_0681_gemini-3.7-flash
0,0.9650654792785645,559,25502a47e41a80ae
0,1.0229008197784424,674,56d4041b650f729e
0,0.9928057789802552,768,84061f8a5b13c43d
1,0.8485915660858154,685,ai_van_hoa_0802_GPT-5.6 Luna
0,1.023809552192688,768,dd3c0244abbab68e
1,0.8804348111152649,685,ai_chinh_tri_0041_GPT-5.6 Luna
1,0.8813559412956238,574,ai_van_hoa_0581_gemini-3.7-flash
0,0.9726027250289916,604,df6d1065eca572b5
0,1.0465116500854492,768,38f95be0d5c4d32f
1,0.8741007447242737,686,ai_van_hoa_0324_GPT-5.6 Luna
1,0.9531915187835692,531,ai_xa_hoi_0534_gemini-3.7-flash
0,0.8461538553237915,512,d55b855f59d2d660
1,0.829365074634552,523,ai_the_thao_0296_gemini-3.7-flash
0,1.0278884172439575,610,93fc0ad9bcb2b01d
0,1.0988372564315796,768,674e44215af557ab
1,0.8731883764266968,685,ai_kinh_te_0557_GPT-5.6 Luna
1,0.8360000252723694,557,ai_van_hoa_0515_gemini-3.7-flash
1,0.8848921060562134,685,ai_the_thao_0162_GPT-5.6 Luna
1,0.8469387888908386,685,ai_chinh_tri_0396_GPT-5.6 Luna
0,1.0348259210586548,512,5ed6d58a761c9685
1,0.8636363744735718,685,ai_van_hoa_0063_GPT-5.6 Luna
1,0.8541666865348816,686,ai_the_thao_0229_GPT-5.6 Luna
1,0.8441558480262756,575,ai_van_hoa_0785_gemini-3.7-flash
1,0.8785714507102966,685,ai_the_thao_0138_GPT-5.6 Luna
1,0.8586956262588501,684,ai_chinh_tri_0378_GPT-5.6 Luna
1,0.9227467775344848,570,ai_xa_hoi_0425_gemini-3.7-flash
1,0.9234449863433838,551,ai_xa_hoi_0707_gemini-3.7-flash
0,1.0305343866348269,741,a70ef3c0f5ef28d1
1,0.925110161304474,599,ai_giao_duc_0109_gemini-3.7-flash
0,1.0,768,8c8ac27c9898c84c
0,0.9709543585777284,738,1408c046b9853a87
0,1.0,568,86ed3fbba4319e0c
0,0.956250011920929,664,ab430df6f0aec793
1,0.8733624219894409,545,ai_chinh_tri_0284_gemini-3.7-flash
1,0.8666666746139526,530,ai_giao_duc_0664_gemini-3.7-flash
0,0.9813084006309508,765,2a878c2592c884bc
1,0.8829787373542786,686,ai_giao_duc_0542_GPT-5.6 Luna
1,0.8360000252723694,557,ai_van_hoa_0235_gemini-3.7-flash
1,0.829365074634552,523,ai_the_thao_0328_gemini-3.7-flash
0,0.9279999732971193,545,8d28078029e417c5
1,0.8733624219894409,545,ai_chinh_tri_0804_gemini-3.7-flash
1,0.895652174949646,545,ai_chinh_tri_0608_gemini-3.7-flash
1,0.8584070801734924,544,ai_van_hoa_0432_gemini-3.7-flash
1,0.835616409778595,684,ai_the_thao_0807_GPT-5.6 Luna
1,0.8785714507102966,686,ai_xa_hoi_0364_GPT-5.6 Luna
0,1.0209790468215942,512,0357cddd841bc94c
1,0.9234449863433838,551,ai_xa_hoi_0539_gemini-3.7-flash
0,0.9321267008781432,617,4707eb9a0615b0fb
0,1.053030252456665,658,71ffeff5409a678e
1,0.8469387888908386,686,ai_the_thao_0441_GPT-5.6 Luna
0,1.0865800380706787,659,ed19f4c6af57bcb3
1,0.8785714507102966,685,ai_kinh_te_0033_GPT-5.6 Luna
0,1.024999976158142,768,e1ff421c95894821
1,0.9166666865348816,514,ai_kinh_te_0348_gemini-3.7-flash
1,0.8991228342056274,565,ai_chinh_tri_0594_gemini-3.7-flash
1,0.8741007447242737,686,ai_van_hoa_0444_GPT-5.6 Luna
1,0.904411792755127,686,ai_giao_duc_0301_GPT-5.6 Luna
1,0.8731883764266968,686,ai_chinh_tri_0424_GPT-5.6 Luna
0,0.882758617401123,583,ded84804f5c870d0
1,0.8678571581840515,684,ai_van_hoa_0047_GPT-5.6 Luna
1,0.8341013789176941,561,ai_giao_duc_0787_gemini-3.7-flash
1,0.8517241477966309,686,ai_the_thao_0429_GPT-5.6 Luna
1,0.8782608509063721,547,ai_van_hoa_0644_gemini-3.7-flash
1,0.8367347121238708,684,ai_the_thao_0039_GPT-5.6 Luna
0,0.9004328846931458,559,4a876d50ea0b4504
0,1.070512771606445,512,9884eeddd3487246
0,0.986725687980652,512,fb3363cb56cea8c9
1,0.8695651888847351,684,ai_chinh_tri_0581_GPT-5.6 Luna
1,0.912350594997406,515,ai_kinh_te_0256_gemini-3.7-flash
1,0.8652482032775879,686,ai_chinh_tri_0616_GPT-5.6 Luna
1,0.8652482032775879,685,ai_the_thao_0723_GPT-5.6 Luna
1,0.8738738894462585,530,ai_giao_duc_0348_gemini-3.7-flash
1,0.9166666865348816,514,ai_kinh_te_0108_gemini-3.7-flash
1,0.8590308427810669,595,ai_the_thao_0385_gemini-3.7-flash
1,0.8546099066734314,685,ai_chinh_tri_0035_GPT-5.6 Luna
1,0.8888888955116272,643,ai_kinh_te_0417_gemini-3.7-flash
1,0.8571428656578064,685,ai_van_hoa_0683_GPT-5.6 Luna
0,0.920634925365448,602,7e074b6946a6df5c
0,0.9925373196601868,512,cd5242bf4b247161
0,0.9539749026298524,512,ab48042e751b1deb
0,0.9940476417541504,680,ac3af240e1848d00
0,1.0,512,005a57220a605a5d
0,1.0338983535766602,512,78b63771c7f36ca6
0,0.9510489702224731,681,1b096724e8e9f925
1,0.867521345615387,600,ai_giao_duc_0441_gemini-3.7-flash
0,1.0983606576919556,512,40a124b99eef0eb2
0,1.0472972393035889,768,bc1ff19bce5fd895
1,0.8991228342056274,565,ai_chinh_tri_0234_gemini-3.7-flash
1,0.8776978254318237,686,ai_xa_hoi_0065_GPT-5.6 Luna
0,1.008264422416687,512,98632fcf530a691c
1,0.912350594997406,515,ai_kinh_te_0040_gemini-3.7-flash
0,1.0222222805023191,759,200b95c4084134ca
0,1.029850721359253,515,08d6b12b9647c34e
1,0.8723404407501221,685,ai_the_thao_0555_GPT-5.6 Luna
1,0.9227467775344848,570,ai_xa_hoi_0481_gemini-3.7-flash
0,0.8340249061584473,768,1c4f295870bb48b6
0,0.9485294222831726,555,a14d507bae05cd16
1,0.8473895788192749,521,ai_the_thao_0212_gemini-3.7-flash
1,0.9194915294647216,497,ai_xa_hoi_0368_gemini-3.7-flash
0,1.0310077667236328,669,4150ba109c4fd102
0,1.0,512,c2bb8747a6a6ad65
1,0.925110161304474,599,ai_giao_duc_0405_gemini-3.7-flash
1,0.8500000238418579,684,ai_van_hoa_0621_GPT-5.6 Luna
1,0.8733624219894409,545,ai_chinh_tri_0212_gemini-3.7-flash
0,1.0,768,af2dffe4eb66d7c0
1,0.886956512928009,596,ai_the_thao_0565_gemini-3.7-flash
1,0.9531915187835692,531,ai_xa_hoi_0230_gemini-3.7-flash
0,0.9295774698257446,572,f76688d13fc3d1e3
1,0.8731883764266968,684,ai_chinh_tri_0183_GPT-5.6 Luna
1,0.85447758436203,530,ai_kinh_te_0415_gemini-3.7-flash
1,0.8731883764266968,686,ai_xa_hoi_0387_GPT-5.6 Luna
1,0.8617021441459656,686,ai_van_hoa_0553_GPT-5.6 Luna
1,0.8978102207183838,686,ai_giao_duc_0621_GPT-5.6 Luna
0,0.937062919139862,512,6a4cbd7203579483
0,0.9028339982032776,768,4b18a9a6d8aba363
1,0.8804348111152649,686,ai_van_hoa_0652_GPT-5.6 Luna
0,1.0132449865341189,768,8e376e5f686a8988
1,0.8678571581840515,687,ai_van_hoa_0500_GPT-5.6 Luna
0,0.9399999976158142,508,82e3375ea93fed3e
1,0.8571428656578064,685,ai_van_hoa_0099_GPT-5.6 Luna
0,1.0155038833618164,512,67c8948b51626d53
1,0.8500000238418579,686,ai_xa_hoi_0565_GPT-5.6 Luna
0,0.9379310607910156,555,9f1e377e49306d96
0,0.949999988079071,512,836d19e0a6afd575
1,0.9242424368858336,596,ai_chinh_tri_0121_gemini-3.7-flash
1,0.8735178112983704,644,ai_kinh_te_0037_gemini-3.7-flash
1,0.8731883764266968,686,ai_xa_hoi_0267_GPT-5.6 Luna
1,0.8423236608505249,517,ai_giao_duc_0022_gemini-3.7-flash
1,0.9910714030265808,550,ai_van_hoa_0722_gemini-3.7-flash
1,0.8731883764266968,685,ai_chinh_tri_0585_GPT-5.6 Luna
1,0.8500000238418579,684,ai_van_hoa_0565_GPT-5.6 Luna
0,0.8088235259056091,512,5a880020f53652a1
0,1.0389610528945925,697,0b4fb4715087da20
1,0.829365074634552,523,ai_the_thao_0376_gemini-3.7-flash
0,1.0791367292404177,663,c603bdf739d86b2b
0,0.9090909361839294,645,14c2531fcaa33c12
0,0.9655172228813172,705,eb8d723f14587278
1,0.8731883764266968,687,ai_kinh_te_0776_GPT-5.6 Luna
1,0.8829787373542786,686,ai_giao_duc_0166_GPT-5.6 Luna
0,0.9954751133918762,768,7b5aea4d1d2b4bfb
0,0.9642857313156128,764,3c64c2267b39e9cf
1,0.8439716100692749,685,ai_chinh_tri_0406_GPT-5.6 Luna
0,0.9476439952850342,624,782706f01ffdf8ad
0,0.9015151262283324,570,d51d0443059de444
0,1.0157067775726318,508,bf3589f91e473f89
1,0.895652174949646,545,ai_chinh_tri_0080_gemini-3.7-flash
0,0.9736841917037964,664,552eef330cc78614
0,1.0209790468215942,510,c7bab7b17b8d5d1a
1,0.8713235259056091,684,ai_chinh_tri_0593_GPT-5.6 Luna
0,0.9763033390045166,357,7d7c00d84ceacc6d
1,0.828000009059906,529,ai_the_thao_0706_gemini-3.7-flash
1,0.886956512928009,596,ai_the_thao_0373_gemini-3.7-flash
1,0.8389830589294434,554,ai_the_thao_0623_gemini-3.7-flash
0,1.008230447769165,645,9c27b8ab3336b17b
1,0.829365074634552,523,ai_the_thao_0096_gemini-3.7-flash
0,0.9418604373931884,706,29e29544552d7354
1,0.9194915294647216,497,ai_xa_hoi_0008_gemini-3.7-flash
1,0.8738738894462585,530,ai_giao_duc_0516_gemini-3.7-flash
1,0.8517241477966309,686,ai_the_thao_0069_GPT-5.6 Luna
1,0.8423236608505249,517,ai_giao_duc_0582_gemini-3.7-flash
0,0.9716312289237976,512,924a9255e9255281
0,1.0314960479736328,539,26af0e190a84e60a
0,0.9268292784690856,512,049326234aaf3fc0
0,0.929104506969452,512,6c7a741e98cfa641
0,0.9222221970558168,512,be470177f143ca3d
0,1.047337293624878,512,f563c3c770017d78
1,0.8755555748939514,513,ai_chinh_tri_0143_gemini-3.7-flash
0,0.9878542423248292,664,99186722fcb72f98
0,0.9552845358848572,512,745d0b6f6cf1b7d8
0,1.0472972393035889,649,0163eebe6c6ee932
0,0.9192824959754944,685,465c35570a8541a2
1,0.9242424368858336,596,ai_chinh_tri_0049_gemini-3.7-flash
1,0.8617021441459656,686,ai_xa_hoi_0114_GPT-5.6 Luna
1,0.8355704545974731,684,ai_the_thao_0343_GPT-5.6 Luna
1,0.8714285492897034,686,ai_van_hoa_0603_GPT-5.6 Luna
0,0.927480936050415,512,c05a45326e88a6d3
1,0.8804348111152649,686,ai_kinh_te_0829_GPT-5.6 Luna
0,0.8999999761581421,502,383a0d0b6edaca46
0,1.0042372941970823,502,04179a3b9c3bb2ec
1,0.8472222089767456,685,ai_chinh_tri_0684_GPT-5.6 Luna
0,1.0403225421905518,768,5dde146bba455372
0,0.9955752491950988,657,1201d45d67914254
1,0.8528138399124146,575,ai_van_hoa_0417_gemini-3.7-flash
1,0.8453237414360046,684,ai_chinh_tri_0262_GPT-5.6 Luna
0,1.0229008197784424,768,aea1e6592fe93d28
0,0.959770143032074,703,a8bfbb55fe73ec15
0,0.8966942429542542,512,dbf47db2920664db
0,0.8729507923126221,699,7c3a9ac3eb871546
0,0.9950980544090272,582,549795254f380a0d
1,0.8666666746139526,530,ai_giao_duc_0696_gemini-3.7-flash
1,0.8952381014823914,595,ai_chinh_tri_0637_gemini-3.7-flash
1,0.8905109763145447,686,ai_chinh_tri_0241_GPT-5.6 Luna
0,1.02717387676239,512,688cf70412c4c503
0,0.9242424368858336,582,ddad8e1791ac8880
1,0.875,686,ai_the_thao_0577_GPT-5.6 Luna
1,0.8450704216957092,684,ai_the_thao_0248_GPT-5.6 Luna
0,1.0693641901016235,768,c040ee75f95de7f8
0,0.9241379499435424,768,d33b660012f69927
1,0.8695651888847351,685,ai_xa_hoi_0750_GPT-5.6 Luna
0,1.0,650,9acc3e73255e1003
1,0.8795620203018188,684,ai_chinh_tri_0013_GPT-5.6 Luna
0,1.045751690864563,567,9872562f0634bcf8
0,0.9939024448394777,558,c29b8dda940680d0
0,0.896774172782898,528,559506caa8f2c96e
1,0.9234449863433838,551,ai_xa_hoi_0323_gemini-3.7-flash
0,1.0223881006240845,516,460be9d1dbf9b4d5
1,0.8888888955116272,518,ai_chinh_tri_0307_gemini-3.7-flash
0,1.0,550,87c4dca30c410400
1,0.9166666865348816,514,ai_kinh_te_0268_gemini-3.7-flash
0,0.8808290362358093,626,bc8396c96591a46a
0,1.00632905960083,512,955c96ab0452248c
1,0.9014084339141846,550,ai_xa_hoi_0271_gemini-3.7-flash
1,0.8755555748939514,513,ai_chinh_tri_0663_gemini-3.7-flash
0,0.937219738960266,676,a79592f13f44d697
0,1.04453444480896,506,6540b2cb5c9238ba
0,1.045454502105713,512,e2f9f4fc705a00ee
1,0.8623188138008118,685,ai_xa_hoi_0491_GPT-5.6 Luna
0,0.9142857193946838,512,ae6371228c5637d6
0,1.0593219995498655,511,b28ab3f312488324
1,0.85447758436203,530,ai_kinh_te_0319_gemini-3.7-flash
1,0.8219696879386902,555,ai_van_hoa_0703_gemini-3.7-flash
1,0.9383260011672974,551,ai_van_hoa_0638_gemini-3.7-flash
0,1.0347222089767456,692,7e603954659834af
1,0.8584070801734924,544,ai_van_hoa_0536_gemini-3.7-flash
1,0.8735178112983704,644,ai_kinh_te_0741_gemini-3.7-flash
1,0.866906464099884,686,ai_giao_duc_0196_GPT-5.6 Luna
1,0.8360000252723694,557,ai_van_hoa_0355_gemini-3.7-flash
0,0.9047619104385376,512,f38cd91d77c37353
0,0.98305082321167,699,6cc9db4def24f48f
0,1.0,487,312ab8a5fa3505e9
0,1.0119999647140503,646,c386ef04a7169e3f
1,0.8630136847496033,685,ai_chinh_tri_0716_GPT-5.6 Luna
1,0.8799999952316284,554,ai_the_thao_0155_gemini-3.7-flash
1,0.8500000238418579,685,ai_van_hoa_0211_GPT-5.6 Luna
0,0.9144384860992432,768,645ed345843a44c7
0,0.9851484894752502,680,2b4bac84c37c84ae
1,0.8584070801734924,544,ai_van_hoa_0400_gemini-3.7-flash
1,0.8840579986572266,686,ai_giao_duc_0703_GPT-5.6 Luna
0,0.932539701461792,512,8f6bf4b432bf8757
0,0.9580152630805968,768,16bf456001ed0074
0,0.9594594836235046,512,cd3199a398cac6c0
1,0.8216783404350281,684,ai_the_thao_0648_GPT-5.6 Luna
0,0.9593908786773682,279,d659dba4eb0348ef
0,1.021621584892273,768,aef73e05f4909f06
1,0.9910714030265808,550,ai_van_hoa_0458_gemini-3.7-flash
0,1.0228571891784668,690,ddab16fe92707ae2
0,0.9277108311653136,574,7e5dbe8f3abae7ca
0,0.967105269432068,768,6014c6030ea2a9b8
1,0.8531468510627747,686,ai_xa_hoi_0362_GPT-5.6 Luna
0,0.9833333492279052,768,10478eb252cd957a
0,0.9696969985961914,729,816d37b6a76238e7
1,0.8333333134651184,530,ai_kinh_te_0563_gemini-3.7-flash
1,0.9383260011672974,551,ai_van_hoa_0198_gemini-3.7-flash
1,0.8884891867637634,686,ai_kinh_te_0766_GPT-5.6 Luna
0,0.9929577708244324,768,3a8fdb71a2f35556
0,1.0,768,dc913b88af4bf7c8
0,1.0050251483917236,768,bcfc0cc44ade2c69
1,0.8607142567634583,685,ai_chinh_tri_0391_GPT-5.6 Luna
1,0.8738738894462585,530,ai_giao_duc_0212_gemini-3.7-flash
0,0.9330143332481384,273,4eed4472e7635a9d
0,1.0070422887802124,768,5f70b51b080de71f
1,0.8840579986572266,685,ai_chinh_tri_0309_GPT-5.6 Luna
0,0.9861111044883728,512,d372c86d172bdcf3
0,1.0,603,d099520a883a0c79
0,1.0231481790542605,768,e632b162fa89d855
1,0.8617021441459656,685,ai_kinh_te_0713_GPT-5.6 Luna
1,0.8848921060562134,686,ai_xa_hoi_0140_GPT-5.6 Luna
1,0.8584070801734924,544,ai_van_hoa_0416_gemini-3.7-flash
0,0.9873417615890504,689,bb02b2acd469ac54
0,1.0132449865341189,512,2c55b74ffe7fab1d
1,0.895652174949646,545,ai_chinh_tri_0552_gemini-3.7-flash
0,0.942307710647583,565,da78b4853599d839
0,1.075187921524048,512,effe7f14fb99a9f1
0,0.9846153855323792,768,77c0bb318be5a1ba
0,0.979865789413452,648,e3857187618e8eb5
0,1.118110179901123,525,68ca23c2942e798a
0,0.9610389471054076,658,abf5f544888e140e
0,0.9819276928901672,768,3e693b65c1e829b8
1,0.8999999761581421,684,ai_giao_duc_0426_GPT-5.6 Luna
1,0.8500000238418579,684,ai_van_hoa_0501_GPT-5.6 Luna
1,0.8666666746139526,530,ai_giao_duc_0384_gemini-3.7-flash
0,1.0,512,281bdf0240bd8084
1,0.8623188138008118,684,ai_chinh_tri_0377_GPT-5.6 Luna
0,0.981566846370697,512,b5cfd728e265017f
0,1.0163934230804443,663,17c00c3477825807
1,0.895652174949646,545,ai_chinh_tri_0688_gemini-3.7-flash
0,1.0303030014038086,573,90272c448657e1aa
0,1.0847457647323608,515,ccd4d093b18e8c1a
0,0.9956331849098206,573,774c456035b644c3
1,0.8571428656578064,686,ai_kinh_te_0328_GPT-5.6 Luna
1,0.8528138399124146,575,ai_van_hoa_0601_gemini-3.7-flash
1,0.8888888955116272,643,ai_kinh_te_0265_gemini-3.7-flash
1,0.8333333134651184,684,ai_xa_hoi_0824_GPT-5.6 Luna
0,0.9153226017951964,512,1cf4a914aa95bfb3
0,1.1046024560928345,512,5eb635498551e633
0,0.9735099077224731,512,16b5a39f9dd0bd98
0,0.9803921580314636,512,f3be4f86ffd47834
0,0.9399999976158142,550,71ba2d62f1eb1798
1,0.8556337952613831,685,ai_van_hoa_0514_GPT-5.6 Luna
1,0.8601398468017578,684,ai_the_thao_0251_GPT-5.6 Luna
1,0.8410041928291321,531,ai_the_thao_0046_gemini-3.7-flash
0,1.076923131942749,678,623c4a8f41b5d765
0,1.1071428060531616,558,5b6af7f30dd34d72
1,0.8469387888908386,684,ai_the_thao_0287_GPT-5.6 Luna
1,0.8782608509063721,547,ai_van_hoa_0604_gemini-3.7-flash
0,1.0496454238891602,704,a421819ee75a29b7
1,0.8956834673881531,686,ai_xa_hoi_0460_GPT-5.6 Luna
0,1.0564515590667725,666,26266161aa344099
1,0.8483412265777588,560,ai_giao_duc_0527_gemini-3.7-flash
1,0.8525179624557495,685,ai_chinh_tri_0774_GPT-5.6 Luna
1,0.8731883764266968,684,ai_van_hoa_0422_GPT-5.6 Luna
0,0.9380530714988708,561,0dfa7bcf2eb11f55
1,0.8367347121238708,686,ai_the_thao_0261_GPT-5.6 Luna
0,0.908366560935974,581,afa5d8191ce1b1bc
0,1.074324369430542,620,05a38bf9bba5e6df
1,0.8690476417541504,568,ai_kinh_te_0066_gemini-3.7-flash
0,0.957446813583374,522,978dadc488f8b660
0,1.0,768,9fce1d8874e5831c
0,1.0064934492111206,768,61e3d835cbfb0ced
1,0.8496503233909607,686,ai_van_hoa_0352_GPT-5.6 Luna
0,1.0139859914779663,672,0cd6fd128cc0bc0d
1,0.9531915187835692,531,ai_xa_hoi_0366_gemini-3.7-flash
0,0.986363649368286,768,f3d6bf78e98b7feb
0,0.9420289993286132,550,b6d19465a5d6a6f5
1,0.8713235259056091,684,ai_kinh_te_0114_GPT-5.6 Luna
1,0.8341013789176941,561,ai_giao_duc_0243_gemini-3.7-flash
1,0.8617021441459656,685,ai_van_hoa_0192_GPT-5.6 Luna
1,0.8888888955116272,684,ai_giao_duc_0513_GPT-5.6 Luna
1,0.8623188138008118,684,ai_chinh_tri_0223_GPT-5.6 Luna
1,0.8767605423927307,686,ai_xa_hoi_0012_GPT-5.6 Luna
1,0.8782608509063721,547,ai_van_hoa_0588_gemini-3.7-flash
0,1.0086580514907837,512,b302e4078a2bc3a3
0,1.0553191900253296,512,4ee9cc1a7a25784c
0,0.9959016442298888,512,da08e91413d8b898
1,0.8848921060562134,686,ai_xa_hoi_0500_GPT-5.6 Luna
1,0.8617021441459656,686,ai_chinh_tri_0435_GPT-5.6 Luna
1,0.8666666746139526,530,ai_giao_duc_0184_gemini-3.7-flash
1,0.8360000252723694,557,ai_van_hoa_0827_gemini-3.7-flash
1,0.8690476417541504,568,ai_kinh_te_0074_gemini-3.7-flash
1,0.9242424368858336,596,ai_chinh_tri_0177_gemini-3.7-flash
1,0.8333333134651184,530,ai_kinh_te_0771_gemini-3.7-flash
0,1.0162601470947266,537,1c8e8125b668419f
1,0.8782608509063721,547,ai_van_hoa_0452_gemini-3.7-flash
0,0.9932885766029358,563,59a53403209675e7
0,0.9502074718475342,554,c53ca4afb4833578
1,0.8888888955116272,518,ai_chinh_tri_0275_gemini-3.7-flash
0,1.181249976158142,649,574347ccb0dc493f
1,0.8695651888847351,685,ai_giao_duc_0812_GPT-5.6 Luna
1,0.8785714507102966,686,ai_xa_hoi_0765_GPT-5.6 Luna
1,0.8590308427810669,595,ai_the_thao_0065_gemini-3.7-flash
0,0.9793388247489928,667,32cbe74d3bda6324
1,0.8368055820465088,685,ai_kinh_te_0065_GPT-5.6 Luna
0,0.9788135886192322,502,fb48ddd393818d7a
1,0.8389830589294434,554,ai_the_thao_0695_gemini-3.7-flash
0,1.0306748151779177,768,e3c39688a5961e0c
0,1.081339716911316,615,cf8d9739e2e5f01b
0,0.9642857313156128,512,cbb64844fabb3553
1,0.8546099066734314,686,ai_van_hoa_0064_GPT-5.6 Luna
0,0.96276593208313,722,5fe8cbd6bb0231cb
1,0.8389830589294434,554,ai_the_thao_0631_gemini-3.7-flash
1,0.886956512928009,596,ai_the_thao_0605_gemini-3.7-flash
0,1.0,512,715f31e931a0bfd1
1,0.8971630930900574,686,ai_giao_duc_0654_GPT-5.6 Luna
1,0.8813559412956238,574,ai_van_hoa_0277_gemini-3.7-flash
1,0.867521345615387,600,ai_giao_duc_0249_gemini-3.7-flash
0,1.0075187683105469,512,9a43a81ceec2913d
0,1.06521737575531,527,dafd344ac4933da0
0,0.963235318660736,768,f4a18f0753d4f60a
1,0.9014084339141846,550,ai_xa_hoi_0647_gemini-3.7-flash
1,0.8584070801734924,544,ai_van_hoa_0544_gemini-3.7-flash
0,1.0049505233764648,512,e7d626e23590ddaa
1,0.9060150384902954,685,ai_xa_hoi_0007_GPT-5.6 Luna
1,0.8888888955116272,643,ai_kinh_te_0145_gemini-3.7-flash
1,0.8758864998817444,684,ai_van_hoa_0359_GPT-5.6 Luna
1,0.8410041928291321,531,ai_the_thao_0182_gemini-3.7-flash
0,0.9923664331436156,681,e85536b9f50e4604
1,0.866906464099884,684,ai_chinh_tri_0605_GPT-5.6 Luna
1,0.8633093237876892,684,ai_van_hoa_0238_GPT-5.6 Luna
0,1.043859601020813,625,7ec027579d56cd0a
0,1.0,768,2517acb85ccca659
0,1.0214285850524902,671,80a4fa9b7afff88d
0,0.9146341681480408,684,7c4f3689ab618402
0,0.9166666865348816,768,924be4eb4994ed6d
1,0.8733624219894409,545,ai_chinh_tri_0164_gemini-3.7-flash
1,0.8666666746139526,530,ai_giao_duc_0016_gemini-3.7-flash
0,1.0,512,c5b4c811acc767ce
0,0.953125,512,79db783f4b3efcec
1,0.8741007447242737,686,ai_van_hoa_0124_GPT-5.6 Luna
0,1.0584415197372437,698,8fd022a00762f1f2
0,0.9171597361564636,768,4590b2e64eb1546c
1,0.9383260011672974,551,ai_van_hoa_0222_gemini-3.7-flash
1,0.8933823704719543,684,ai_giao_duc_0498_GPT-5.6 Luna
1,0.8333333134651184,530,ai_kinh_te_0595_gemini-3.7-flash
0,1.0346534252166748,512,05524f758314f6b5
1,0.8782608509063721,547,ai_van_hoa_0692_gemini-3.7-flash
0,1.0134228467941284,564,8166138fc032fc17
1,0.8472222089767456,685,ai_kinh_te_0825_GPT-5.6 Luna
1,0.8723404407501221,685,ai_kinh_te_0155_GPT-5.6 Luna
1,0.8905109763145447,686,ai_giao_duc_0492_GPT-5.6 Luna
0,1.032894730567932,549,720687806d0684b6
0,1.0335570573806765,660,4ab936e404bfa490
0,0.9629629850387572,768,9d8d58ce8a97e7ec
0,0.9933775067329408,643,44be4d8fd5eb2e92
1,0.8690476417541504,568,ai_kinh_te_0762_gemini-3.7-flash
1,0.8776978254318237,686,ai_xa_hoi_0324_GPT-5.6 Luna
0,0.8307692408561707,512,2cda408632c74cd7
0,0.9263566136360168,588,cef876ed8554efb7
0,1.0428571701049805,638,d534b1a2a548dbfd
1,0.8690476417541504,568,ai_kinh_te_0082_gemini-3.7-flash
1,0.8633093237876892,684,ai_chinh_tri_0375_GPT-5.6 Luna
0,0.9292929172515868,531,292c7726a7240429
1,0.8445945978164673,684,ai_the_thao_0391_GPT-5.6 Luna
1,0.8813559412956238,574,ai_van_hoa_0125_gemini-3.7-flash
1,0.8556337952613831,684,ai_the_thao_0331_GPT-5.6 Luna
1,0.8485915660858154,685,ai_van_hoa_0776_GPT-5.6 Luna
0,1.0403225421905518,768,9d31bfa46b01eee9
0,0.909604549407959,660,6d4bf1033cd3d6cd
1,0.8546099066734314,686,ai_chinh_tri_0571_GPT-5.6 Luna
0,0.9658119678497314,512,1d3dcb6474ffe776
0,1.0357142686843872,768,8e409c8ca2a53d5f
1,0.8410041928291321,531,ai_the_thao_0622_gemini-3.7-flash
1,0.8423236608505249,517,ai_giao_duc_0238_gemini-3.7-flash
0,0.9913420081138612,605,021f01db84c99e28
0,0.9728506803512572,730,cf83c68edbbdd754
1,0.8859649300575256,518,ai_giao_duc_0346_gemini-3.7-flash
0,1.0917874574661257,441,05dc4bc22da463c1
1,0.8392857313156128,684,ai_chinh_tri_0190_GPT-5.6 Luna
1,0.8713235259056091,684,ai_kinh_te_0354_GPT-5.6 Luna
1,0.8423236608505249,517,ai_giao_duc_0422_gemini-3.7-flash
0,0.9823788404464722,404,4fd3b3d6c4c88ac3
0,0.9207048416137696,768,cf10e2472c8c45e9
0,1.0208333730697632,553,77b933a818bebe89
0,1.008264422416687,582,17fb7a9f811e2cc8
0,0.9847328066825868,691,ffb4ca9fcdea2412
0,0.9071428775787354,642,1e0dad14de537bcb
1,0.829365074634552,523,ai_the_thao_0392_gemini-3.7-flash
1,0.8219696879386902,555,ai_van_hoa_0431_gemini-3.7-flash
1,0.8423236608505249,517,ai_giao_duc_0702_gemini-3.7-flash
0,1.030837059020996,555,845786f5aa60b798
1,0.84375,684,ai_chinh_tri_0588_GPT-5.6 Luna
0,0.956204354763031,512,a8fcb60bb064ba35
1,0.8925926089286804,684,ai_giao_duc_0626_GPT-5.6 Luna
0,1.0133333206176758,625,437f10010d059970
1,0.867521345615387,600,ai_giao_duc_0209_gemini-3.7-flash
1,0.8799999952316284,554,ai_the_thao_0755_gemini-3.7-flash
0,1.0444444417953491,650,b7feddcd5df68ac2
0,0.9378238320350648,512,024f34d35077cb89
1,0.8755555748939514,513,ai_chinh_tri_0231_gemini-3.7-flash
0,0.9372549057006836,768,d0c78e02ce9484a4
1,0.8759124279022217,684,ai_chinh_tri_0749_GPT-5.6 Luna
0,0.952662706375122,768,6d770f88393a3b76
0,1.0625,585,d5aec80b285ab7be
0,0.9585062265396118,768,acbf687fc72de2a6
1,0.9531915187835692,531,ai_xa_hoi_0030_gemini-3.7-flash
0,0.946666657924652,670,fc46d780db8052c6
1,0.8785714507102966,686,ai_xa_hoi_0604_GPT-5.6 Luna
1,0.8633093237876892,684,ai_chinh_tri_0255_GPT-5.6 Luna
1,0.8636363744735718,686,ai_the_thao_0574_GPT-5.6 Luna
1,0.8735178112983704,644,ai_kinh_te_0661_gemini-3.7-flash
0,0.9716312289237976,512,4ae89fc4a02cb65a
1,0.8531468510627747,685,ai_the_thao_0411_GPT-5.6 Luna
1,0.8813559412956238,574,ai_van_hoa_0285_gemini-3.7-flash
1,0.9383260011672974,551,ai_van_hoa_0454_gemini-3.7-flash
0,0.969072163105011,254,491287ee50f43fd0
0,1.008583664894104,512,70ff52d4f9855783
1,0.8546099066734314,686,ai_chinh_tri_0691_GPT-5.6 Luna
1,0.8991228342056274,565,ai_chinh_tri_0650_gemini-3.7-flash
1,0.8584070801734924,544,ai_van_hoa_0584_gemini-3.7-flash
0,1.0833333730697632,648,09171b074537d3f0
1,0.912350594997406,515,ai_kinh_te_0008_gemini-3.7-flash
0,1.0220264196395874,512,d6a29697b65525e4
1,0.8528138399124146,575,ai_van_hoa_0161_gemini-3.7-flash
0,1.0230768918991089,521,44fbcd86441c4187
1,0.8483412265777588,560,ai_giao_duc_0127_gemini-3.7-flash
0,0.9767441749572754,768,20c2a9167e33401d
1,0.8892857432365417,686,ai_giao_duc_0070_GPT-5.6 Luna
1,0.8755555748939514,513,ai_chinh_tri_0743_gemini-3.7-flash
1,0.8888888955116272,643,ai_kinh_te_0297_gemini-3.7-flash
1,0.9004328846931458,566,ai_chinh_tri_0198_gemini-3.7-flash
0,1.0133333206176758,696,c5a8eb884b9f8336
0,0.9580838084220886,512,e9b7f71ea7f60716
0,1.0,768,17db6d108b7b3811
0,1.0080971717834473,768,6bd6671a18066abb
0,0.9849624037742616,680,4773fb11015abacb
1,0.8584070801734924,544,ai_van_hoa_0312_gemini-3.7-flash
1,0.8661971688270569,685,ai_kinh_te_0790_GPT-5.6 Luna
0,0.938095211982727,512,1d3f5b77a853847a
0,1.0479999780654907,689,70e52e1d55d2c3e1
0,0.9871794581413268,524,93a49e34c3058c6d
0,0.9754601120948792,512,dbe2a0927be54bea
0,0.9926470518112184,512,793b86988e7b1558
0,0.9270386099815368,768,9337ad6e64b5bb16
0,0.8904109597206116,624,bcc7087e81260705
0,0.9683544039726256,512,869f876796ef99ea
0,0.978723406791687,655,367451d729ba0168
0,0.9454545378684998,627,d17019f8f8450e16
0,1.0125786066055298,768,4990ad31ab06e290
0,1.0,768,b493b37bbaa6ed3e
0,0.9860140085220336,768,25dce19e8228402c
0,0.83203125,668,dab018ac863dffc5
1,0.8216783404350281,684,ai_the_thao_0048_GPT-5.6 Luna
0,0.9138755798339844,673,56a8d94821758d08
1,0.8515625,567,ai_kinh_te_0478_gemini-3.7-flash
0,0.9751552939414978,529,5b0f6d9b2785f809
0,0.9717742204666138,512,dc705f43c1a16918
1,0.867521345615387,600,ai_giao_duc_0025_gemini-3.7-flash
0,0.9602649211883544,768,b2b374c7a5ac50ae
0,0.9111111164093018,512,8d18562f49779297
0,1.0087336301803589,690,8b74fe5e85259d6e
0,1.0,644,ade91894760fc30e
0,1.0509554147720337,627,fce22902786917c5
0,0.9169960618019104,684,36a8fd10488f6fa5
1,0.8333333134651184,530,ai_kinh_te_0659_gemini-3.7-flash
1,0.9194915294647216,497,ai_xa_hoi_0224_gemini-3.7-flash
1,0.8755555748939514,513,ai_chinh_tri_0127_gemini-3.7-flash
0,1.0656933784484863,706,9c5904638202fdd8
1,0.8695651888847351,684,ai_kinh_te_0431_GPT-5.6 Luna
0,0.9848484992980956,447,d92e1cb56f096959
1,0.8515625,567,ai_kinh_te_0494_gemini-3.7-flash
1,0.8666666746139526,530,ai_giao_duc_0088_gemini-3.7-flash
0,1.0341463088989258,628,1cc744dfa4ee76a4
1,0.9383260011672974,551,ai_van_hoa_0630_gemini-3.7-flash
0,1.0064934492111206,581,e83923622b260912
0,1.0533332824707031,512,68ba5d111a87d38f
1,0.8473895788192749,521,ai_the_thao_0676_gemini-3.7-flash
1,0.8952381014823914,595,ai_chinh_tri_0621_gemini-3.7-flash
0,1.0486725568771362,647,d206993eba6ab6b4
0,0.993333339691162,675,b94d66987ce3e4ea
1,0.8263888955116272,684,ai_the_thao_0824_GPT-5.6 Luna
1,0.8735178112983704,644,ai_kinh_te_0445_gemini-3.7-flash
1,0.8784722089767456,686,ai_the_thao_0297_GPT-5.6 Luna
1,0.8888888955116272,643,ai_kinh_te_0673_gemini-3.7-flash
0,0.8341231942176819,768,1045a96126c5a155
0,0.9856114983558656,768,2affc6831a16f4d8
0,0.8680555820465088,540,352f3b55e69c7659
1,0.8617021441459656,686,ai_kinh_te_0741_GPT-5.6 Luna
1,0.8813559412956238,574,ai_van_hoa_0661_gemini-3.7-flash
0,1.0067567825317385,512,da99e2aaa72dfdd1
1,0.8821428418159485,685,ai_kinh_te_0262_GPT-5.6 Luna
0,1.0198675394058228,522,32fe77f7aba02d0e
1,0.8799999952316284,554,ai_the_thao_0419_gemini-3.7-flash
0,1.0308642387390137,564,f109b31eddea16f8
1,0.8735178112983704,644,ai_kinh_te_0757_gemini-3.7-flash
0,0.8851063847541809,685,39b4b8ffdad51d37
0,0.8543046116828918,768,fe76a11edf541a6d
0,1.0443037748336792,652,de2ad4365740b725
0,0.9799196720123292,592,bad5bfd4fb31636b
0,1.0039526224136353,622,7a4ccf86989af6f1
0,0.9931034445762634,768,a13c5c71e321b1b6
1,0.8813559412956238,574,ai_van_hoa_0541_gemini-3.7-flash
0,0.9300699234008788,666,fcf2b04f6dd55da7
0,1.02400004863739,667,7d59c6553aa06b93
1,0.8510638475418091,686,ai_van_hoa_0739_GPT-5.6 Luna
1,0.8690476417541504,568,ai_kinh_te_0538_gemini-3.7-flash
1,0.8556337952613831,684,ai_the_thao_0571_GPT-5.6 Luna
0,1.112676024436951,588,55ee3443f0937cef
1,0.8601398468017578,684,ai_van_hoa_0311_GPT-5.6 Luna
1,0.85447758436203,530,ai_kinh_te_0647_gemini-3.7-flash
0,1.033472776412964,546,8c3c90053382a7ff
1,0.895652174949646,545,ai_chinh_tri_0520_gemini-3.7-flash
0,0.9416058659553528,768,86de2b7a0d3395e0
0,0.9754098653793336,669,9fd80aaedaba1cc3
0,0.989071011543274,768,251733c26c23ddc7
0,0.911764681339264,512,612c48073ddec639
0,1.070270299911499,603,403d86d2e7366ab8
1,0.8695651888847351,685,ai_giao_duc_0524_GPT-5.6 Luna
1,0.8991228342056274,565,ai_chinh_tri_0218_gemini-3.7-flash
0,0.9954338073730468,700,6bcd9a8cfb94c87e
0,0.9205297827720642,580,219fbfa7e60aaff2
0,0.9570552110671996,284,c6802c681e516643
1,0.9234449863433838,551,ai_xa_hoi_0531_gemini-3.7-flash
1,0.8733624219894409,545,ai_chinh_tri_0436_gemini-3.7-flash
0,0.9882352948188782,590,748b33422022af9a
1,0.8417266011238098,684,ai_chinh_tri_0478_GPT-5.6 Luna
1,0.8389830589294434,554,ai_the_thao_0559_gemini-3.7-flash
0,0.8807692527770996,566,673e334ef8ac9421
1,0.9242424368858336,596,ai_chinh_tri_0329_gemini-3.7-flash
0,1.0608108043670654,453,d376b66a27e0a878
1,0.8999999761581421,684,ai_kinh_te_0404_GPT-5.6 Luna
0,1.0,512,21687ed468858385
1,0.8678571581840515,685,ai_kinh_te_0293_GPT-5.6 Luna
1,0.902255654335022,684,ai_xa_hoi_0551_GPT-5.6 Luna
0,0.9908257126808168,641,1476604ec8c4a033
0,0.9820627570152284,768,c79eb0f61689d584
1,0.8666666746139526,530,ai_giao_duc_0760_gemini-3.7-flash
0,1.0,512,b7a654dda8c0c715
0,1.0077519416809082,690,7817f4bb9c5babc6
0,0.9383886456489564,690,1044f3f26a315fdf
1,0.9014084339141846,550,ai_xa_hoi_0479_gemini-3.7-flash
1,0.8590308427810669,595,ai_the_thao_0241_gemini-3.7-flash
0,1.1006711721420288,667,45e9c43d26f0aee5
0,0.984924614429474,768,695dfb2f83d50fb2
0,1.0170212984085083,768,0b30f19e7fef9447
1,0.9910714030265808,550,ai_van_hoa_0282_gemini-3.7-flash
0,1.0,188,8ac3ae557152c6f7
1,0.8410041928291321,531,ai_the_thao_0134_gemini-3.7-flash
1,0.866906464099884,685,ai_kinh_te_0146_GPT-5.6 Luna
0,0.9820359349250792,647,d5570b5907b974f5
0,1.0416666269302368,659,7a96936d490acc74
0,0.9707112908363342,726,13596ccfdb51f0c5
0,0.9712918400764464,768,eb029d79d5725c4b
1,0.8905109763145447,686,ai_chinh_tri_0721_GPT-5.6 Luna
0,0.9800000190734864,553,d915e067f01c4a0e
0,0.9264705777168274,573,1a93d48a0981a361
0,0.9365671873092652,561,0d0d8fc56fd88f5d
1,0.8767605423927307,686,ai_xa_hoi_0732_GPT-5.6 Luna
0,1.0,621,f0bb2cec4f3e4900
1,0.9014084339141846,550,ai_xa_hoi_0039_gemini-3.7-flash
0,0.9795918464660645,602,144b63a85af2ac09
1,0.8510638475418091,686,ai_kinh_te_0384_GPT-5.6 Luna
0,0.9794520735740662,512,c05b9ed5395b9a38
1,0.8785714507102966,686,ai_xa_hoi_0124_GPT-5.6 Luna
1,0.8636363744735718,686,ai_the_thao_0694_GPT-5.6 Luna
1,0.8417266011238098,684,ai_chinh_tri_0358_GPT-5.6 Luna
0,0.9424460530281068,512,1eb0a48b22f344da
1,0.912350594997406,515,ai_kinh_te_0800_gemini-3.7-flash
0,1.007575750350952,672,a0596f5a68291eec
1,0.9166666865348816,514,ai_kinh_te_0428_gemini-3.7-flash
0,1.0,768,2b78bb5c5973d919
0,0.9588235020637512,768,9f57df2dacc851bb
0,0.9645389914512634,547,8eec3cace4ef8cc1
0,1.0314465761184692,512,b856061f4f7d6286
0,0.9958847761154176,638,cc4cd6d19b7469d5
1,0.8510638475418091,686,ai_xa_hoi_0134_GPT-5.6 Luna
1,0.9194915294647216,497,ai_xa_hoi_0632_gemini-3.7-flash
1,0.8888888955116272,643,ai_kinh_te_0233_gemini-3.7-flash
1,0.9404255151748656,533,ai_xa_hoi_0538_gemini-3.7-flash
0,0.989847719669342,423,b3df5f267f6fd482
0,0.9929577708244324,563,fb735968c632db5a
0,0.9707112908363342,681,57ac4a7aa9020bc8
0,1.1392405033111572,705,aeeaf227a7ba3408
1,0.8469387888908386,685,ai_chinh_tri_0756_GPT-5.6 Luna
0,0.970370352268219,641,8d86bb5f5c5e4620
0,0.9395973086357116,448,1cbe8f1afb1d423f
0,0.9086757898330688,768,86c2e19c72af5097
1,0.8840579986572266,686,ai_giao_duc_0223_GPT-5.6 Luna
0,0.9882352948188782,512,a7e042d1c85f2de2
1,0.8514492511749268,684,ai_kinh_te_0370_GPT-5.6 Luna
0,1.0215827226638794,576,07dc056e90908ea6
0,0.9537814855575562,512,190f0960c8f2be21
0,0.9784172773361206,524,f5b47b8998496c78
0,0.9673202633857728,512,7304b2876c96d1e7
1,0.9404255151748656,533,ai_xa_hoi_0658_gemini-3.7-flash
1,0.8623188138008118,685,ai_chinh_tri_0217_GPT-5.6 Luna
1,0.8617021441459656,686,ai_chinh_tri_0675_GPT-5.6 Luna
0,0.8222222328186035,450,9df339403ccf9d7d
1,0.8723404407501221,685,ai_giao_duc_0792_GPT-5.6 Luna
1,0.8546099066734314,686,ai_xa_hoi_0402_GPT-5.6 Luna
1,0.8999999761581421,686,ai_giao_duc_0163_GPT-5.6 Luna
1,0.875,684,ai_chinh_tri_0072_GPT-5.6 Luna
0,1.028777003288269,632,4d96aabe6ea30f69
0,0.9356223344802856,678,ee487d2d7d906f57
1,0.8483412265777588,560,ai_giao_duc_0247_gemini-3.7-flash
1,0.895652174949646,545,ai_chinh_tri_0648_gemini-3.7-flash
1,0.895652174949646,545,ai_chinh_tri_0352_gemini-3.7-flash
1,0.8586956262588501,685,ai_chinh_tri_0745_GPT-5.6 Luna
0,0.9863945841789246,648,695f062cd39b2ad2
0,1.0,512,0600c60fecbbfa9a
0,0.8804348111152649,688,c22dbadd942c6cd0
0,0.9735682606697084,569,86b73754f28325ab
0,1.024999976158142,663,dc312acd43a7ad13
0,1.307692289352417,574,d7f8b072b3f93ffa
1,0.8473895788192749,521,ai_the_thao_0092_gemini-3.7-flash
0,0.8993710875511169,768,994b0991ff210a95
1,0.8804348111152649,686,ai_giao_duc_0237_GPT-5.6 Luna
0,0.9726775884628296,647,d6d352ceed715def
1,0.8776978254318237,686,ai_giao_duc_0679_GPT-5.6 Luna
0,1.1036585569381714,512,1430ce9cf2939cca
1,0.8473895788192749,521,ai_the_thao_0748_gemini-3.7-flash
1,0.925110161304474,599,ai_giao_duc_0797_gemini-3.7-flash
0,0.9069767594337464,638,d5f295511391edc1
0,0.9558823704719543,768,5b7831d5ef5ee8d7
1,0.8510638475418091,686,ai_xa_hoi_0709_GPT-5.6 Luna
1,0.8515625,567,ai_kinh_te_0798_gemini-3.7-flash
1,0.8905109763145447,684,ai_kinh_te_0468_GPT-5.6 Luna
1,0.9242424368858336,596,ai_chinh_tri_0217_gemini-3.7-flash
1,0.904411792755127,686,ai_giao_duc_0661_GPT-5.6 Luna
0,0.9338235259056092,679,5affcebccbfdfd28
1,0.8991228342056274,565,ai_chinh_tri_0706_gemini-3.7-flash
1,0.89552241563797,684,ai_xa_hoi_0511_GPT-5.6 Luna
1,0.8813559412956238,574,ai_van_hoa_0365_gemini-3.7-flash
0,0.9384615421295166,649,93d30512457491c9
0,0.96256685256958,512,fd6a502e4bb4af10
1,0.8586956262588501,684,ai_van_hoa_0334_GPT-5.6 Luna
1,0.828000009059906,529,ai_the_thao_0762_gemini-3.7-flash
0,1.0300428867340088,573,89dcc4f92c47bab6
1,0.8888888955116272,643,ai_kinh_te_0481_gemini-3.7-flash
1,0.8546099066734314,686,ai_chinh_tri_0459_GPT-5.6 Luna
0,1.0,512,c0be04e5ff1eedbe
0,0.9740259647369384,696,f6166033029ffde7
1,0.866906464099884,685,ai_xa_hoi_0761_GPT-5.6 Luna
1,0.8804348111152649,684,ai_chinh_tri_0272_GPT-5.6 Luna
0,1.091953992843628,696,9619eac6cfbfe372
1,0.9910714030265808,550,ai_van_hoa_0498_gemini-3.7-flash
0,0.9864864945411682,593,d784c5c78db44d73
1,0.9613733887672424,531,ai_xa_hoi_0806_gemini-3.7-flash
1,0.8423236608505249,517,ai_giao_duc_0190_gemini-3.7-flash
1,0.9279661178588868,569,ai_xa_hoi_0605_gemini-3.7-flash
0,1.019736886024475,512,d2a1ff633a63e656
1,0.8860294222831726,684,ai_giao_duc_0418_GPT-5.6 Luna
1,0.9067164063453674,684,ai_giao_duc_0402_GPT-5.6 Luna
1,0.8360000252723694,557,ai_van_hoa_0587_gemini-3.7-flash
1,0.8829787373542786,686,ai_kinh_te_0206_GPT-5.6 Luna
0,1.0,768,356273b198ddccea
0,1.0,616,fd3876d228d27816
0,0.89449542760849,512,8daf3b869ce94fba
1,0.8888888955116272,518,ai_chinh_tri_0043_gemini-3.7-flash
1,0.8686131238937378,684,ai_giao_duc_0089_GPT-5.6 Luna
1,0.85447758436203,530,ai_kinh_te_0431_gemini-3.7-flash
0,0.9557521939277648,521,f1419467fcb2c712
0,1.0800000429153442,621,e6cb4b3a0e242f3f
1,0.9004328846931458,566,ai_chinh_tri_0662_gemini-3.7-flash
1,0.9166666865348816,514,ai_kinh_te_0228_gemini-3.7-flash
1,0.8713235259056091,684,ai_giao_duc_0537_GPT-5.6 Luna
1,0.8690476417541504,568,ai_kinh_te_0578_gemini-3.7-flash
1,0.8738738894462585,530,ai_giao_duc_0068_gemini-3.7-flash
1,0.8735178112983704,644,ai_kinh_te_0685_gemini-3.7-flash
1,0.8607142567634583,685,ai_chinh_tri_0151_GPT-5.6 Luna
1,0.8617021441459656,686,ai_xa_hoi_0250_GPT-5.6 Luna
1,0.8571428656578064,685,ai_kinh_te_0221_GPT-5.6 Luna
1,0.886956512928009,596,ai_the_thao_0453_gemini-3.7-flash
0,0.8809523582458496,581,93dcd35c50d12525
1,0.8591549396514893,685,ai_kinh_te_0795_GPT-5.6 Luna
1,0.8661971688270569,685,ai_the_thao_0620_GPT-5.6 Luna
1,0.8829787373542786,685,ai_the_thao_0418_GPT-5.6 Luna
1,0.8401360511779785,684,ai_the_thao_0655_GPT-5.6 Luna
0,0.9572649598121644,759,04a002234ebdc0a3
0,0.8933333158493042,591,d4b340a693852501
1,0.8678571581840515,686,ai_chinh_tri_0306_GPT-5.6 Luna
0,1.047619104385376,547,ad530f992b3ba1fb
1,0.8630136847496033,686,ai_the_thao_0161_GPT-5.6 Luna
1,0.8741007447242737,686,ai_van_hoa_0204_GPT-5.6 Luna
1,0.8633093237876892,684,ai_van_hoa_0598_GPT-5.6 Luna
0,0.9507042169570924,768,128f2686bff9afce
0,0.9147287011146544,677,9b665a01f108f597
1,0.9234449863433838,551,ai_xa_hoi_0259_gemini-3.7-flash
0,0.9863013625144958,655,7a869ff3c0644418
1,0.8884119987487793,574,ai_van_hoa_0821_gemini-3.7-flash
1,0.8360000252723694,557,ai_van_hoa_0459_gemini-3.7-flash
1,0.8695651888847351,686,ai_xa_hoi_0355_GPT-5.6 Luna
0,0.9162790775299072,512,8a139979f4235138
1,0.912350594997406,515,ai_kinh_te_0592_gemini-3.7-flash
0,1.0165746212005615,512,c0d56bc635d1b890
0,0.9721115827560424,512,8bc8588c2709ebdf
1,0.8500000238418579,684,ai_kinh_te_0138_GPT-5.6 Luna
0,1.0591132640838623,512,c6aca1cc425a7900
0,1.0092592239379885,620,bca51237126e1070
0,0.9663461446762084,506,8ee87a652158a88d
0,0.9793103337287904,543,c1d5c1ab257b7d0e
0,1.0365296602249146,696,1c0a1edb08dc1070
0,1.0,512,513784cfff925986
1,0.8561151027679443,684,ai_kinh_te_0698_GPT-5.6 Luna
0,1.1370967626571655,512,bbbf5cca8bb67e9f
1,0.8423236608505249,517,ai_giao_duc_0814_gemini-3.7-flash
1,0.8341013789176941,561,ai_giao_duc_0723_gemini-3.7-flash
0,1.028777003288269,768,495ad04108570bb6
0,0.9729729890823364,768,16e486ac18149411
1,0.9230769276618958,494,ai_xa_hoi_0348_gemini-3.7-flash
1,0.8601398468017578,686,ai_the_thao_0037_GPT-5.6 Luna
0,1.047619104385376,573,9be10e4b2891c293
0,0.908088207244873,557,cfcf09200d3593c0
1,0.8639705777168274,684,ai_giao_duc_0697_GPT-5.6 Luna
0,0.9758453965187072,569,cd7d07886bdf2d98
1,0.8423236608505249,517,ai_giao_duc_0470_gemini-3.7-flash
1,0.829365074634552,523,ai_the_thao_0208_gemini-3.7-flash
0,1.0261437892913818,768,f54fe4c3e1e93689
1,0.8952381014823914,595,ai_chinh_tri_0717_gemini-3.7-flash
0,1.0234375,566,a3a3db2d31ac8e97
1,0.8591549396514893,686,ai_van_hoa_0144_GPT-5.6 Luna
1,0.8219696879386902,555,ai_van_hoa_0327_gemini-3.7-flash
1,0.8723404407501221,685,ai_van_hoa_0122_GPT-5.6 Luna
1,0.8576388955116272,686,ai_the_thao_0634_GPT-5.6 Luna
0,0.9864253401756288,512,6fa32a28e78cc6b6
0,0.9911110997200012,560,2824177996eb5c2a
0,1.0515021085739136,570,1028d9de907d54ea
1,0.9279661178588868,569,ai_xa_hoi_0269_gemini-3.7-flash
1,0.9014084339141846,550,ai_xa_hoi_0135_gemini-3.7-flash
1,0.8782608509063721,547,ai_van_hoa_0740_gemini-3.7-flash
0,0.929729700088501,532,2ae270b1986bcb1a
1,0.8799999952316284,554,ai_the_thao_0619_gemini-3.7-flash
0,0.9785714149475098,512,1dc6fc92eba31b5d
0,1.020942449569702,429,2d06f2e1f3c533ec
0,1.1036585569381714,505,000a2ecf2a3d9e50
0,1.045045018196106,629,859c5efca97697c7
1,0.8584070801734924,544,ai_van_hoa_0496_gemini-3.7-flash
0,0.94921875,768,c9e054a27ba4a508
1,0.829365074634552,523,ai_the_thao_0584_gemini-3.7-flash
1,0.829365074634552,523,ai_the_thao_0440_gemini-3.7-flash
1,0.8500000238418579,685,ai_kinh_te_0485_GPT-5.6 Luna
1,0.8576388955116272,686,ai_van_hoa_0248_GPT-5.6 Luna
0,0.9631578922271729,512,47224507ef3de2e1
1,0.8528138399124146,575,ai_van_hoa_0217_gemini-3.7-flash
1,0.912350594997406,515,ai_kinh_te_0624_gemini-3.7-flash
1,0.8591549396514893,686,ai_xa_hoi_0509_GPT-5.6 Luna
0,1.0222222805023191,557,1757e643e5e66f92
0,0.9674418568611144,602,d4040e118ea1d5d7
1,0.8865247964859009,686,ai_giao_duc_0126_GPT-5.6 Luna
0,1.0046948194503784,661,aeb6f12c64e127e9
1,0.9279661178588868,569,ai_xa_hoi_0581_gemini-3.7-flash
1,0.8782608509063721,547,ai_van_hoa_0668_gemini-3.7-flash
1,0.8423236608505249,517,ai_giao_duc_0830_gemini-3.7-flash
0,0.975806474685669,651,8950011b55ac979e
0,0.9956331849098206,512,6fcad146dab8149d
0,0.9675675630569458,630,64d00e91b8745639
0,0.9727891087532043,768,eb6a3294198524a5
0,1.0153846740722656,768,c7cdc7521552ace4
1,0.8695651888847351,685,ai_xa_hoi_0270_GPT-5.6 Luna
1,0.9227467775344848,570,ai_xa_hoi_0033_gemini-3.7-flash
0,0.995708167552948,512,36645107d25c6675
0,0.9551020264625548,512,3b4976f0a11bfd91
1,0.8360000252723694,557,ai_van_hoa_0267_gemini-3.7-flash
0,0.9512194991111756,616,651093881defbb77
0,0.955974817276001,768,93cf45d345a1c92f
0,1.0070922374725342,512,a358d234bc41e6d8
0,1.0198675394058228,605,12e202298490b267
0,1.0,602,56943e1d1d729f2b
1,0.925110161304474,599,ai_giao_duc_0557_gemini-3.7-flash
1,0.8601398468017578,684,ai_van_hoa_0279_GPT-5.6 Luna
1,0.867521345615387,600,ai_giao_duc_0073_gemini-3.7-flash
1,0.8617021441459656,685,ai_xa_hoi_0478_GPT-5.6 Luna
1,0.8723404407501221,685,ai_van_hoa_0602_GPT-5.6 Luna
0,0.9790209531784058,512,b51ff727ed72925e
0,1.0150375366210938,512,c30abfcf462d162f
1,0.866906464099884,684,ai_chinh_tri_0365_GPT-5.6 Luna
0,1.0359711647033691,512,b7234cfa34c65798
0,1.1492537260055542,512,5aedec6b6221c0dc
1,0.8219696879386902,555,ai_van_hoa_0639_gemini-3.7-flash
0,1.0418604612350464,564,2277c8a64a416720
0,0.9031007885932922,768,34e729651a1486e1
0,0.9563491940498352,768,b5146b9893f0c7f5
0,0.9939393997192384,768,4db643262e998aae
1,0.8794642686843872,544,ai_van_hoa_0016_gemini-3.7-flash
0,0.9580152630805968,625,e4c9791f42fdf880
0,1.0188679695129397,214,3e0ba4f8a8f4b901
0,0.9379310607910156,675,1b26cb49e186f337
0,0.9704433679580688,768,df86cb5b457a09e8
0,1.1088435649871826,711,83effbefac00057a
1,0.895652174949646,545,ai_chinh_tri_0544_gemini-3.7-flash
0,0.9821428656578064,512,316b358b53ded1b4
1,0.9014084339141846,550,ai_xa_hoi_0703_gemini-3.7-flash
0,0.9795918464660645,768,4025223ad12db476
0,0.9416666626930236,585,91826da06163ab66
0,0.9776785969734192,768,0c18434d59979839
0,0.9444444179534912,649,977580acf7232547
1,0.8360000252723694,557,ai_van_hoa_0451_gemini-3.7-flash
1,0.8916084170341492,686,ai_the_thao_0273_GPT-5.6 Luna
1,0.886956512928009,596,ai_the_thao_0261_gemini-3.7-flash
0,1.048034906387329,512,e7b1b4c712443a31
0,0.9409090876579284,768,31b14dd1ffcd9d9a
0,0.9453125,646,a764c09ba2c9a386
0,0.9745222926139832,768,ec63288388d0e278
1,0.9230769276618958,494,ai_xa_hoi_0772_gemini-3.7-flash
1,0.8666666746139526,530,ai_giao_duc_0552_gemini-3.7-flash
1,0.8360000252723694,557,ai_van_hoa_0171_gemini-3.7-flash
0,1.0064102411270142,547,89b8c925a79224f6
0,1.0333333015441897,768,1900e0bb7434e945
0,0.9644444584846495,764,bd9d64c01153e076
1,0.8620689511299133,686,ai_the_thao_0124_GPT-5.6 Luna
0,1.0,512,ce75234e77f1526e
0,1.0076923370361328,512,5ea4b9c03d64ecd2
1,0.8510638475418091,686,ai_van_hoa_0379_GPT-5.6 Luna
0,0.966216206550598,768,49abfdd887618062
0,1.0232558250427246,628,f57f7758c7a824ce
1,0.828000009059906,529,ai_the_thao_0210_gemini-3.7-flash
0,1.032467484474182,512,036678c13b2f90c5
1,0.8515625,567,ai_kinh_te_0254_gemini-3.7-flash
0,0.9659090638160706,766,846ca5dc79ae6e1a
0,1.0274510383605957,768,9e0719773de2f33e
1,0.8971630930900574,686,ai_giao_duc_0174_GPT-5.6 Luna
1,0.8733624219894409,545,ai_chinh_tri_0476_gemini-3.7-flash
1,0.8510638475418091,686,ai_van_hoa_0259_GPT-5.6 Luna
1,0.8767605423927307,686,ai_van_hoa_0570_GPT-5.6 Luna
1,0.8767605423927307,686,ai_xa_hoi_0132_GPT-5.6 Luna
1,0.9004328846931458,566,ai_chinh_tri_0062_gemini-3.7-flash
1,0.8804348111152649,686,ai_giao_duc_0108_GPT-5.6 Luna
1,0.8952381014823914,595,ai_chinh_tri_0005_gemini-3.7-flash
0,1.0,750,7b883c73ee1b1d67
0,1.0,694,71df4e369f0779a2
0,1.107569694519043,631,7c7b3c71a28584f4
1,0.9242424368858336,596,ai_chinh_tri_0305_gemini-3.7-flash
0,0.9930555820465088,768,33f437e429a419aa
0,1.0153846740722656,512,9afde022ee11893b
0,0.9516907930374146,570,1bc0c4dc2921bf7d
1,0.8695651888847351,686,ai_xa_hoi_0307_GPT-5.6 Luna
1,0.85447758436203,530,ai_kinh_te_0695_gemini-3.7-flash
1,0.8514492511749268,684,ai_kinh_te_0730_GPT-5.6 Luna
0,0.9857819676399232,512,65bb8f98e7dadde0
0,1.0582010746002195,768,aba8c24f4e7274e3
0,1.0970149040222168,768,2a1607457c694006
0,0.9900000095367432,655,6f4037be86ae79f5
0,0.9387755393981934,718,4ff4aaa18e4ab3df
0,0.8849999904632568,557,3d6803ded41801b6
0,0.9563491940498352,533,99d6a7e7fce3f5cb
0,0.9719101190567015,607,4db65e4da8d2ab80
0,1.0205761194229126,653,5489cdfef67ba06d
1,0.9234449863433838,551,ai_xa_hoi_0595_gemini-3.7-flash
0,1.0833333730697632,512,95667fd05e69d3fa
1,0.8623188138008118,685,ai_chinh_tri_0697_GPT-5.6 Luna
1,0.895652174949646,545,ai_chinh_tri_0448_gemini-3.7-flash
0,0.9931507110595704,585,c5b3a4e63f9d8e75
1,0.8755555748939514,513,ai_chinh_tri_0607_gemini-3.7-flash
0,1.0,679,c7289fa7e9b9a093
1,0.9227467775344848,570,ai_xa_hoi_0745_gemini-3.7-flash
0,0.9923076629638672,568,fe083cecc3d32553
1,0.8333333134651184,684,ai_van_hoa_0349_GPT-5.6 Luna
1,0.8514492511749268,684,ai_kinh_te_0042_GPT-5.6 Luna
1,0.8738738894462585,530,ai_giao_duc_0652_gemini-3.7-flash
0,1.0897436141967771,555,722f23a68cd96052
1,0.8389830589294434,554,ai_the_thao_0231_gemini-3.7-flash
0,0.9209486246109008,512,a74c3f64110ee838
0,1.058823585510254,610,196594968c80f534
1,0.84375,685,ai_van_hoa_0343_GPT-5.6 Luna
0,0.9549180269241332,534,a239d5c808d84b48
1,0.8758864998817444,684,ai_van_hoa_0479_GPT-5.6 Luna
0,0.9876033067703248,648,e5788faddf78bf7a
0,0.9635036587715148,768,d90fbb8c711de71f
1,0.8888888955116272,643,ai_kinh_te_0657_gemini-3.7-flash
1,0.8686131238937378,684,ai_chinh_tri_0017_GPT-5.6 Luna
1,0.8804348111152649,686,ai_giao_duc_0828_GPT-5.6 Luna
0,1.0236220359802246,676,474daa018846b3c5
0,0.92578125,534,c7a0f2a2f5f1de2f
0,1.162500023841858,647,f62ad7ab1f872dba
0,0.9792746305465698,512,dd48ad9a088d0192
1,0.9230769276618958,494,ai_xa_hoi_0732_gemini-3.7-flash
0,1.0681818723678589,505,ea26575ac6739c4a
1,0.8991228342056274,565,ai_chinh_tri_0818_gemini-3.7-flash
1,0.8510638475418091,685,ai_chinh_tri_0538_GPT-5.6 Luna
1,0.8695651888847351,684,ai_van_hoa_0134_GPT-5.6 Luna
0,0.9858155846595764,768,963cd4f031701aa8
1,0.8219696879386902,555,ai_van_hoa_0119_gemini-3.7-flash
1,0.8999999761581421,686,ai_giao_duc_0195_GPT-5.6 Luna
0,1.015625,511,2e86aa2c1375bdc7
1,0.8368055820465088,685,ai_kinh_te_0665_GPT-5.6 Luna
0,1.0197628736495972,768,90cf0d4c7034cb13
1,0.8905109763145447,686,ai_chinh_tri_0361_GPT-5.6 Luna
0,0.943127989768982,654,dcf126ff240a8555
1,0.886956512928009,596,ai_the_thao_0077_gemini-3.7-flash
1,0.8859649300575256,518,ai_giao_duc_0610_gemini-3.7-flash
0,1.050847411155701,501,bb7bcde06943981d
0,1.010928988456726,515,02a9ce4047db22d6
0,1.039370059967041,512,13b5a92380be634e
1,0.8782608509063721,547,ai_van_hoa_0628_gemini-3.7-flash
1,0.8556337952613831,684,ai_the_thao_0691_GPT-5.6 Luna
0,0.956204354763031,768,b0bb6525f7450426
1,0.8652482032775879,686,ai_xa_hoi_0453_GPT-5.6 Luna
0,0.9880239367485046,615,0cca674106c1018e
0,0.9610389471054076,768,b268333197da1754
0,0.9927007555961608,671,9ff1e8184a3dc160
0,1.0160428285598757,512,87cf7202393481b9
1,0.8785714507102966,685,ai_kinh_te_0153_GPT-5.6 Luna
1,0.8528138399124146,575,ai_van_hoa_0313_gemini-3.7-flash
1,0.8755555748939514,513,ai_chinh_tri_0271_gemini-3.7-flash
0,0.8526315689086914,681,5718163c67dc7625
0,1.0273972749710083,675,76f74cfe0f8f80e0
0,1.015625,643,7afbd6ebe4c2622c
0,0.9893048405647278,768,62a0870e31de8226
1,0.8510638475418091,684,ai_van_hoa_0081_GPT-5.6 Luna
1,0.8888888955116272,643,ai_kinh_te_0457_gemini-3.7-flash
0,0.991416335105896,615,931a7e35d4b9ac17
1,0.8758864998817444,685,ai_kinh_te_0398_GPT-5.6 Luna
0,0.9747899174690248,512,839a449558a7b4dd
1,0.8410041928291321,531,ai_the_thao_0526_gemini-3.7-flash
1,0.8888888955116272,643,ai_kinh_te_0097_gemini-3.7-flash
1,0.9014084339141846,550,ai_xa_hoi_0631_gemini-3.7-flash
1,0.8759124279022217,686,ai_xa_hoi_0515_GPT-5.6 Luna
1,0.8713235259056091,684,ai_chinh_tri_0113_GPT-5.6 Luna
1,0.8546099066734314,685,ai_van_hoa_0785_GPT-5.6 Luna
1,0.9194915294647216,497,ai_xa_hoi_0128_gemini-3.7-flash
1,0.8590308427810669,595,ai_the_thao_0441_gemini-3.7-flash
1,0.8952381014823914,595,ai_chinh_tri_0573_gemini-3.7-flash
1,0.8799999952316284,554,ai_the_thao_0331_gemini-3.7-flash
0,1.0829015970230105,512,8ec22700bba715af
0,1.042553186416626,500,038b70afc945c665
1,0.8723404407501221,686,ai_kinh_te_0139_GPT-5.6 Luna
0,0.978723406791687,657,a0617147a8614131
1,0.8888888955116272,518,ai_chinh_tri_0723_gemini-3.7-flash
0,0.9926470518112184,512,e37970e766080a35
0,0.9194915294647216,700,be7523e8e5130150
1,0.9014084339141846,550,ai_xa_hoi_0583_gemini-3.7-flash
0,0.9245283007621764,512,01ac5113b47fbf15
0,1.0409835577011108,618,d73aced89d230324
0,1.0613497495651243,512,b8058b421c59d0d6
1,0.8731883764266968,686,ai_kinh_te_0592_GPT-5.6 Luna
1,0.9254385828971864,551,ai_van_hoa_0830_gemini-3.7-flash
1,0.9404255151748656,533,ai_xa_hoi_0402_gemini-3.7-flash
1,0.8389830589294434,554,ai_the_thao_0767_gemini-3.7-flash
1,0.8483412265777588,560,ai_giao_duc_0103_gemini-3.7-flash
0,0.9785714149475098,615,465bce9f4a4a4993
0,1.1764706373214722,512,293ebfe9518c0784
0,0.95686274766922,512,5eaa6d7d200afada
1,0.8731883764266968,686,ai_xa_hoi_0627_GPT-5.6 Luna
1,0.8723404407501221,686,ai_chinh_tri_0216_GPT-5.6 Luna
0,0.9523809552192688,703,15598b3008f1d49d
1,0.8514492511749268,684,ai_giao_duc_0769_GPT-5.6 Luna
1,0.8888888955116272,518,ai_chinh_tri_0731_gemini-3.7-flash
1,0.8652482032775879,685,ai_the_thao_0566_GPT-5.6 Luna
1,0.8341013789176941,561,ai_giao_duc_0019_gemini-3.7-flash
0,0.9772727489471436,580,1e5958e48893a484
1,0.9279661178588868,569,ai_xa_hoi_0077_gemini-3.7-flash
1,0.8888888955116272,518,ai_chinh_tri_0707_gemini-3.7-flash
0,0.9774436354637146,768,8845c834f6ae7e27
1,0.8661971688270569,686,ai_van_hoa_0800_GPT-5.6 Luna
0,1.1213592290878296,512,fc84953433ea27ee
0,1.0042016506195068,512,1f7c625a0b21c867
0,0.919028341770172,768,58cd6246080c5951
0,0.9462810158729552,512,eba28c2d31b0ca1d
1,0.9172932505607604,686,ai_giao_duc_0307_GPT-5.6 Luna
0,0.967479646205902,689,2489caa8ee86be98
0,0.9270073175430298,512,8c1fc41a77bddb51
1,0.8758864998817444,685,ai_kinh_te_0641_GPT-5.6 Luna
1,0.8586207032203674,685,ai_the_thao_0668_GPT-5.6 Luna
1,0.8713235259056091,684,ai_giao_duc_0121_GPT-5.6 Luna
1,0.9194915294647216,497,ai_xa_hoi_0016_gemini-3.7-flash
1,0.867521345615387,600,ai_giao_duc_0097_gemini-3.7-flash
0,0.9795918464660645,768,798d3b41af07cb48
0,0.959999978542328,648,6ff22f76581c5140
1,0.912350594997406,515,ai_kinh_te_0416_gemini-3.7-flash
0,0.9635036587715148,629,c36015afe3ca8845
1,0.8840579986572266,685,ai_kinh_te_0014_GPT-5.6 Luna
0,1.023121356964111,768,be314376b6cfa217
1,0.8785714507102966,685,ai_kinh_te_0779_GPT-5.6 Luna
1,0.8804348111152649,685,ai_chinh_tri_0521_GPT-5.6 Luna
0,0.9855072498321532,748,f09d21b7cf617b6d
1,0.8799999952316284,554,ai_the_thao_0363_gemini-3.7-flash
1,0.85447758436203,530,ai_kinh_te_0711_gemini-3.7-flash
0,0.9230769276618958,512,0651f507b0b87822
1,0.8859649300575256,518,ai_giao_duc_0338_gemini-3.7-flash
0,1.0251046419143677,768,4ce575b2802b3acb
1,0.9037036895751952,686,ai_giao_duc_0275_GPT-5.6 Luna
0,0.9213973879814148,512,39615c2d8c302268
0,0.9236111044883728,754,7c3706fcb431e18a
1,0.9383260011672974,551,ai_van_hoa_0662_gemini-3.7-flash
0,1.0306748151779177,512,2c696fc17c13f610
0,0.9369747638702391,556,a9c7f76c2e562458
1,0.8485915660858154,685,ai_van_hoa_0416_GPT-5.6 Luna
1,0.9104477763175964,686,ai_giao_duc_0267_GPT-5.6 Luna
0,0.952054798603058,611,2f81401c4e1927b3
1,0.8389830589294434,554,ai_the_thao_0759_gemini-3.7-flash
0,0.973154366016388,512,377a5ddd3b63100c
1,0.9279661178588868,569,ai_xa_hoi_0389_gemini-3.7-flash
1,0.8341013789176941,561,ai_giao_duc_0763_gemini-3.7-flash
0,0.9379310607910156,513,5e6a8649a6f9aa0c
1,0.9910714030265808,550,ai_van_hoa_0690_gemini-3.7-flash
0,1.017937183380127,576,2f5bb738a14ea644
0,1.0,768,6353198c8fdc21cd
1,0.8500000238418579,684,ai_chinh_tri_0582_GPT-5.6 Luna
1,0.8905109763145447,684,ai_kinh_te_0207_GPT-5.6 Luna
1,0.8584070801734924,544,ai_van_hoa_0408_gemini-3.7-flash
1,0.8813559412956238,574,ai_van_hoa_0573_gemini-3.7-flash
1,0.9037656784057616,494,ai_xa_hoi_0820_gemini-3.7-flash
0,0.9653179049491882,768,b8e56be0061fa35b
1,0.8360000252723694,557,ai_van_hoa_0083_gemini-3.7-flash
1,0.912350594997406,515,ai_kinh_te_0528_gemini-3.7-flash
0,0.947580635547638,633,1fd0469b3202003e
0,1.0235849618911743,512,5dd44eed6207ec9e
0,0.8888888955116272,502,befe2a9fb628afb5
0,1.023809552192688,699,68cc300b3413948d
1,0.9194915294647216,497,ai_xa_hoi_0320_gemini-3.7-flash
0,1.0258064270019531,768,c7307c622bd6a420
0,1.068493127822876,642,23442313f233436b
0,0.9521530866622924,512,130cb8568f79cfea
0,0.9866666793823242,768,bdb4ac2aae2a8bf4
1,0.8601398468017578,684,ai_van_hoa_0431_GPT-5.6 Luna
0,1.0507614612579346,512,b1194172dc74f809
1,0.9227467775344848,570,ai_xa_hoi_0513_gemini-3.7-flash
0,0.9241071343421936,512,55c4c70822e28a3d
1,0.8978102207183838,686,ai_giao_duc_0725_GPT-5.6 Luna
1,0.8731883764266968,684,ai_giao_duc_0512_GPT-5.6 Luna
0,1.0,672,bf35ec7a8abe6e15
1,0.8556337952613831,685,ai_van_hoa_0274_GPT-5.6 Luna
1,0.85447758436203,530,ai_kinh_te_0775_gemini-3.7-flash
0,0.9108280539512634,555,9d8f9d4c50c6e56e
1,0.9254385828971864,551,ai_van_hoa_0798_gemini-3.7-flash
0,0.9874476790428162,512,c06f73ee2dd58d96
0,1.0202702283859253,557,e9eba8128e373852
1,0.8686131238937378,684,ai_giao_duc_0689_GPT-5.6 Luna
1,0.8391608595848083,684,ai_the_thao_0328_GPT-5.6 Luna
1,0.9234449863433838,551,ai_xa_hoi_0251_gemini-3.7-flash
0,0.9689922332763672,661,4427ced9757deb2e
0,0.9559471607208252,768,6cdfdf643f8a0ec7
0,0.9429824352264404,768,1cf911f1121568f1
0,0.9127516746520996,673,31dcc9a0f9d59bd4
0,1.020689606666565,667,753dbedff39bee74
0,1.0367647409439087,512,427710c4a9fe5a5d
1,0.8823529481887817,684,ai_giao_duc_0017_GPT-5.6 Luna
1,0.85447758436203,530,ai_kinh_te_0599_gemini-3.7-flash
1,0.925110161304474,599,ai_giao_duc_0397_gemini-3.7-flash
0,1.0289855003356934,512,c973ef9cd58ad45a
1,0.886956512928009,596,ai_the_thao_0669_gemini-3.7-flash
1,0.8423236608505249,517,ai_giao_duc_0494_gemini-3.7-flash
0,0.919847309589386,522,b561d007565004c8
0,1.0116279125213623,542,bf88d04656f11b18
1,0.8483412265777588,560,ai_giao_duc_0519_gemini-3.7-flash
0,0.9453125,712,53a47bbdfeac7840
0,1.0141843557357788,512,f1829bcb5a314b78
1,0.8591549396514893,686,ai_van_hoa_0384_GPT-5.6 Luna
1,0.8546099066734314,685,ai_the_thao_0330_GPT-5.6 Luna
0,1.0412371158599854,759,4e2e03f4a0b917a6
0,0.9246575236320496,512,054557406aba153f
1,0.8936170339584351,686,ai_kinh_te_0081_GPT-5.6 Luna
0,1.0068964958190918,649,054344ea4c761a36
1,0.8695651888847351,684,ai_kinh_te_0791_GPT-5.6 Luna
0,1.0416666269302368,641,c53408a45c706891
0,1.1530054807662964,646,2a5ecbb3295c54bd
1,0.8813559412956238,574,ai_van_hoa_0613_gemini-3.7-flash
0,0.9726027250289916,512,3186bfa808898616
0,0.919847309589386,768,3740dec33061f08c
0,1.138157844543457,512,aa5724c969f2f24b
0,0.9328858852386476,626,09f9756ce6e47142
0,1.0046948194503784,512,55a51c4ef058306d
1,0.8514492511749268,684,ai_chinh_tri_0642_GPT-5.6 Luna
1,0.8392857313156128,684,ai_chinh_tri_0367_GPT-5.6 Luna
1,0.8678571581840515,684,ai_van_hoa_0167_GPT-5.6 Luna
1,0.9404255151748656,533,ai_xa_hoi_0338_gemini-3.7-flash
0,0.9567901492118835,758,540a371049ae5e93
1,0.8590308427810669,595,ai_the_thao_0425_gemini-3.7-flash
1,0.9014084339141846,550,ai_xa_hoi_0719_gemini-3.7-flash
1,0.8473895788192749,521,ai_the_thao_0188_gemini-3.7-flash
1,0.8500000238418579,684,ai_van_hoa_0761_GPT-5.6 Luna
1,0.8472222089767456,685,ai_van_hoa_0114_GPT-5.6 Luna
0,0.9783549904823304,545,df612c1eff0a3e30
1,0.9227467775344848,570,ai_xa_hoi_0089_gemini-3.7-flash
1,0.8859649300575256,518,ai_giao_duc_0530_gemini-3.7-flash
0,1.0,768,602ff62fdc79e1cb
0,0.9751552939414978,577,77547647ba804816
1,0.8586956262588501,684,ai_kinh_te_0242_GPT-5.6 Luna
0,0.9736841917037964,694,3460f6949ec73197
0,1.0534350872039795,512,b47de3d4af3fdcda
1,0.8661971688270569,685,ai_the_thao_0310_GPT-5.6 Luna
1,0.8633093237876892,686,ai_chinh_tri_0139_GPT-5.6 Luna
0,0.9239130616188048,705,1d5342775f3533c3
1,0.8265306353569031,684,ai_the_thao_0711_GPT-5.6 Luna
0,0.9383561611175536,768,ff8aaf3b2ad57a5c
0,1.04054057598114,651,351663b0863ef54d
1,0.9004328846931458,566,ai_chinh_tri_0798_gemini-3.7-flash
0,0.9656488299369812,512,9d599ffb4615d2fe
0,0.9097222089767456,611,51aea156a6b13b3c
0,0.8960000276565552,512,dc4868c8fe603858
1,0.8423236608505249,517,ai_giao_duc_0318_gemini-3.7-flash
1,0.8865247964859009,686,ai_giao_duc_0014_GPT-5.6 Luna
0,1.0,512,f2a51170304271ac
0,0.9747474789619446,512,c13bac50e6629fd4
0,0.8769841194152832,731,1381fb65a800b8b9
0,1.0,624,ce2ba383071658e2
1,0.8633093237876892,684,ai_chinh_tri_0567_GPT-5.6 Luna
1,0.8341013789176941,561,ai_giao_duc_0443_gemini-3.7-flash
0,0.943127989768982,757,aeae502e6f65dc63
1,0.8735178112983704,644,ai_kinh_te_0501_gemini-3.7-flash
0,1.0289855003356934,399,a5d8133a55f2e866
0,0.9935064911842346,512,844c86177e2d7530
1,0.8813559412956238,574,ai_van_hoa_0213_gemini-3.7-flash
0,0.9856114983558656,503,c80f5742d1edd7cc
1,0.9104477763175964,686,ai_giao_duc_0027_GPT-5.6 Luna
0,1.0153846740722656,526,4c0e3c8af5f099ae
0,0.9171974658966064,762,d6f6f0ec59738a39
0,1.2142857313156128,630,fca4dbeb5013c267
0,1.034090876579285,632,f6dad3ac8bcfc0f9
1,0.9194915294647216,497,ai_xa_hoi_0640_gemini-3.7-flash
0,1.0923912525177002,571,f60e829b52c41c24
0,1.0285714864730835,512,c93e2a2ea36abd4e
0,1.1315789222717283,512,1bfed42a5d544df5
1,0.8690476417541504,568,ai_kinh_te_0778_gemini-3.7-flash
0,0.9960317611694336,512,e3d5c9d818975130
0,0.9647887349128724,694,86de8b1837e63167
0,1.090000033378601,569,e392abe41aadbe85
1,0.8389830589294434,554,ai_the_thao_0687_gemini-3.7-flash
1,0.8731883764266968,686,ai_giao_duc_0220_GPT-5.6 Luna
1,0.9104477763175964,686,ai_giao_duc_0387_GPT-5.6 Luna
0,0.958646595478058,768,bf21d50070a39960
0,0.9806201457977296,768,f2c7ea3de1baf0be
0,1.0259740352630615,768,305451cce6356b87
0,1.0204081535339355,768,0ad256d941ec3d14
0,0.9936708807945251,628,8d1e1e9946249ff5
1,0.8723404407501221,686,ai_van_hoa_0250_GPT-5.6 Luna
1,0.904411792755127,686,ai_giao_duc_0139_GPT-5.6 Luna
1,0.9234449863433838,551,ai_xa_hoi_0483_gemini-3.7-flash
0,0.9514925479888916,707,cc37e028fbb1eaab
0,1.0078125,512,aafd3332f3afd853
0,0.9644444584846495,543,811233734437fdd0
1,0.8617021441459656,685,ai_van_hoa_0057_GPT-5.6 Luna
0,0.9189189076423644,768,988cb3cd7beac589
0,1.0041667222976685,768,fa347801ff1c60cf
1,0.8978102207183838,686,ai_giao_duc_0021_GPT-5.6 Luna
1,0.8355704545974731,684,ai_the_thao_0823_GPT-5.6 Luna
1,0.8804348111152649,686,ai_van_hoa_0172_GPT-5.6 Luna
1,0.8515625,567,ai_kinh_te_0566_gemini-3.7-flash
1,0.8387096524238586,529,ai_the_thao_0786_gemini-3.7-flash
1,0.8426573276519775,684,ai_van_hoa_0066_GPT-5.6 Luna
1,0.83984375,555,ai_van_hoa_0007_gemini-3.7-flash
1,0.8473895788192749,521,ai_the_thao_0556_gemini-3.7-flash
1,0.8623188138008118,685,ai_giao_duc_0668_GPT-5.6 Luna
0,0.9928057789802552,621,53189a18fc283f2d
1,0.8804348111152649,686,ai_xa_hoi_0141_GPT-5.6 Luna
0,1.0985915660858154,532,585f50ec689d5fa0
1,0.8884891867637634,685,ai_the_thao_0322_GPT-5.6 Luna
1,0.9014084339141846,550,ai_xa_hoi_0167_gemini-3.7-flash
1,0.8804348111152649,686,ai_giao_duc_0175_GPT-5.6 Luna
1,0.829365074634552,523,ai_the_thao_0760_gemini-3.7-flash
1,0.8515625,567,ai_kinh_te_0766_gemini-3.7-flash
1,0.8219696879386902,555,ai_van_hoa_0607_gemini-3.7-flash
0,0.9076923131942748,456,4e0148b8a41d05da
0,0.9507575631141664,589,941b125e4ecc41ef
1,0.8473895788192749,521,ai_the_thao_0540_gemini-3.7-flash
0,0.9818181991577148,768,9c007f511a38a930
0,1.066176414489746,706,86aad09958dad6a4
0,0.9714285731315612,669,45cdb086f5cfda85
1,0.8738738894462585,530,ai_giao_duc_0700_gemini-3.7-flash
0,1.0923912525177002,544,3e3c3f15fa0527c6
1,0.9227467775344848,570,ai_xa_hoi_0121_gemini-3.7-flash
0,1.0355029106140137,655,e0e08e591c095495
0,1.0045454502105713,652,4229b003c6ec64a1
0,0.957446813583374,768,7bde5b30a27c61c3
1,0.8514492511749268,684,ai_chinh_tri_0042_GPT-5.6 Luna
1,0.9014084339141846,550,ai_xa_hoi_0527_gemini-3.7-flash
0,0.9928057789802552,671,465eecb608628071
1,0.8387096524238586,529,ai_the_thao_0770_gemini-3.7-flash
1,0.8528138399124146,575,ai_van_hoa_0465_gemini-3.7-flash
0,0.9615384340286256,593,28ba3cd64cb80924
1,0.8556337952613831,686,ai_van_hoa_0505_GPT-5.6 Luna
1,0.8733624219894409,545,ai_chinh_tri_0356_gemini-3.7-flash
0,0.9194915294647216,663,8998476a4dc9cab8
1,0.8731883764266968,685,ai_chinh_tri_0705_GPT-5.6 Luna
1,0.8868613243103027,686,ai_giao_duc_0219_GPT-5.6 Luna
1,0.9404255151748656,533,ai_xa_hoi_0186_gemini-3.7-flash
0,0.9820359349250792,676,a36d2ce07af0ac60
0,0.971222996711731,768,034f8f59244f8bcc
1,0.8785714507102966,686,ai_xa_hoi_0285_GPT-5.6 Luna
1,0.8584070801734924,544,ai_van_hoa_0192_gemini-3.7-flash
0,1.0243902206420898,768,825138bdeaadf29d
1,0.8829787373542786,686,ai_giao_duc_0238_GPT-5.6 Luna
1,0.8758864998817444,686,ai_the_thao_0317_GPT-5.6 Luna
0,1.0599077939987185,683,ccb632b78e4ae460
0,0.9484978318214417,768,4ba9565ab1517d82
0,0.9363057613372804,768,f1a49f354620096c
0,0.8660287261009216,512,e6e1577dc48c52fa
1,0.9111111164093018,686,ai_giao_duc_0371_GPT-5.6 Luna
1,0.8821428418159485,686,ai_giao_duc_0470_GPT-5.6 Luna
1,0.8389830589294434,554,ai_the_thao_0167_gemini-3.7-flash
1,0.9004328846931458,566,ai_chinh_tri_0830_gemini-3.7-flash
0,0.95302015542984,512,6b9866ec2bd12c92
0,0.9958506226539612,625,7faf505850556ed9
1,0.8733624219894409,545,ai_chinh_tri_0756_gemini-3.7-flash
0,0.9836734533309937,768,f1cda2e7d99864c9
0,0.9166666865348816,576,51cd9447c00a22f0
1,0.9227467775344848,570,ai_xa_hoi_0233_gemini-3.7-flash
1,0.8888888955116272,643,ai_kinh_te_0081_gemini-3.7-flash
1,0.8738738894462585,530,ai_giao_duc_0052_gemini-3.7-flash
1,0.925110161304474,599,ai_giao_duc_0077_gemini-3.7-flash
1,0.8389830589294434,554,ai_the_thao_0479_gemini-3.7-flash
0,1.012930989265442,529,b040a668c3818e31
1,0.8521126508712769,683,ai_xa_hoi_0648_GPT-5.6 Luna
0,0.929347813129425,552,a1ce9001ed631242
1,0.9383260011672974,551,ai_van_hoa_0526_gemini-3.7-flash
0,0.9704433679580688,512,1fd9ae1651d8a1a9
1,0.9111111164093018,684,ai_giao_duc_0674_GPT-5.6 Luna
0,1.0285714864730835,512,fa3890bd95717482
1,0.895652174949646,545,ai_chinh_tri_0496_gemini-3.7-flash
1,0.9106382727622986,551,ai_van_hoa_0046_gemini-3.7-flash
1,0.8528138399124146,575,ai_van_hoa_0745_gemini-3.7-flash
1,0.8617021441459656,684,ai_xa_hoi_0073_GPT-5.6 Luna
1,0.8782608509063721,547,ai_van_hoa_0676_gemini-3.7-flash
0,0.9946808218955994,535,42f80492128f88ae
0,0.9753694534301758,512,3e269d48d0d92305
1,0.8582996129989624,521,ai_the_thao_0780_gemini-3.7-flash
0,0.9735099077224731,631,92a00f563b12a28d
1,0.8888888955116272,518,ai_chinh_tri_0179_gemini-3.7-flash
1,0.8413792848587036,686,ai_xa_hoi_0338_GPT-5.6 Luna
1,0.8341013789176941,561,ai_giao_duc_0403_gemini-3.7-flash
1,0.8821428418159485,686,ai_chinh_tri_0296_GPT-5.6 Luna
0,1.0170212984085083,768,958fb0dbcffb7c64
0,1.013157844543457,512,9a877292e05512d7
0,0.9675675630569458,768,2a1cb4e418b1745b
1,0.8514492511749268,686,ai_kinh_te_0280_GPT-5.6 Luna
0,1.0984848737716677,512,460df511f02eef1e
1,0.8731883764266968,686,ai_giao_duc_0268_GPT-5.6 Luna
1,0.828000009059906,529,ai_the_thao_0282_gemini-3.7-flash
1,0.8991228342056274,565,ai_chinh_tri_0442_gemini-3.7-flash
1,0.8636363744735718,685,ai_xa_hoi_0273_GPT-5.6 Luna
0,1.047619104385376,512,80fbade62c99ed6f
1,0.8576388955116272,685,ai_van_hoa_0199_GPT-5.6 Luna
1,0.8925926089286804,684,ai_kinh_te_0324_GPT-5.6 Luna
0,0.9663461446762084,763,b61f22a117f4bf5f
0,1.042253494262695,637,9ef2da28aa25cc93
1,0.8859649300575256,518,ai_giao_duc_0018_gemini-3.7-flash
0,0.9655172228813172,768,d4b0466ba82dc7e9
0,1.0352113246917725,512,01b10c6a4ff9bb33
0,1.0236220359802246,541,56a551fcf42d4e56
1,0.8735178112983704,644,ai_kinh_te_0637_gemini-3.7-flash
1,0.8617021441459656,685,ai_the_thao_0650_GPT-5.6 Luna
1,0.9194915294647216,497,ai_xa_hoi_0720_gemini-3.7-flash
0,0.937142848968506,671,65d84953445662dd
1,0.8333333134651184,685,ai_van_hoa_0449_GPT-5.6 Luna
0,0.952054798603058,512,80e16cf2f9e3c645
0,0.9264705777168274,512,1ced58ab949cbb40
1,0.8584070801734924,544,ai_van_hoa_0360_gemini-3.7-flash
1,0.8515625,567,ai_kinh_te_0046_gemini-3.7-flash
0,1.0,685,bef12aa95a63590d
1,0.8219696879386902,555,ai_van_hoa_0143_gemini-3.7-flash
0,0.9635036587715148,687,64b1bed09acfb020
1,0.8623188138008118,684,ai_chinh_tri_0119_GPT-5.6 Luna
0,0.9556962251663208,512,cc6818ef03f7a97a
1,0.9194915294647216,497,ai_xa_hoi_0464_gemini-3.7-flash
1,0.8925926089286804,684,ai_kinh_te_0564_GPT-5.6 Luna
0,1.0,512,e7f7cceef06675c2
1,0.89552241563797,684,ai_giao_duc_0610_GPT-5.6 Luna
0,0.9370370507240297,702,f071ed128c899ed2
1,0.8423236608505249,517,ai_giao_duc_0350_gemini-3.7-flash
1,0.8804348111152649,686,ai_giao_duc_0415_GPT-5.6 Luna
0,0.9826839566230774,512,9eddca42b531a7fc
1,0.8952381014823914,595,ai_chinh_tri_0309_gemini-3.7-flash
1,0.8586956262588501,684,ai_kinh_te_0122_GPT-5.6 Luna
0,1.125925898551941,512,0834ad246072c96f
0,1.0119760036468506,654,955f2875669dbc3e
0,0.9408866763114928,613,f6faa2c3d25f764c
0,0.9863013625144958,768,0ad882d6c74e9377
1,0.8500000238418579,684,ai_chinh_tri_0222_GPT-5.6 Luna
0,1.0,512,f85314be7819cb6a
0,1.0157480239868164,576,53b67209f0e89181
0,0.9446808695793152,512,9d85d7c1c489df51
0,0.9503105878829956,768,bd0146e463ef40c6
0,0.9427480697631836,673,d20c29ad2d42ae12
0,0.9722222089767456,593,bcf550b60ae28519
1,0.8952381014823914,595,ai_chinh_tri_0085_gemini-3.7-flash
0,1.0173159837722778,768,0237d50c6663e560
0,1.014285683631897,575,78f0eeeec35033ac
1,0.8888888955116272,643,ai_kinh_te_0433_gemini-3.7-flash
0,1.067632794380188,610,1c75a4fa31081535
1,0.8956834673881531,686,ai_xa_hoi_0100_GPT-5.6 Luna
1,0.9004328846931458,566,ai_chinh_tri_0166_gemini-3.7-flash
1,0.8925926089286804,684,ai_giao_duc_0466_GPT-5.6 Luna
0,0.8868613243103027,389,2ad4403580af0205
1,0.8515625,567,ai_kinh_te_0038_gemini-3.7-flash
1,0.8723404407501221,685,ai_the_thao_0435_GPT-5.6 Luna
0,0.951127827167511,768,44bd6e827c3ba017
1,0.8723404407501221,686,ai_van_hoa_0370_GPT-5.6 Luna
1,0.829365074634552,523,ai_the_thao_0656_gemini-3.7-flash
0,0.97972971200943,688,1999aaf0772178b6
1,0.8690476417541504,568,ai_kinh_te_0714_gemini-3.7-flash
1,0.912350594997406,515,ai_kinh_te_0560_gemini-3.7-flash
0,0.9882352948188782,638,3ebe5fd273ceb06d
0,0.9579831957817078,688,312ac218e29c55ab
1,0.8952381014823914,595,ai_chinh_tri_0669_gemini-3.7-flash
0,1.0392156839370728,656,eccaa94e93e89437
1,0.8785714507102966,685,ai_the_thao_0498_GPT-5.6 Luna
0,0.9013158082962036,698,3e74d6c067f56c0e
1,0.8661971688270569,685,ai_the_thao_0740_GPT-5.6 Luna
0,0.9316239356994628,566,2807af8e7c57969f
1,0.8892857432365417,685,ai_the_thao_0426_GPT-5.6 Luna
0,1.005128264427185,768,a45d0731f665a911
0,0.9386503100395204,556,31349eed2579a43f
0,0.9473684430122375,698,6a628269adfa1766
0,1.030075192451477,512,a018966827fcf5e5
1,0.8741007447242737,686,ai_xa_hoi_0830_GPT-5.6 Luna
1,0.8633093237876892,684,ai_chinh_tri_0765_GPT-5.6 Luna
0,0.9166666865348816,533,0a2f0669e323f01d
1,0.8723404407501221,685,ai_the_thao_0098_GPT-5.6 Luna
0,1.017543911933899,540,2b63a638dd4d05ba
1,0.8389830589294434,554,ai_the_thao_0415_gemini-3.7-flash
1,0.8782608509063721,547,ai_van_hoa_0764_gemini-3.7-flash
0,0.931034505367279,600,ea53fbd7085dcbb5
1,0.925110161304474,599,ai_giao_duc_0325_gemini-3.7-flash
0,0.953947365283966,709,48facf55cab6f61a
1,0.8821428418159485,686,ai_giao_duc_0206_GPT-5.6 Luna
0,1.2372881174087524,512,07a5c937187b0584
1,0.866906464099884,684,ai_van_hoa_0174_GPT-5.6 Luna
0,1.105527639389038,630,fb73b59ef461a75b
1,0.867521345615387,600,ai_giao_duc_0137_gemini-3.7-flash
1,0.9234449863433838,551,ai_xa_hoi_0507_gemini-3.7-flash
0,0.9094203114509584,614,8aa92c6bf6f00058
1,0.8723404407501221,686,ai_xa_hoi_0782_GPT-5.6 Luna
0,1.005050539970398,557,a4083813d7277d8c
1,0.8690476417541504,568,ai_kinh_te_0626_gemini-3.7-flash
1,0.8777777552604675,684,ai_xa_hoi_0023_GPT-5.6 Luna
1,0.8848921060562134,685,ai_kinh_te_0831_GPT-5.6 Luna
1,0.8888888955116272,518,ai_chinh_tri_0075_gemini-3.7-flash
0,0.9615384340286256,679,16eb6ec77edb4557
0,1.0755555629730225,512,e588882788c16c72
0,0.9860464930534364,657,44ca2cd0b6eb275b
1,0.9404255151748656,533,ai_xa_hoi_0330_gemini-3.7-flash
0,0.9233576655387878,512,4dd9f3be8c36bafc
0,1.117241382598877,426,c0f5ff0a46623761
0,0.9514925479888916,512,48dac9ad7422b446
0,0.9642857313156128,539,2fc6cf94bea9a115
0,0.9508928656578064,673,d9773fc4eddaa7c9
0,0.948275864124298,768,55a664649a474529
0,1.0202429294586182,539,4cbd4d619fe5cae4
1,0.89552241563797,684,ai_xa_hoi_0439_GPT-5.6 Luna
1,0.8992537260055542,685,ai_xa_hoi_0527_GPT-5.6 Luna
1,0.8590308427810669,595,ai_the_thao_0081_gemini-3.7-flash
0,0.971222996711731,629,72e27109d1aeaac9
0,0.868571400642395,536,343a1cca3e0f78f3
0,0.9354838728904724,636,51170c2d762494d5
1,0.8528138399124146,575,ai_van_hoa_0073_gemini-3.7-flash
1,0.8829787373542786,686,ai_giao_duc_0062_GPT-5.6 Luna
0,1.0629370212554932,768,4a2f526ddb9a411d
1,0.8888888955116272,643,ai_kinh_te_0761_gemini-3.7-flash
1,0.9234449863433838,551,ai_xa_hoi_0619_gemini-3.7-flash
1,0.8528138399124146,575,ai_van_hoa_0153_gemini-3.7-flash
0,0.9857142567634584,512,2dd22c61c67bcd99
0,0.9388646483421326,508,8faf936fee6dee4d
0,1.0266666412353516,561,889aeb98aafe4b04
0,0.9774011373519896,512,7d1c4f84be93c5ac
0,0.9552238583564758,729,e079fbbdaacad877
0,0.9899497628211976,768,bf9785daca790112
1,0.912350594997406,515,ai_kinh_te_0296_gemini-3.7-flash
0,0.970588207244873,710,0b1c84130044fc2b
1,0.8755555748939514,513,ai_chinh_tri_0119_gemini-3.7-flash
1,0.867521345615387,600,ai_giao_duc_0217_gemini-3.7-flash
0,0.9763779640197754,532,873ff6241e2d357e
1,0.8804348111152649,685,ai_kinh_te_0319_GPT-5.6 Luna
1,0.8500000238418579,684,ai_van_hoa_0021_GPT-5.6 Luna
0,1.107569694519043,618,4a8f7af3418da0e6
1,0.8892857432365417,686,ai_giao_duc_0310_GPT-5.6 Luna
0,0.9411764740943908,626,3cb41e8c3b166d42
0,0.969465672969818,658,5f8239823837d7f7
0,1.0785714387893677,512,f43adbf151114e0b
1,0.8933823704719543,684,ai_giao_duc_0738_GPT-5.6 Luna
1,0.8840579986572266,685,ai_kinh_te_0734_GPT-5.6 Luna
1,0.8649635314941406,684,ai_kinh_te_0770_GPT-5.6 Luna
1,0.8216783404350281,684,ai_the_thao_0408_GPT-5.6 Luna
0,0.9748427867889404,512,c7a1567e202a0c54
0,0.984455943107605,512,6860a93159bc9c04
1,0.866906464099884,685,ai_xa_hoi_0486_GPT-5.6 Luna
0,0.9777777791023254,768,3c9c824dc785d794
1,0.828000009059906,529,ai_the_thao_0242_gemini-3.7-flash
0,1.0125000476837158,512,6f86c8936bdf1a43
1,0.835616409778595,684,ai_chinh_tri_0740_GPT-5.6 Luna
0,0.9724137783050536,676,7f88396940a4e472
0,1.0226244926452637,512,14165980d1d47695
1,0.8439716100692749,685,ai_chinh_tri_0646_GPT-5.6 Luna
1,0.9279661178588868,569,ai_xa_hoi_0149_gemini-3.7-flash
1,0.9014084339141846,550,ai_xa_hoi_0087_gemini-3.7-flash
1,0.8546099066734314,685,ai_the_thao_0570_GPT-5.6 Luna
1,0.8496503233909607,684,ai_van_hoa_0743_GPT-5.6 Luna
1,0.9279661178588868,569,ai_xa_hoi_0661_gemini-3.7-flash
1,0.9234449863433838,551,ai_xa_hoi_0683_gemini-3.7-flash
0,0.9799196720123292,684,bd59fa09b41ccc24
1,0.8755555748939514,513,ai_chinh_tri_0711_gemini-3.7-flash
1,0.8423236608505249,517,ai_giao_duc_0638_gemini-3.7-flash
0,0.8734694123268127,512,7132c5db09921221
1,0.8617021441459656,685,ai_kinh_te_0693_GPT-5.6 Luna
0,0.972000002861023,634,d5102748980c94da
0,0.97826087474823,326,172a62916eb4a059
1,0.8785714507102966,685,ai_kinh_te_0393_GPT-5.6 Luna
0,1.0,660,4aa1e2fb346238e6
1,0.8905109763145447,686,ai_giao_duc_0205_GPT-5.6 Luna
0,0.9601593613624572,520,3f5c640f8f088854
0,0.9701492786407472,512,18d98b3ae147d523
0,1.087591290473938,659,615177bc8c810209
0,1.012738823890686,768,06dae3ce4908b29f
0,1.0123456716537476,512,46cd0a7264bc0815
1,0.8472222089767456,686,ai_the_thao_0645_GPT-5.6 Luna
0,1.0736196041107178,768,5a1f7198e5228b68
1,0.8978102207183838,686,ai_giao_duc_0125_GPT-5.6 Luna
0,0.8949771523475647,768,b31bdc9b858fd423
1,0.8678571581840515,686,ai_kinh_te_0373_GPT-5.6 Luna
0,1.0934065580368042,512,290785f508f09667
1,0.8728070259094238,547,ai_van_hoa_0780_gemini-3.7-flash
1,0.8661971688270569,685,ai_kinh_te_0830_GPT-5.6 Luna
0,1.007299304008484,653,d965862b1dc07891
0,1.0535714626312256,565,0a7aa46daabccd00
0,0.9270833134651184,512,f39495ed194f1e8b
1,0.8952381014823914,595,ai_chinh_tri_0349_gemini-3.7-flash
0,0.9171974658966064,675,ec420ca395586a1c
0,0.988950252532959,665,34da01af97e2a5dd
1,0.8731883764266968,686,ai_kinh_te_0757_GPT-5.6 Luna
1,0.9166666865348816,514,ai_kinh_te_0604_gemini-3.7-flash
1,0.8586956262588501,684,ai_kinh_te_0330_GPT-5.6 Luna
1,0.921641767024994,686,ai_giao_duc_0587_GPT-5.6 Luna
0,0.9696969985961914,768,142e20b8c0ca276e
1,0.8731883764266968,685,ai_chinh_tri_0345_GPT-5.6 Luna
1,0.9166666865348816,514,ai_kinh_te_0244_gemini-3.7-flash
0,0.9570552110671996,512,d7b36ba9a1aad608
0,0.9570815563201904,622,af382c64f7c9e333
1,0.8607142567634583,684,ai_xa_hoi_0798_GPT-5.6 Luna
1,0.8633093237876892,684,ai_chinh_tri_0135_GPT-5.6 Luna
0,1.0643776655197144,618,b5842197d1ac7173
0,1.0852713584899902,551,9c5a2dea915fe6f2
0,1.024271845817566,661,61c17d5d9c538063
1,0.867521345615387,600,ai_giao_duc_0665_gemini-3.7-flash
0,0.8165467381477356,253,c3956431eb47c3bc
1,0.8472222089767456,685,ai_kinh_te_0345_GPT-5.6 Luna
1,0.8617021441459656,685,ai_kinh_te_0203_GPT-5.6 Luna
0,0.9704641103744508,698,509c2b1490207ba2
0,1.0,512,265c10a03fc17b03
0,0.922535240650177,557,6e797f1b93e70e91
0,0.969924807548523,512,a0438e810cd09e89
0,0.9300411343574524,616,44676649835af65c
1,0.8473895788192749,521,ai_the_thao_0628_gemini-3.7-flash
1,0.886956512928009,596,ai_the_thao_0541_gemini-3.7-flash
1,0.9166666865348816,514,ai_kinh_te_0180_gemini-3.7-flash
0,0.91304349899292,768,70799da1c6081244
1,0.8738738894462585,530,ai_giao_duc_0628_gemini-3.7-flash
1,0.8759124279022217,686,ai_chinh_tri_0769_GPT-5.6 Luna
0,0.9583333134651184,672,891d720510dc2c8f
1,0.8607142567634583,684,ai_van_hoa_0125_GPT-5.6 Luna
1,0.9004328846931458,566,ai_chinh_tri_0134_gemini-3.7-flash
0,0.970802903175354,768,e0de302532009d38
1,0.8999999761581421,686,ai_giao_duc_0283_GPT-5.6 Luna
0,0.9487179517745972,512,433972cec559aa9f
1,0.8500000238418579,684,ai_van_hoa_0205_GPT-5.6 Luna
0,0.9770641922950744,512,00d2afb9aeb6a541
1,0.8804348111152649,685,ai_xa_hoi_0721_GPT-5.6 Luna
0,1.0,562,050109627ab4026d
1,0.9531915187835692,531,ai_xa_hoi_0302_gemini-3.7-flash
0,1.0305343866348269,759,b663f2812850635b
0,0.9764705896377563,768,352edc9cdf67bdf1
1,0.9014084339141846,550,ai_xa_hoi_0423_gemini-3.7-flash
0,0.9652777910232544,645,8bfa24b33e8a4574
1,0.8804348111152649,685,ai_xa_hoi_0241_GPT-5.6 Luna
0,0.9271523356437684,512,cc6372d554029680
0,1.1394422054290771,666,5a21b2aaa8b87ca1
1,0.8782608509063721,547,ai_van_hoa_0412_gemini-3.7-flash
0,0.9354838728904724,512,7d288d10017b1f58
1,0.8738738894462585,530,ai_giao_duc_0372_gemini-3.7-flash
1,0.8590308427810669,595,ai_the_thao_0721_gemini-3.7-flash
1,0.8758864998817444,686,ai_van_hoa_0098_GPT-5.6 Luna
1,0.9230769276618958,494,ai_xa_hoi_0740_gemini-3.7-flash
1,0.8735178112983704,644,ai_kinh_te_0109_gemini-3.7-flash
0,0.9941176176071168,537,444d1414dd249e0e
0,1.030567646026611,604,1fde8b17591585f6
0,1.023809552192688,609,558c34105dbba7b5
0,1.00632905960083,685,0283c549b92a2b3c
0,1.017391324043274,665,6d8ba5b7437653ef
1,0.8525179624557495,684,ai_van_hoa_0011_GPT-5.6 Luna
0,0.875,569,35c3864319ef0f92
1,0.925110161304474,599,ai_giao_duc_0229_gemini-3.7-flash
1,0.8556337952613831,686,ai_van_hoa_0040_GPT-5.6 Luna
0,1.0825687646865845,512,fd72cd0a904d545e
0,0.8982300758361816,563,75c537ca8c67b785
0,1.0289016962051392,533,218cbcc8db7f972f
0,1.0074074268341064,696,34d9f984cc45aaf7
1,0.8483412265777588,560,ai_giao_duc_0183_gemini-3.7-flash
0,1.0617283582687378,768,fb436288f35e00d3
0,0.9561753273010254,625,9c00a385106bbacd
0,1.056872010231018,644,44a11ffa13ce03f2
0,0.9957627058029176,557,8088c0843cd66e90
0,1.004587173461914,667,1ae5010d5ed335df
0,0.9957627058029176,512,f5240e3ac1a14aa9
1,0.8617021441459656,685,ai_kinh_te_0151_GPT-5.6 Luna
0,1.1396396160125732,626,a7afc1782d132a2d
0,1.0041667222976685,544,888872bed0c4e1ff
0,1.0123966932296753,673,8f01ad75fcf76a28
0,0.9840425252914428,768,47b0ef69bf6690ad
0,1.0526316165924072,512,f77206611053a6da
1,0.8782608509063721,547,ai_van_hoa_0140_gemini-3.7-flash
0,1.0286885499954224,668,f19af0616c271729
1,0.8423236608505249,517,ai_giao_duc_0134_gemini-3.7-flash
1,0.8590308427810669,595,ai_the_thao_0321_gemini-3.7-flash
1,0.8601398468017578,684,ai_van_hoa_0039_GPT-5.6 Luna
1,0.867521345615387,600,ai_giao_duc_0673_gemini-3.7-flash
1,0.8413792848587036,686,ai_xa_hoi_0098_GPT-5.6 Luna
1,0.8525179624557495,684,ai_chinh_tri_0710_GPT-5.6 Luna
1,0.9227467775344848,570,ai_xa_hoi_0537_gemini-3.7-flash
0,0.9496402740478516,571,11bc097a2d3924a2
1,0.9279661178588868,569,ai_xa_hoi_0589_gemini-3.7-flash
0,1.0075187683105469,631,da2419ea87f60ba6
1,0.8571428656578064,684,ai_chinh_tri_0528_GPT-5.6 Luna
1,0.9014598727226256,686,ai_giao_duc_0101_GPT-5.6 Luna
0,0.9759615659713744,514,2e27e5403234a60b
1,0.8840579986572266,684,ai_chinh_tri_0797_GPT-5.6 Luna
1,0.9531915187835692,531,ai_xa_hoi_0326_gemini-3.7-flash
0,0.9701492786407472,561,1977aef383f73ba4
1,0.8510638475418091,684,ai_van_hoa_0497_GPT-5.6 Luna
1,0.8333333134651184,530,ai_kinh_te_0011_gemini-3.7-flash
1,0.8561151027679443,685,ai_van_hoa_0035_GPT-5.6 Luna
1,0.8848921060562134,685,ai_the_thao_0522_GPT-5.6 Luna
1,0.8528138399124146,575,ai_van_hoa_0593_gemini-3.7-flash
0,1.101265788078308,512,c056f34f15ecfb94
0,1.0401785373687744,546,43c5772a881b80f9
0,0.952662706375122,768,c963587bb42b2dec
1,0.867521345615387,600,ai_giao_duc_0649_gemini-3.7-flash
0,1.0,768,8d55e9a575397b82
0,1.0598291158676147,512,818070686bd39447
0,0.9794520735740662,699,b3a2bde2fb477b3b
1,0.9279661178588868,569,ai_xa_hoi_0285_gemini-3.7-flash
0,0.97409325838089,512,588ed17c043a4c89
0,0.9881889820098876,676,5eb601b4114e60d2
1,0.8714285492897034,685,ai_the_thao_0182_GPT-5.6 Luna
1,0.8219696879386902,555,ai_van_hoa_0511_gemini-3.7-flash
0,1.0,669,af7d6eeab35f6732
1,0.8735178112983704,644,ai_kinh_te_0373_gemini-3.7-flash
1,0.8782608509063721,547,ai_van_hoa_0076_gemini-3.7-flash
1,0.8799999952316284,554,ai_the_thao_0067_gemini-3.7-flash
1,0.8888888955116272,643,ai_kinh_te_0497_gemini-3.7-flash
0,0.959999978542328,655,8a5cafeb83ebdaea
0,0.9336099624633788,768,a8894146dce33474
1,0.8804348111152649,684,ai_kinh_te_0303_GPT-5.6 Luna
0,0.9222221970558168,512,15a22794a2a2b1d6
1,0.8360000252723694,557,ai_van_hoa_0411_gemini-3.7-flash
1,0.8666666746139526,530,ai_giao_duc_0200_gemini-3.7-flash
0,0.9886363744735718,642,aea9c45cc3e7d684
1,0.9910714030265808,550,ai_van_hoa_0362_gemini-3.7-flash
1,0.9234449863433838,551,ai_xa_hoi_0491_gemini-3.7-flash
1,0.8738738894462585,530,ai_giao_duc_0788_gemini-3.7-flash
1,0.9383260011672974,551,ai_van_hoa_0590_gemini-3.7-flash
0,1.0080645084381104,512,9478a968e76b2bc8
1,0.8888888955116272,643,ai_kinh_te_0257_gemini-3.7-flash
1,0.8776978254318237,686,ai_xa_hoi_0705_GPT-5.6 Luna
0,1.0240384340286257,643,344071bf15b18985
1,0.8714285492897034,685,ai_the_thao_0147_GPT-5.6 Luna
1,0.8586956262588501,684,ai_van_hoa_0454_GPT-5.6 Luna
0,0.9453781247138976,634,b3418bc8cb8eea33
0,1.0,528,451975bf83ea35f8
0,1.1527777910232544,512,30ec4cb329b9b779
0,1.0496894121170044,768,6887590d6d805dd1
0,0.9682539701461792,529,c6883ea28ea211a1
0,0.9727891087532043,502,3f6fe4b8196d605e
0,0.9502487778663636,670,ebfdbe7ac04701f0
1,0.8219696879386902,555,ai_van_hoa_0399_gemini-3.7-flash
0,0.9789915680885316,613,7281f3210b336497
0,0.979865789413452,512,72d7423b5b2ce2a6
0,1.0414201021194458,768,18e77169542b1c59
1,0.8933823704719543,684,ai_giao_duc_0138_GPT-5.6 Luna
0,1.0211267471313477,512,f8faea634359d93d
0,0.9800000190734864,722,34f856b6df5ce294
1,0.8848921060562134,686,ai_xa_hoi_0380_GPT-5.6 Luna
0,0.9515151381492616,768,149d9c4a7a1eff49
1,0.8723404407501221,685,ai_kinh_te_0131_GPT-5.6 Luna
1,0.8576388955116272,685,ai_van_hoa_0079_GPT-5.6 Luna
1,0.8652482032775879,685,ai_the_thao_0126_GPT-5.6 Luna
1,0.8389830589294434,554,ai_the_thao_0591_gemini-3.7-flash
1,0.866906464099884,684,ai_van_hoa_0294_GPT-5.6 Luna
0,0.9848484992980956,571,4bd7a3dc2fdd1b06
0,0.959999978542328,649,f42cb00a397b2812
0,0.9870967864990234,747,0e4b98be12e7e7bf
1,0.89552241563797,684,ai_xa_hoi_0319_GPT-5.6 Luna
1,0.8472222089767456,685,ai_van_hoa_0674_GPT-5.6 Luna
0,0.9842519760131836,512,63b8e6ac604c82e4
0,0.9779411554336548,575,3bf57c4616bbc82b
0,1.1785714626312256,512,5bdeb0a776ca0870
1,0.9910714030265808,550,ai_van_hoa_0546_gemini-3.7-flash
1,0.8848921060562134,686,ai_xa_hoi_0189_GPT-5.6 Luna
1,0.8473895788192749,521,ai_the_thao_0356_gemini-3.7-flash
0,0.9844961166381836,551,5131548ac77a039e
1,0.8859649300575256,518,ai_giao_duc_0594_gemini-3.7-flash
0,1.0236220359802246,512,58ba8f215ea6c316
0,1.040816307067871,512,0147b0354e8e88b0
1,0.828000009059906,529,ai_the_thao_0458_gemini-3.7-flash
1,0.8401360511779785,684,ai_the_thao_0479_GPT-5.6 Luna
1,0.8633093237876892,686,ai_kinh_te_0800_GPT-5.6 Luna
1,0.8735178112983704,644,ai_kinh_te_0653_gemini-3.7-flash
0,0.8736263513565063,754,f53b2c16b06cbf61
1,0.8767605423927307,686,ai_xa_hoi_0372_GPT-5.6 Luna
0,0.8500000238418579,512,97b0f4cae8962fd9
0,0.9760765433311462,140,66ca4c98e6aa88db
1,0.8617021441459656,685,ai_kinh_te_0329_GPT-5.6 Luna
1,0.875,684,ai_chinh_tri_0552_GPT-5.6 Luna
0,0.9465240836143494,768,e2202700b08cf907
0,0.9651162624359132,673,5206e09c1f039fa9
0,0.988304078578949,768,8709fefa15a48df9
1,0.8576388955116272,685,ai_van_hoa_0319_GPT-5.6 Luna
0,1.0152671337127686,768,8dacc82fe52904c3
0,0.9420289993286132,677,d9653496adea8f8b
0,1.04054057598114,511,f19d88fe7490df8e
0,1.0,651,bb0bc3246d073d36
0,0.9847328066825868,512,e72168831bc1783e
0,0.9562841653823853,768,3ad00559af921599
0,0.9128788113594056,685,2e6223e566eacee6
1,0.9227467775344848,570,ai_xa_hoi_0417_gemini-3.7-flash
0,0.9219858050346376,768,dd9569ceeb1e26d1
1,0.8528138399124146,575,ai_van_hoa_0673_gemini-3.7-flash
0,1.10869562625885,512,1672a52cd60cb672
1,0.895652174949646,545,ai_chinh_tri_0464_gemini-3.7-flash
0,1.0127118825912476,512,5e426accecf9558f
1,0.8181818127632141,555,ai_van_hoa_0815_gemini-3.7-flash
1,0.925110161304474,599,ai_giao_duc_0725_gemini-3.7-flash
1,0.8333333134651184,530,ai_kinh_te_0731_gemini-3.7-flash
1,0.8546099066734314,686,ai_chinh_tri_0099_GPT-5.6 Luna
0,1.012145757675171,707,f107a6288fac9ddb
0,0.9367588758468628,706,b08b8fcaa9f8c421
1,0.8439716100692749,686,ai_xa_hoi_0701_GPT-5.6 Luna
0,0.9729729890823364,642,9de6519c2007d8b9
0,0.985401451587677,581,545148b25a76ce9f
1,0.8999999761581421,686,ai_giao_duc_0771_GPT-5.6 Luna
1,0.8785714507102966,685,ai_kinh_te_0222_GPT-5.6 Luna
0,0.9346405267715454,512,cbf531275270b5d0
1,0.9404255151748656,533,ai_xa_hoi_0210_gemini-3.7-flash
1,0.827464759349823,684,ai_van_hoa_0069_GPT-5.6 Luna
0,0.9724137783050536,624,d0e4fd945133ff6e
0,0.935606062412262,575,60c9bdd69f65572c
0,0.969924807548523,768,8218fd7a4019b72e
1,0.9383260011672974,551,ai_van_hoa_0710_gemini-3.7-flash
0,1.0,512,7faca6041bc118f1
1,0.9234449863433838,551,ai_xa_hoi_0627_gemini-3.7-flash
1,0.8360000252723694,557,ai_van_hoa_0323_gemini-3.7-flash
0,0.9823529124259948,663,6567d3e1de4dad72
1,0.8556337952613831,686,ai_van_hoa_0152_GPT-5.6 Luna
1,0.8888888955116272,643,ai_kinh_te_0033_gemini-3.7-flash
1,0.8652482032775879,685,ai_chinh_tri_0520_GPT-5.6 Luna
0,0.9360730648040771,768,fd4a87f9d1c56ee4
0,1.0046948194503784,512,fd7de4f7e1d22aea
1,0.8840579986572266,686,ai_giao_duc_0613_GPT-5.6 Luna
1,0.89552241563797,684,ai_giao_duc_0010_GPT-5.6 Luna
0,1.0106383562088013,657,c6fe9571a5aefe6a
1,0.8514492511749268,684,ai_van_hoa_0467_GPT-5.6 Luna
1,0.8441558480262756,575,ai_van_hoa_0777_gemini-3.7-flash
1,0.9910714030265808,550,ai_van_hoa_0106_gemini-3.7-flash
0,1.0493826866149902,768,f7243e097298aa94
1,0.8799999952316284,554,ai_the_thao_0691_gemini-3.7-flash
0,0.892405092716217,512,8d02377181923490
1,0.8391608595848083,684,ai_the_thao_0416_GPT-5.6 Luna
1,0.8690476417541504,568,ai_kinh_te_0746_gemini-3.7-flash
1,0.8389830589294434,554,ai_the_thao_0751_gemini-3.7-flash
0,0.9927536249160768,623,addb43901eb98fc3
1,0.8633093237876892,685,ai_kinh_te_0583_GPT-5.6 Luna
1,0.9404255151748656,533,ai_xa_hoi_0378_gemini-3.7-flash
1,0.8666666746139526,530,ai_giao_duc_0536_gemini-3.7-flash
1,0.8884891867637634,686,ai_giao_duc_0767_GPT-5.6 Luna
0,1.115646243095398,570,3bef1a46bb1224d4
1,0.9194915294647216,497,ai_xa_hoi_0152_gemini-3.7-flash
0,0.9707112908363342,676,b51f63a00b158697
0,0.9930070042610168,638,fceb7b3987e8951d
1,0.8795620203018188,684,ai_kinh_te_0647_GPT-5.6 Luna
1,0.8888888955116272,518,ai_chinh_tri_0155_gemini-3.7-flash
0,0.9637681245803832,512,08df3fad3b12e79f
1,0.8723404407501221,686,ai_chinh_tri_0746_GPT-5.6 Luna
1,0.866906464099884,685,ai_giao_duc_0356_GPT-5.6 Luna
0,0.9559999704360962,537,bdd6b96a7c018f71
1,0.8623188138008118,684,ai_chinh_tri_0479_GPT-5.6 Luna
1,0.8782608509063721,547,ai_van_hoa_0124_gemini-3.7-flash
1,0.8733624219894409,545,ai_chinh_tri_0444_gemini-3.7-flash
0,0.9424460530281068,573,6982190cb6335cbf
1,0.8804348111152649,686,ai_kinh_te_0109_GPT-5.6 Luna
0,1.0694444179534912,570,ec5e0923178c5891
1,0.8623188138008118,685,ai_xa_hoi_0131_GPT-5.6 Luna
0,0.9448275566101074,768,bfba90e7ddc7191f
0,1.04054057598114,646,d39e7a7fc191dcf7
0,1.0044842958450315,512,fe094bada53880b0
1,0.8888888955116272,684,ai_xa_hoi_0423_GPT-5.6 Luna
0,0.9855072498321532,512,e9361c0e99365240
1,0.8576388955116272,686,ai_the_thao_0514_GPT-5.6 Luna
0,0.8947368264198303,705,edaa484bdd845a11
0,0.957446813583374,512,6a872164ec3f1476
0,1.0,768,2f0b7d6b883eeae9
0,1.042553186416626,711,988cebc22f953a50
1,0.9279661178588868,569,ai_xa_hoi_0461_gemini-3.7-flash
1,0.8341013789176941,561,ai_giao_duc_0475_gemini-3.7-flash
1,0.8952381014823914,595,ai_chinh_tri_0733_gemini-3.7-flash
1,0.8561151027679443,686,ai_chinh_tri_0643_GPT-5.6 Luna
1,0.8731883764266968,686,ai_chinh_tri_0584_GPT-5.6 Luna
1,0.8741007447242737,686,ai_kinh_te_0488_GPT-5.6 Luna
0,1.075581431388855,512,821b90e13a681523
0,1.08695650100708,534,0afc33db1576a2ce
0,0.9471153616905212,743,b7b5ba134ec35817
0,0.9609375,642,ca955f62965ea1cd
1,0.8840579986572266,686,ai_giao_duc_0431_GPT-5.6 Luna
0,0.9641255736351012,768,3acc97024777beb3
1,0.9531915187835692,531,ai_xa_hoi_0126_gemini-3.7-flash
0,1.0187793970108032,663,583abfe6a2f6d7b6
1,0.9111111164093018,686,ai_giao_duc_0491_GPT-5.6 Luna
1,0.9227467775344848,570,ai_xa_hoi_0649_gemini-3.7-flash
1,0.8868613243103027,684,ai_chinh_tri_0357_GPT-5.6 Luna
0,0.9922480583190918,512,9f13c321f54af5d3
1,0.9531915187835692,531,ai_xa_hoi_0374_gemini-3.7-flash
0,0.91015625,512,3134c865bbb85c48
1,0.8450704216957092,686,ai_xa_hoi_0797_GPT-5.6 Luna
0,0.9558823704719543,735,1bd2260f6fcb27c2
0,0.9929577708244324,655,8e69695cfb14faa9
0,0.992424249649048,768,6cfb06cce8db0a75
1,0.8735178112983704,644,ai_kinh_te_0077_gemini-3.7-flash
0,0.9867549538612366,691,9bfc9de6deb7d823
0,1.0448979139328003,512,6cba94062759d1e3
0,1.125,512,b85f083e813698a2
0,0.9444444179534912,537,a47cb43a8786d70d
0,1.0,512,6566804e065d3f1c
1,0.8758864998817444,686,ai_van_hoa_0818_GPT-5.6 Luna
1,0.8423236608505249,517,ai_giao_duc_0782_gemini-3.7-flash
0,1.0466666221618652,714,8c29550723415059
0,1.1507936716079712,573,144db5c9e222196a
1,0.8823529481887817,684,ai_giao_duc_0801_GPT-5.6 Luna
0,0.9808917045593262,512,17b6dc82964b1afe
1,0.8515625,567,ai_kinh_te_0094_gemini-3.7-flash
1,0.8795620203018188,684,ai_kinh_te_0167_GPT-5.6 Luna
0,0.9215686321258544,768,05abe9ebbc51a515
1,0.9194915294647216,497,ai_xa_hoi_0232_gemini-3.7-flash
1,0.8741007447242737,686,ai_chinh_tri_0504_GPT-5.6 Luna
1,0.8482758402824402,685,ai_chinh_tri_0124_GPT-5.6 Luna
0,1.0,768,4128775a9b1967f1
1,0.925110161304474,599,ai_giao_duc_0645_gemini-3.7-flash
0,0.936170220375061,768,087ac07a448179d4
0,1.139534831047058,768,bb82bee89af3f1d1
1,0.895652174949646,545,ai_chinh_tri_0672_gemini-3.7-flash
0,1.0068964958190918,565,886bd16c2004ff99
0,0.9652777910232544,669,365de790acfa8112
1,0.8333333134651184,684,ai_xa_hoi_0344_GPT-5.6 Luna
0,1.042654037475586,512,999c08c5c463bb6a
1,0.8888888955116272,518,ai_chinh_tri_0219_gemini-3.7-flash
0,0.9333333373069764,512,3fac6ae871997b6a
1,0.8776978254318237,685,ai_kinh_te_0774_GPT-5.6 Luna
1,0.8423236608505249,517,ai_giao_duc_0158_gemini-3.7-flash
1,0.8617021441459656,686,ai_xa_hoi_0690_GPT-5.6 Luna
0,1.0384615659713743,566,b364855f9d61d751
0,0.9890109896659852,645,1e6e2fc9d65997b0
0,0.9806451797485352,768,0957ce1f15a0fca5
0,1.0409090518951416,658,4dc80a86384bc901
0,1.0124223232269287,768,b11413071b7ce393
1,0.9230769276618958,494,ai_xa_hoi_0260_gemini-3.7-flash
0,0.9709302186965942,705,19b3acce5fbf030b
0,1.1715481281280518,512,a69d581efbd425bd
1,0.8840579986572266,686,ai_giao_duc_0463_GPT-5.6 Luna
1,0.904411792755127,686,ai_giao_duc_0259_GPT-5.6 Luna
1,0.8510638475418091,686,ai_xa_hoi_0349_GPT-5.6 Luna
1,0.9230769276618958,494,ai_xa_hoi_0676_gemini-3.7-flash
0,0.9103773832321168,192,0057c580ac7d9376
1,0.8755555748939514,513,ai_chinh_tri_0799_gemini-3.7-flash
1,0.8782608509063721,547,ai_van_hoa_0460_gemini-3.7-flash
1,0.8814814686775208,684,ai_kinh_te_0394_GPT-5.6 Luna
1,0.8633093237876892,685,ai_kinh_te_0405_GPT-5.6 Luna
0,1.0199999809265137,688,bf27fae232a40f3a
0,0.9922480583190918,756,f43250563dabe142
1,0.8586207032203674,685,ai_the_thao_0308_GPT-5.6 Luna
1,0.8607142567634583,685,ai_xa_hoi_0342_GPT-5.6 Luna
0,0.9862068891525269,569,b41448fe33867aaf
0,0.8779069781303406,512,c560fd56dd45d207
1,0.8590308427810669,595,ai_the_thao_0289_gemini-3.7-flash
1,0.8888888955116272,518,ai_chinh_tri_0651_gemini-3.7-flash
0,0.9053497910499572,512,22b9dd17bf3723cb
1,0.8755555748939514,513,ai_chinh_tri_0519_gemini-3.7-flash
1,0.8666666746139526,530,ai_giao_duc_0312_gemini-3.7-flash
0,0.9666666388511658,680,544eed5c6d298fe3
1,0.9910714030265808,550,ai_van_hoa_0322_gemini-3.7-flash
0,0.9241379499435424,551,998f677664963741
1,0.8690476417541504,568,ai_kinh_te_0330_gemini-3.7-flash
0,0.9903846383094788,641,d33185321755dd60
1,0.8999999761581421,684,ai_giao_duc_0754_GPT-5.6 Luna
0,0.9336099624633788,512,03073dc06fa61026
0,1.0,768,74e5982b28de8f0f
1,0.9194915294647216,497,ai_xa_hoi_0728_gemini-3.7-flash
1,0.8601398468017578,686,ai_van_hoa_0688_GPT-5.6 Luna
1,0.9404255151748656,533,ai_xa_hoi_0498_gemini-3.7-flash
0,1.017167329788208,768,af3ed2b2d5adc695
0,0.9601593613624572,566,2c29693e8e9ff559
1,0.8341013789176941,561,ai_giao_duc_0227_gemini-3.7-flash
0,1.0,512,a03455b26afaf42f
0,0.9097222089767456,637,db6ce1e5657b92e6
1,0.8952381014823914,595,ai_chinh_tri_0797_gemini-3.7-flash
0,0.8949275612831116,703,44caa8417c5c6ab7
1,0.9234449863433838,551,ai_xa_hoi_0347_gemini-3.7-flash
0,0.9879032373428344,758,e8bc85d92ae0c09b
0,0.967105269432068,512,89f58ee86def2806
1,0.8607142567634583,686,ai_xa_hoi_0086_GPT-5.6 Luna
1,0.8821428418159485,686,ai_giao_duc_0638_GPT-5.6 Luna
0,1.0256410837173462,702,85d55cb764d5dc85
1,0.8952381014823914,595,ai_chinh_tri_0525_gemini-3.7-flash
1,0.9037036895751952,686,ai_giao_duc_0755_GPT-5.6 Luna
0,1.0074074268341064,680,919e145c7f3c2db2
1,0.8860294222831726,686,ai_chinh_tri_0001_GPT-5.6 Luna
1,0.8733624219894409,545,ai_chinh_tri_0404_gemini-3.7-flash
1,0.8888888955116272,684,ai_xa_hoi_0663_GPT-5.6 Luna
0,0.9542483687400818,512,51848ad02422cd9a
1,0.8652482032775879,686,ai_xa_hoi_0093_GPT-5.6 Luna
1,0.8333333134651184,684,ai_van_hoa_0469_GPT-5.6 Luna
0,1.0135135650634766,614,3b5c3b98fced78b4
1,0.8321678042411804,685,ai_van_hoa_0076_GPT-5.6 Luna
0,1.0670732259750366,706,a3d1253dfaf63338
0,0.9099099040031432,512,9f3c92b30480b99b
0,1.0969163179397583,512,1c39b23e3b165a3b
0,0.9351145029067992,559,271fb4febef291c0
0,1.0621469020843506,512,7bd4dadb9845fa29
1,0.8848921060562134,685,ai_xa_hoi_0081_GPT-5.6 Luna
1,0.8799999952316284,554,ai_the_thao_0715_gemini-3.7-flash
0,1.051948070526123,563,035e2f442a55428c
0,0.9433962106704712,768,ea6f3dadac7894ee
0,0.945098042488098,768,26a5f4963edbef9c
1,0.8785714507102966,685,ai_kinh_te_0299_GPT-5.6 Luna
1,0.895652174949646,545,ai_chinh_tri_0656_gemini-3.7-flash
1,0.8341013789176941,561,ai_giao_duc_0075_gemini-3.7-flash
0,0.752212405204773,643,95b9a9f41061cc3d
0,1.0,674,a2486f884e9e93c8
1,0.8514492511749268,684,ai_chinh_tri_0078_GPT-5.6 Luna
1,0.8991228342056274,565,ai_chinh_tri_0826_gemini-3.7-flash
1,0.8617021441459656,684,ai_xa_hoi_0112_GPT-5.6 Luna
1,0.8510638475418091,686,ai_chinh_tri_0235_GPT-5.6 Luna
1,0.8978102207183838,686,ai_giao_duc_0603_GPT-5.6 Luna
1,0.8556337952613831,686,ai_kinh_te_0235_GPT-5.6 Luna
1,0.8450704216957092,684,ai_the_thao_0736_GPT-5.6 Luna
1,0.9279661178588868,569,ai_xa_hoi_0773_gemini-3.7-flash
0,1.0692307949066162,622,ffee2c3bc875ee72
1,0.8814814686775208,684,ai_kinh_te_0274_GPT-5.6 Luna
0,1.01714289188385,550,13d5fbc749326ec7
1,0.9531915187835692,531,ai_xa_hoi_0390_gemini-3.7-flash
0,0.9672130942344666,512,797f93336e1ac65f
1,0.8735178112983704,644,ai_kinh_te_0789_gemini-3.7-flash
0,0.9594594836235046,500,0cae9e8588b66929
1,0.8389830589294434,554,ai_the_thao_0015_gemini-3.7-flash
0,0.9864864945411682,768,ba73105d52df1ecc
0,0.9878048896789552,512,4db63c21b20a1ca6
0,0.9563318490982056,768,57ce1e4f5b3e25af
0,0.91780823469162,512,bdc2039923dfd910
0,0.9602272510528564,546,77aa2031bbc129b9
0,0.9587156176567078,512,ff03ae983a69393b
0,1.0,768,fc5d37708fc8a56c
0,1.03184711933136,768,a9621a23581188e9
1,0.8714285492897034,686,ai_van_hoa_0363_GPT-5.6 Luna
1,0.8426573276519775,686,ai_xa_hoi_0194_GPT-5.6 Luna
1,0.8848921060562134,686,ai_van_hoa_0195_GPT-5.6 Luna
1,0.886956512928009,596,ai_the_thao_0045_gemini-3.7-flash
1,0.912350594997406,515,ai_kinh_te_0584_gemini-3.7-flash
1,0.8821428418159485,686,ai_giao_duc_0806_GPT-5.6 Luna
0,0.9664429426193236,768,71437329d496a021
0,1.0258064270019531,722,044b5fb8e1b5949d
1,0.8515625,567,ai_kinh_te_0350_gemini-3.7-flash
0,0.912663757801056,671,37a61997f7419336
0,1.0,685,84b793d09da67370
1,0.8741007447242737,686,ai_xa_hoi_0505_GPT-5.6 Luna
1,0.8590308427810669,595,ai_the_thao_0017_gemini-3.7-flash
0,0.9861111044883728,512,35a6ccd1ccbce403
1,0.8690476417541504,568,ai_kinh_te_0802_gemini-3.7-flash
1,0.8389830589294434,554,ai_the_thao_0199_gemini-3.7-flash
0,0.9635036587715148,719,e6c90bc01c6617f5
1,0.8949275612831116,686,ai_giao_duc_0007_GPT-5.6 Luna
0,1.0,535,d8d015a43a82ada3
0,1.0070922374725342,646,a4cc4f1df5c79112
1,0.8776978254318237,685,ai_kinh_te_0174_GPT-5.6 Luna
0,1.0075187683105469,768,9dc6601cd00cd648
0,1.0222222805023191,512,0825cf9577842608
0,1.0611354112625122,536,4e88f3dfac682031
0,1.2039800882339478,584,525a4fed90671587
1,0.9194915294647216,497,ai_xa_hoi_0592_gemini-3.7-flash
0,0.9948717951774596,595,628a0b6d0ca6859f
1,0.8607142567634583,685,ai_xa_hoi_0209_GPT-5.6 Luna
1,0.8678571581840515,686,ai_chinh_tri_0186_GPT-5.6 Luna
1,0.9227467775344848,570,ai_xa_hoi_0257_gemini-3.7-flash
1,0.8556337952613831,686,ai_van_hoa_0625_GPT-5.6 Luna
0,0.9839572310447692,658,45fed250198e8e22
1,0.8181818127632141,555,ai_van_hoa_0783_gemini-3.7-flash
1,0.8546099066734314,685,ai_chinh_tri_0275_GPT-5.6 Luna
0,1.286432147026062,628,be3727e205ba4a89
0,1.0272108316421509,638,8a0b28f5d58998a8
0,0.9802371263504028,725,63eb1ff882d896c6
0,1.005494475364685,703,613ea5be381f9076
1,0.8571428656578064,686,ai_kinh_te_0088_GPT-5.6 Luna
0,1.0204081535339355,684,5421823264705ecf
0,1.0358566045761108,768,38051798e491a31e
1,0.8804348111152649,686,ai_xa_hoi_0577_GPT-5.6 Luna
0,0.9857142567634584,512,a67d06f1a0b1a714
0,1.038277506828308,680,4e60aec5ffa12a82
0,1.0042016506195068,668,a972ff3bc0b6a6de
1,0.8630136847496033,686,ai_the_thao_0641_GPT-5.6 Luna
0,1.0,768,9c325c8b4e2653a7
1,0.8999999761581421,686,ai_giao_duc_0315_GPT-5.6 Luna
0,0.8910256624221802,768,7afa85afb62c9c34
1,0.8755555748939514,513,ai_chinh_tri_0735_gemini-3.7-flash
1,0.8617021441459656,684,ai_the_thao_0403_GPT-5.6 Luna
0,1.0204081535339355,768,b62d0664f76a0540
0,1.0382978916168213,768,f524eb4e8cade450
0,1.0308642387390137,654,ba523adea2bab75d
0,1.054393291473389,768,0405d040160ad15b
0,1.0,512,fd5ef7f444ed45b5
1,0.8617021441459656,685,ai_giao_duc_0832_GPT-5.6 Luna
1,0.8633093237876892,684,ai_chinh_tri_0565_GPT-5.6 Luna
1,0.828000009059906,529,ai_the_thao_0546_gemini-3.7-flash
1,0.866906464099884,684,ai_chinh_tri_0245_GPT-5.6 Luna
0,1.0,768,ecdc8cb5aec272dd
1,0.8733624219894409,545,ai_chinh_tri_0036_gemini-3.7-flash
0,1.0606060028076172,512,c6712571ed0b9007
1,0.8514492511749268,684,ai_kinh_te_0642_GPT-5.6 Luna
0,0.9068825840950012,522,5c02d74742ed7a25
1,0.8360000252723694,557,ai_van_hoa_0291_gemini-3.7-flash
1,0.8738738894462585,530,ai_giao_duc_0356_gemini-3.7-flash
0,1.0495867729187012,527,cd95e28f8b10c8e5
1,0.8590308427810669,595,ai_the_thao_0209_gemini-3.7-flash
0,1.0808080434799194,512,05dc4bc22da463c1
1,0.8368794322013855,683,ai_xa_hoi_0264_GPT-5.6 Luna
0,0.9602649211883544,768,8cefee099d96f123
1,0.8804348111152649,686,ai_giao_duc_0597_GPT-5.6 Luna
0,0.9857142567634584,526,932b34d608ab7578
0,1.0352113246917725,626,f443bdc7c95dde2f
0,0.9428571462631226,768,f783fc64a5c5624d
1,0.9242424368858336,596,ai_chinh_tri_0545_gemini-3.7-flash
0,1.0925110578536987,644,11aa03e40e1fae7c
0,0.9730769395828248,768,037a69e9ac724fde
1,0.9404255151748656,533,ai_xa_hoi_0634_gemini-3.7-flash
0,1.0256410837173462,768,965f8455e58bb369
0,0.9857142567634584,512,984d79b22b34a044
0,0.957446813583374,512,cd62c1811847947f
0,0.9440298676490784,644,3590e91642f0abfa
1,0.8652482032775879,686,ai_van_hoa_0105_GPT-5.6 Luna
1,0.8341013789176941,561,ai_giao_duc_0155_gemini-3.7-flash
0,0.9781659245491028,574,2df103d7c2dd11b9
0,1.085585594177246,600,ed4a05e640dca1f8
1,0.9242424368858336,596,ai_chinh_tri_0441_gemini-3.7-flash
0,1.0289855003356934,698,29bb9998d4a0839c
1,0.8999999761581421,686,ai_giao_duc_0211_GPT-5.6 Luna
1,0.9014084339141846,550,ai_xa_hoi_0535_gemini-3.7-flash
0,1.007299304008484,646,c6c018800e278472
0,0.9954545497894288,512,830c71eb4e6bdb3e
1,0.8546099066734314,685,ai_chinh_tri_0395_GPT-5.6 Luna
1,0.8859649300575256,518,ai_giao_duc_0498_gemini-3.7-flash
0,0.9424460530281068,512,d21fe67ba9ac58f1
0,0.9446640610694884,768,0d9177bf14dbe9a6
1,0.8952381014823914,595,ai_chinh_tri_0701_gemini-3.7-flash
1,0.8999999761581421,686,ai_giao_duc_0555_GPT-5.6 Luna
0,0.9683544039726256,512,6ebe8850472aeab6
1,0.8888888955116272,643,ai_kinh_te_0441_gemini-3.7-flash
0,0.9481865167617798,768,4db86ee0bdad16e1
0,0.91629958152771,531,89bba0edb19ad5b6
0,1.0076923370361328,703,cd723b1ed38647a3
1,0.8888888955116272,643,ai_kinh_te_0833_gemini-3.7-flash
0,0.9519650936126708,682,c4a3b678f6087fa7
1,0.9279661178588868,569,ai_xa_hoi_0565_gemini-3.7-flash
1,0.8714285492897034,685,ai_xa_hoi_0214_GPT-5.6 Luna
0,1.0,669,d28a172736fae1ee
1,0.8219696879386902,555,ai_van_hoa_0391_gemini-3.7-flash
0,1.023809552192688,512,3e077cc8f5956f40
1,0.9279661178588868,569,ai_xa_hoi_0093_gemini-3.7-flash
1,0.9230769276618958,494,ai_xa_hoi_0748_gemini-3.7-flash
1,0.8453237414360046,684,ai_chinh_tri_0182_GPT-5.6 Luna
1,0.8546099066734314,684,ai_xa_hoi_0523_GPT-5.6 Luna
0,0.9848484992980956,512,d1eeaa55a738bb39
0,0.9727272987365724,542,307849f04fd948b3
0,0.9730769395828248,723,d5bc2a0404fd5bc9
1,0.9194915294647216,497,ai_xa_hoi_0192_gemini-3.7-flash
0,1.0067567825317385,651,3b09b2f854ca9484
0,1.0107526779174805,633,c6aad57351c811a9
0,0.9666666388511658,661,4a7acc5344a07647
0,0.9142857193946838,617,5574b6e12bfa0b67
0,1.0,512,5f14f9a7916a89f5
0,0.8496240377426147,561,f5392e7c79fb5395
0,1.0086207389831543,512,df4a05170b064696
0,0.905579388141632,680,6e223e2900a36dd6
1,0.8527397513389587,684,ai_the_thao_0815_GPT-5.6 Luna
0,0.9543378949165344,768,6698056db91ba49a
0,0.9785714149475098,512,691ec8308292ea35
1,0.8925926089286804,684,ai_giao_duc_0386_GPT-5.6 Luna
1,0.9227467775344848,570,ai_xa_hoi_0697_gemini-3.7-flash
0,1.063380241394043,635,6f4f8846cbf5bff7
0,1.0365853309631348,512,b884fdbfe784989f
1,0.85447758436203,530,ai_kinh_te_0487_gemini-3.7-flash
0,1.005290985107422,587,bb23b48708fdb0ac
0,0.9391891956329346,650,d7fb457df1560c4f
1,0.912350594997406,515,ai_kinh_te_0784_gemini-3.7-flash
1,0.8607142567634583,686,ai_van_hoa_0763_GPT-5.6 Luna
0,1.09375,622,5ea0e220829b6fcf
0,1.0208333730697632,635,2450487ed9009472
0,1.0,626,c35491ee6ae02c86
1,0.9234449863433838,551,ai_xa_hoi_0739_gemini-3.7-flash
0,0.9696969985961914,673,2ea10912316afec6
1,0.8794642686843872,544,ai_van_hoa_0040_gemini-3.7-flash
0,0.9762845635414124,510,ac9f6427e435313a
1,0.8952381014823914,595,ai_chinh_tri_0381_gemini-3.7-flash
1,0.8888888955116272,643,ai_kinh_te_0105_gemini-3.7-flash
0,1.024539828300476,768,3c284dd535352391
0,1.0441176891326904,768,dc6e94d09aaf1ab8
1,0.9242424368858336,596,ai_chinh_tri_0249_gemini-3.7-flash
1,0.8426573276519775,684,ai_van_hoa_0666_GPT-5.6 Luna
1,0.8586956262588501,686,ai_kinh_te_0685_GPT-5.6 Luna
1,0.8759124279022217,685,ai_chinh_tri_0061_GPT-5.6 Luna
1,0.8473895788192749,521,ai_the_thao_0300_gemini-3.7-flash
1,0.8515625,567,ai_kinh_te_0110_gemini-3.7-flash
1,0.895652174949646,545,ai_chinh_tri_0472_gemini-3.7-flash
0,0.95652174949646,512,f4a5887ca99a4bdc
0,0.9734513163566588,511,f24d229c1b43c09f
1,0.8586207032203674,686,ai_the_thao_0601_GPT-5.6 Luna
1,0.8515625,567,ai_kinh_te_0670_gemini-3.7-flash
0,0.9571428298950196,512,2de0ca517f30fd7e
0,0.9135338068008424,768,057fdedf620ae301
0,1.0403225421905518,526,3c26030077e86e6d
1,0.9177489280700684,570,ai_xa_hoi_0825_gemini-3.7-flash
0,1.0232558250427246,566,3092f231c58a8612
1,0.8341013789176941,561,ai_giao_duc_0315_gemini-3.7-flash
0,0.9367815852165222,516,a344cce1cd56c5aa
1,0.9383260011672974,551,ai_van_hoa_0606_gemini-3.7-flash
0,0.9868420958518982,768,5c1c9a88b6b08001
0,1.0303030014038086,512,bd1e3e8a672b07d6
1,0.8500000238418579,684,ai_van_hoa_0741_GPT-5.6 Luna
1,0.8423236608505249,517,ai_giao_duc_0646_gemini-3.7-flash
0,1.0203251838684082,509,88384ca20e752415
0,0.9930555820465088,768,be189742be73baf2
1,0.9172932505607604,686,ai_giao_duc_0187_GPT-5.6 Luna
1,0.8723404407501221,686,ai_van_hoa_0298_GPT-5.6 Luna
0,1.0714285373687744,512,b38d26fe2d77bb8b
0,0.9935483932495116,768,8df2f8cfa96fdcc1
0,0.9313304424285888,703,685d0be5c6416cc3
0,0.9724770784378052,512,4619a1524284b5a3
0,0.951127827167511,667,43205a2432e878a6
1,0.8649635314941406,684,ai_chinh_tri_0665_GPT-5.6 Luna
0,0.9838056564331056,546,7d32e3d20e504221
1,0.895652174949646,545,ai_chinh_tri_0168_gemini-3.7-flash
1,0.8695651888847351,685,ai_giao_duc_0212_GPT-5.6 Luna
0,1.0752688646316528,512,17e359285141964a
0,1.0,570,ae8b72464b305198
0,0.9959677457809448,768,840ac17261e937da
0,0.9333333373069764,687,6d056ddbe669428d
0,1.0227272510528564,557,e29e98984291dad5
0,0.9863013625144958,512,4cdeadb4ddbacd1c
0,0.8957346081733704,657,10ef9fdff3cd747f
0,1.0084034204483032,512,a51b24d6f140564c
0,0.9653179049491882,768,8ac5f850112c6a71
1,0.9194915294647216,497,ai_xa_hoi_0504_gemini-3.7-flash
1,0.8695651888847351,686,ai_xa_hoi_0715_GPT-5.6 Luna
0,1.0141843557357788,768,264a61ff986a9507
1,0.8546099066734314,685,ai_kinh_te_0390_GPT-5.6 Luna
0,0.9555555582046508,688,0721ca4784d7f536
1,0.8782608509063721,547,ai_van_hoa_0476_gemini-3.7-flash
0,0.9504132270812988,661,106d8a9996dbf2ed
1,0.8389830589294434,554,ai_the_thao_0143_gemini-3.7-flash
1,0.8515625,567,ai_kinh_te_0790_gemini-3.7-flash
0,1.062240719795227,512,098857b81da755b6
0,1.0680272579193115,554,c3d34440728e4f60
1,0.8510638475418091,684,ai_xa_hoi_0240_GPT-5.6 Luna
1,0.9227467775344848,570,ai_xa_hoi_0785_gemini-3.7-flash
0,0.976878583431244,353,ca7079a1e748c0d7
1,0.9014084339141846,550,ai_xa_hoi_0015_gemini-3.7-flash
0,1.137930989265442,597,fd8c9c46cb96e1ce
0,0.8875969052314758,555,9f02280cdfefc40b
0,0.6940639019012451,512,f1b966efbccf6c53
0,1.037593960762024,512,12802f8ba0fb8697
0,1.0382165908813477,667,fa677e77ac810424
1,0.8695651888847351,685,ai_giao_duc_0092_GPT-5.6 Luna
1,0.8556337952613831,685,ai_van_hoa_0394_GPT-5.6 Luna
0,0.978723406791687,687,bc3954aebb77be33
0,1.0,551,e6710884bcd0113b
1,0.8723404407501221,685,ai_the_thao_0458_GPT-5.6 Luna
0,0.9729729890823364,512,b55002a46f37bfcb
0,1.0265486240386963,682,d5303c8500c67d3b
1,0.8840579986572266,685,ai_kinh_te_0007_GPT-5.6 Luna
1,0.8500000238418579,684,ai_van_hoa_0381_GPT-5.6 Luna
1,0.9111111164093018,686,ai_giao_duc_0611_GPT-5.6 Luna
0,0.9724137783050536,662,9fdd4aafeac5c678
1,0.8500000238418579,684,ai_kinh_te_0258_GPT-5.6 Luna
0,1.0124223232269287,550,34c7f190e238c111
0,1.0296295881271362,512,d07254f11babba26
0,1.0214285850524902,512,cc68ff7b3d4c0005
0,0.9253731369972228,512,35bf7491dff52516
1,0.8731883764266968,686,ai_giao_duc_0820_GPT-5.6 Luna
0,0.9420289993286132,512,8b1833e9f11d0237
1,0.9364407062530518,533,ai_xa_hoi_0802_gemini-3.7-flash
0,0.9935483932495116,512,b12cf65e61b9e005
1,0.8821428418159485,686,ai_chinh_tri_0176_GPT-5.6 Luna
0,0.9392712712287904,547,79d0af6da1d8032f
1,0.8617021441459656,686,ai_xa_hoi_0490_GPT-5.6 Luna
1,0.8795620203018188,684,ai_kinh_te_0407_GPT-5.6 Luna
0,0.9777777791023254,625,e218de82156aaf67
1,0.8888888955116272,643,ai_kinh_te_0713_gemini-3.7-flash
1,0.8623188138008118,686,ai_kinh_te_0784_GPT-5.6 Luna
1,0.8738738894462585,530,ai_giao_duc_0244_gemini-3.7-flash
1,0.8617021441459656,686,ai_kinh_te_0261_GPT-5.6 Luna
1,0.8500000238418579,684,ai_van_hoa_0087_GPT-5.6 Luna
0,0.9189189076423644,672,8cb7b5e72bfe1697
0,0.9205020666122437,512,a5a6464cb953a4f6
1,0.9037036895751952,684,ai_kinh_te_0412_GPT-5.6 Luna
0,0.8771186470985413,540,e6e948da700d20c6
1,0.85447758436203,530,ai_kinh_te_0551_gemini-3.7-flash
0,0.918367326259613,698,657e1797b5114df3
1,0.9531915187835692,531,ai_xa_hoi_0742_gemini-3.7-flash
0,1.0567375421524048,512,c8d36f87b7282e6c
0,0.9542483687400818,696,e0988a665afa7438
0,1.0118577480316162,645,c977d917f473ba22
0,0.9440298676490784,768,b73a986c1b82a4d6
1,0.8546099066734314,684,ai_the_thao_0160_GPT-5.6 Luna
0,0.9795918464660645,662,ff5531658a771b39
1,0.9279661178588868,569,ai_xa_hoi_0765_gemini-3.7-flash
1,0.9037036895751952,686,ai_giao_duc_0155_GPT-5.6 Luna
1,0.8758864998817444,685,ai_kinh_te_0062_GPT-5.6 Luna
1,0.8265306353569031,684,ai_the_thao_0111_GPT-5.6 Luna
1,0.895652174949646,545,ai_chinh_tri_0432_gemini-3.7-flash
1,0.8500000238418579,685,ai_chinh_tri_0334_GPT-5.6 Luna
1,0.8586956262588501,685,ai_chinh_tri_0625_GPT-5.6 Luna
1,0.8799999952316284,554,ai_the_thao_0339_gemini-3.7-flash
1,0.8341013789176941,561,ai_giao_duc_0803_gemini-3.7-flash
0,0.9713114500045776,512,b80f7f479d6da837
0,1.0,512,c52a143850f3619a
0,1.0989583730697632,608,c5e7ecb7630f18aa
1,0.8341013789176941,561,ai_giao_duc_0251_gemini-3.7-flash
0,1.0147058963775637,646,48774794e9c0d367
0,1.54054057598114,671,75d7eb585b679505
1,0.8401360511779785,684,ai_the_thao_0607_GPT-5.6 Luna
0,1.076233148574829,689,6def35c5ae610c6a
0,0.9645389914512634,638,cb26e72029809e3a
0,1.0141509771347046,648,68cce512693a80d9
1,0.85447758436203,530,ai_kinh_te_0023_gemini-3.7-flash
1,0.9234449863433838,551,ai_xa_hoi_0435_gemini-3.7-flash
0,0.9906976819038392,768,bd948124dbdb8a39
0,0.9857142567634584,512,ead4379ce5eebda0
1,0.8785714507102966,686,ai_van_hoa_0764_GPT-5.6 Luna
0,1.0462428331375122,768,bffab7a3cecab803
0,1.0359281301498413,437,4dcdfb8b8d0633db
0,1.0526316165924072,512,08920d9030fc7f13
1,0.8738738894462585,530,ai_giao_duc_0668_gemini-3.7-flash
0,0.9937106966972352,768,3ce2a126d45478ad
0,1.1265822649002075,638,147c1866166c3995
0,0.9236111044883728,659,b05b342017646bb0
0,1.0593607425689695,768,35c361d5085d7b62
0,0.9752475023269652,563,8d8cfb7411aa244c
0,0.8971193432807922,683,0789dde541296b49
1,0.8888888955116272,643,ai_kinh_te_0057_gemini-3.7-flash
1,0.829365074634552,523,ai_the_thao_0080_gemini-3.7-flash
0,1.051383376121521,512,785c4ec0d1dd0a9a
1,0.9230769276618958,494,ai_xa_hoi_0356_gemini-3.7-flash
1,0.8888888955116272,643,ai_kinh_te_0401_gemini-3.7-flash
1,0.9014084339141846,550,ai_xa_hoi_0487_gemini-3.7-flash
0,1.0,339,4b55b50bd847edf1
1,0.8804348111152649,686,ai_van_hoa_0772_GPT-5.6 Luna
0,1.0286885499954224,768,10c42d9f76b814fb
0,1.0296610593795776,260,a112a346cccbdacd
0,1.0610686540603638,512,ecb42be1ecc764e6
0,1.072625756263733,659,cd58bc943fadcb07
0,0.9821428656578064,631,aac6425a2e593b8b
0,1.0208333730697632,512,0fc9ab992303f806
1,0.8546099066734314,685,ai_van_hoa_0721_GPT-5.6 Luna
1,0.835616409778595,684,ai_the_thao_0447_GPT-5.6 Luna
0,0.9007633328437804,768,72ba54a14ecbb6af
1,0.8678571581840515,685,ai_chinh_tri_0591_GPT-5.6 Luna
0,0.9041916131973268,768,7186439c73fe9482
0,1.1014492511749268,512,eefe39c9a9ad8dfb
1,0.8758864998817444,685,ai_kinh_te_0782_GPT-5.6 Luna
0,0.9379310607910156,616,a8c3e78c21308a63
0,1.0206611156463623,656,c1cdb66ee989bf77
0,1.067669153213501,644,9577990cdf038836
1,0.8510638475418091,685,ai_chinh_tri_0566_GPT-5.6 Luna
0,1.006250023841858,566,dcf8e8cf3c35cfd0
0,0.9402984976768494,704,3db3f941882b8cf2
1,0.912350594997406,515,ai_kinh_te_0520_gemini-3.7-flash
1,0.9242424368858336,596,ai_chinh_tri_0089_gemini-3.7-flash
1,0.8483412265777588,560,ai_giao_duc_0343_gemini-3.7-flash
0,1.0245901346206665,512,094e0fc73b688aa2
0,0.949999988079071,656,ae98eb9a11bf257c
1,0.8510638475418091,686,ai_kinh_te_0264_GPT-5.6 Luna
1,0.8782608509063721,547,ai_van_hoa_0236_gemini-3.7-flash
1,0.8401360511779785,684,ai_the_thao_0007_GPT-5.6 Luna
1,0.8652482032775879,685,ai_the_thao_0086_GPT-5.6 Luna
0,1.0555555820465088,561,2be038e6ec322476
0,1.0386265516281128,512,8c95a3bdd7558bf3
1,0.8723404407501221,686,ai_van_hoa_0778_GPT-5.6 Luna
0,0.996062994003296,512,d788c039626181ce
1,0.8690476417541504,568,ai_kinh_te_0666_gemini-3.7-flash
0,1.012195110321045,690,b28ff233f660fd7f
1,0.8735178112983704,644,ai_kinh_te_0717_gemini-3.7-flash
0,1.0451127290725708,768,ea648c52d1b773c4
0,0.9465240836143494,557,c31b802842edf3d2
1,0.9242424368858336,596,ai_chinh_tri_0033_gemini-3.7-flash
1,0.8888888955116272,518,ai_chinh_tri_0211_gemini-3.7-flash
0,0.9931507110595704,737,261f70b0754b057c
0,0.9418604373931884,621,c74307c345616fc1
1,0.8731883764266968,684,ai_chinh_tri_0653_GPT-5.6 Luna
1,0.8865247964859009,686,ai_giao_duc_0558_GPT-5.6 Luna
0,0.8876404762268066,619,597fc19cdd84bef6
1,0.8695651888847351,684,ai_chinh_tri_0133_GPT-5.6 Luna
1,0.8483412265777588,560,ai_giao_duc_0751_gemini-3.7-flash
1,0.8392857313156128,684,ai_chinh_tri_0398_GPT-5.6 Luna
1,0.8713235259056091,684,ai_chinh_tri_0473_GPT-5.6 Luna
0,1.038095235824585,672,c38453913ee5ce38
0,1.0153846740722656,569,d47315c66dc7b05d
1,0.8784722089767456,686,ai_the_thao_0657_GPT-5.6 Luna
1,0.8546099066734314,686,ai_chinh_tri_0194_GPT-5.6 Luna
1,0.8697183132171631,686,ai_xa_hoi_0668_GPT-5.6 Luna
0,0.9352940917015076,512,9753f8faaed0fe80
0,1.0304877758026123,512,444904edb064d328
1,0.8741258978843689,686,ai_xa_hoi_0628_GPT-5.6 Luna
1,0.8601398468017578,684,ai_van_hoa_0759_GPT-5.6 Luna
1,0.8758864998817444,685,ai_the_thao_0339_GPT-5.6 Luna
0,1.008264422416687,671,8cf3e4fd7791cd0c
1,0.9166666865348816,514,ai_kinh_te_0092_gemini-3.7-flash
1,0.9531915187835692,531,ai_xa_hoi_0078_gemini-3.7-flash
0,0.9299362897872924,512,c2ff28c34bbc5eed
0,1.005128264427185,631,aaddb529740dca9f
1,0.8531468510627747,685,ai_the_thao_0051_GPT-5.6 Luna
0,1.0,636,eafe41e2c7908d43
0,1.0674846172332764,512,1b60aaa5d1685a71
0,1.023121356964111,614,a83198029fcc8157
0,1.4031007289886477,702,bb1cbd8effd83b56
1,0.8949275612831116,686,ai_giao_duc_0653_GPT-5.6 Luna
0,0.9777777791023254,768,a8bdbc877fc04b78
1,0.8483412265777588,560,ai_giao_duc_0095_gemini-3.7-flash
1,0.8473895788192749,521,ai_the_thao_0564_gemini-3.7-flash
0,1.035175919532776,512,4102aa6c68a59d6c
1,0.8782608509063721,547,ai_van_hoa_0516_gemini-3.7-flash
0,0.9824561476707458,523,d3587752e971f01e
0,1.0810810327529907,768,e16cbf6be2c265f3
0,0.8809523582458496,570,b8425da9f79763eb
1,0.886956512928009,596,ai_the_thao_0445_gemini-3.7-flash
0,0.9154929518699646,649,3191ed22d702f8da
1,0.829365074634552,523,ai_the_thao_0408_gemini-3.7-flash
0,0.9642857313156128,512,8e58e5d19a7816ed
1,0.8410041928291321,531,ai_the_thao_0718_gemini-3.7-flash
0,0.9589040875434875,740,fedb623a78647e5e
1,0.8500000238418579,686,ai_xa_hoi_0205_GPT-5.6 Luna
0,0.9200000166893004,593,0f71e04499b5e501
1,0.9014084339141846,550,ai_xa_hoi_0263_gemini-3.7-flash
1,0.8590308427810669,595,ai_the_thao_0249_gemini-3.7-flash
1,0.8514492511749268,684,ai_chinh_tri_0438_GPT-5.6 Luna
1,0.8510638475418091,685,ai_van_hoa_0539_GPT-5.6 Luna
0,0.9575471878051758,768,d7325451b4115631
0,0.9795918464660645,512,9350374ed32b563f
1,0.8804348111152649,684,ai_kinh_te_0063_GPT-5.6 Luna
1,0.8410041928291321,531,ai_the_thao_0270_gemini-3.7-flash
0,1.0,526,ee9aa5cc5d09676e
1,0.8804348111152649,685,ai_chinh_tri_0281_GPT-5.6 Luna
1,0.8485915660858154,684,ai_xa_hoi_0256_GPT-5.6 Luna
1,0.8617021441459656,685,ai_giao_duc_0472_GPT-5.6 Luna
0,0.9205607771873474,531,30217f865f685d9e
1,0.8829787373542786,686,ai_giao_duc_0046_GPT-5.6 Luna
1,0.8661971688270569,686,ai_the_thao_0564_GPT-5.6 Luna
0,0.932692289352417,512,0c634432babe987b
0,0.9714285731315612,534,7cf30eab214c0fb3
0,0.9295774698257446,512,fb7d1482617828db
0,0.979695439338684,632,0f59f82923a04c27
1,0.9037036895751952,686,ai_giao_duc_0595_GPT-5.6 Luna
0,0.9620253443717957,656,d9a2305f92d33151
0,1.0945945978164673,512,1fc68be18657e6fd
1,0.8884891867637634,685,ai_giao_duc_0408_GPT-5.6 Luna
1,0.8546099066734314,686,ai_van_hoa_0184_GPT-5.6 Luna
0,0.943181812763214,706,7136725746983cd6
1,0.9227467775344848,570,ai_xa_hoi_0457_gemini-3.7-flash
0,0.9931507110595704,512,858b7e74f172e8b6
1,0.8723404407501221,685,ai_giao_duc_0504_GPT-5.6 Luna
1,0.8649635314941406,684,ai_kinh_te_0410_GPT-5.6 Luna
1,0.8905109763145447,686,ai_giao_duc_0445_GPT-5.6 Luna
1,0.8848921060562134,686,ai_xa_hoi_0020_GPT-5.6 Luna
1,0.9383260011672974,551,ai_van_hoa_0270_gemini-3.7-flash
0,1.047619104385376,506,5b214c3116336457
0,1.0218340158462524,650,97f5700bf62fa453
0,0.9490445852279664,512,d653c5e3fdca5226
1,0.925110161304474,599,ai_giao_duc_0525_gemini-3.7-flash
1,0.8813559412956238,574,ai_van_hoa_0725_gemini-3.7-flash
0,1.0693641901016235,512,39e57fedd905a4c9
1,0.9004328846931458,566,ai_chinh_tri_0822_gemini-3.7-flash
0,0.9038461446762084,537,ac67b9e936d21d2c
0,0.9406779408454896,512,119102a4fa990b18
1,0.8389830589294434,554,ai_the_thao_0191_gemini-3.7-flash
1,0.867521345615387,600,ai_giao_duc_0377_gemini-3.7-flash
0,0.8844221234321594,768,ccbf58d4d490d9ec
1,0.8473895788192749,521,ai_the_thao_0068_gemini-3.7-flash
0,0.9583333134651184,680,6b37cedf5c71c465
0,0.9030612111091614,512,9793f138a3237a6a
0,0.96875,508,5cfcc6261f8d609a
0,0.9785407781600952,615,f6f025e66f1a3f19
1,0.9004328846931458,566,ai_chinh_tri_0606_gemini-3.7-flash
1,0.8733624219894409,545,ai_chinh_tri_0708_gemini-3.7-flash
0,1.037558674812317,663,9c7a7339ec4d03ff
0,0.9455782175064088,768,27e6fdb954e35931
0,0.9701492786407472,623,0aea205a754bc02c
0,0.980519473552704,579,980e74e691da6247
1,0.8913043737411499,686,ai_giao_duc_0677_GPT-5.6 Luna
1,0.8735178112983704,644,ai_kinh_te_0293_gemini-3.7-flash
0,0.9790794849395752,553,1173f81a3fb89248
1,0.9234449863433838,551,ai_xa_hoi_0371_gemini-3.7-flash
0,1.0,768,8708053d406648b3
1,0.8865247964859009,686,ai_giao_duc_0798_GPT-5.6 Luna
0,0.961722493171692,768,8b97c1e8b507d4b1
0,1.0310077667236328,689,843783a175d47943
0,0.9492753744125366,643,f3ac021af183664c
0,1.003921627998352,704,63f6600b8edb1869
0,1.0255318880081177,512,f761176a807d9dac
0,0.9924812316894532,768,69fb0655b62e8271
0,0.9873417615890504,660,285c91ba2e5c83b2
1,0.8859649300575256,518,ai_giao_duc_0714_gemini-3.7-flash
0,0.975000023841858,635,33d36714b369c220
0,0.9282511472702026,768,af40864a24c2faeb
0,0.9506173133850098,511,043fdfcca039f622
0,0.9931034445762634,640,891fc924de8fd78f
0,1.0,768,d05a0e3bd310b6d0
0,0.9735099077224731,667,81894d63bd3c799b
1,0.925110161304474,599,ai_giao_duc_0253_gemini-3.7-flash
0,0.9863945841789246,512,7723278ee606d590
0,1.0153846740722656,512,a4c4a2469b8ea845
0,0.9846153855323792,689,76dcd2d505b58d8f
0,1.023809552192688,768,bb0763cc11e94367
1,0.8735178112983704,644,ai_kinh_te_0357_gemini-3.7-flash
1,0.85447758436203,530,ai_kinh_te_0687_gemini-3.7-flash
1,0.8341013789176941,561,ai_giao_duc_0419_gemini-3.7-flash
1,0.8820960521697998,547,ai_van_hoa_0004_gemini-3.7-flash
1,0.8776978254318237,686,ai_chinh_tri_0346_GPT-5.6 Luna
1,0.8636363744735718,686,ai_the_thao_0125_GPT-5.6 Luna
0,1.0278884172439575,650,d5cd5b5d534ea105
0,1.1209677457809448,512,857911a4ea2d7823
0,1.1594202518463137,512,3a88b49dc2a01adc
1,0.8733624219894409,545,ai_chinh_tri_0060_gemini-3.7-flash
0,0.9181034564971924,768,f7bcd48594eefa23
0,1.0067567825317385,768,2c5abea72fa254cf
1,0.895652174949646,545,ai_chinh_tri_0696_gemini-3.7-flash
0,1.056910514831543,642,6f570d0deb16d6a3
1,0.9194915294647216,497,ai_xa_hoi_0680_gemini-3.7-flash
0,1.0214285850524902,670,f732b5b4a9ece4b1
0,0.8625954389572144,544,f5fed1d48707be22
0,1.0339806079864502,512,446a73217659db14
0,1.0290697813034058,609,308064977f557885
1,0.8859649300575256,518,ai_giao_duc_0058_gemini-3.7-flash
0,0.9440559148788452,768,805f745ffa6c066f
0,0.9852941036224364,643,8715b6be60f33118
1,0.921641767024994,686,ai_giao_duc_0467_GPT-5.6 Luna
1,0.8804348111152649,684,ai_chinh_tri_0712_GPT-5.6 Luna
1,0.8804348111152649,685,ai_xa_hoi_0601_GPT-5.6 Luna
1,0.8695651888847351,685,ai_giao_duc_0692_GPT-5.6 Luna
0,0.9365079402923584,551,72b4a2e7c9d5c26a
1,0.8321917653083801,684,ai_chinh_tri_0300_GPT-5.6 Luna
1,0.8510638475418091,684,ai_van_hoa_0333_GPT-5.6 Luna
1,0.8591549396514893,687,ai_van_hoa_0628_GPT-5.6 Luna
1,0.9404255151748656,533,ai_xa_hoi_0562_gemini-3.7-flash
1,0.8794642686843872,544,ai_van_hoa_0056_gemini-3.7-flash
1,0.8813559412956238,574,ai_van_hoa_0133_gemini-3.7-flash
0,1.069930076599121,144,47c07de2244d832c
0,1.0753768682479858,241,70237ef3acddc32d
1,0.9242424368858336,596,ai_chinh_tri_0297_gemini-3.7-flash
1,0.8840579986572266,686,ai_giao_duc_0684_GPT-5.6 Luna
1,0.8888888955116272,684,ai_giao_duc_0153_GPT-5.6 Luna
0,0.992424249649048,670,fed24158debf5091
1,0.8661971688270569,685,ai_the_thao_0020_GPT-5.6 Luna
0,0.9867549538612366,768,b8d2e59998f5035d
1,0.8936170339584351,686,ai_giao_duc_0342_GPT-5.6 Luna
0,0.9433962106704712,512,0c744e5d261c25aa
0,1.040816307067871,512,01615b03844f348d
0,0.977142870426178,768,8ce5ce12125c26f7
1,0.9194915294647216,497,ai_xa_hoi_0336_gemini-3.7-flash
1,0.8686131238937378,684,ai_giao_duc_0569_GPT-5.6 Luna
0,1.0197628736495972,768,6974bae8a6d1fe2f
1,0.8678571581840515,686,ai_chinh_tri_0546_GPT-5.6 Luna
0,1.073298454284668,629,d6887d5291f0e685
0,0.907894730567932,512,fe8157a97181e5d5
1,0.8991228342056274,565,ai_chinh_tri_0602_gemini-3.7-flash
1,0.8410041928291321,531,ai_the_thao_0438_gemini-3.7-flash
0,0.9639999866485596,512,6cb351e4b50ded8c
0,0.9346938729286194,682,831d7d47f720e7dd
1,0.8735178112983704,644,ai_kinh_te_0133_gemini-3.7-flash
0,0.9788732528686525,511,eb8cf96d6e756f17
1,0.8515625,567,ai_kinh_te_0582_gemini-3.7-flash
0,1.004347801208496,512,d910039fc4f62fba
1,0.8892857432365417,686,ai_giao_duc_0550_GPT-5.6 Luna
0,1.0833333730697632,512,01c566d7a67c6de8
1,0.8426573276519775,684,ai_chinh_tri_0172_GPT-5.6 Luna
1,0.8690476417541504,568,ai_kinh_te_0394_gemini-3.7-flash
0,1.0,685,52da3b61a94abc40
1,0.8607142567634583,684,ai_van_hoa_0725_GPT-5.6 Luna
1,0.8741007447242737,686,ai_giao_duc_0135_GPT-5.6 Luna
0,1.0333333015441897,512,fe3b8b7665c62e44
1,0.8473895788192749,521,ai_the_thao_0596_gemini-3.7-flash
0,0.9095022678375244,725,d009f8c035306815
1,0.8586207032203674,685,ai_the_thao_0068_GPT-5.6 Luna
1,0.829365074634552,523,ai_the_thao_0704_gemini-3.7-flash
0,1.0,505,f85a2cac0336080a
0,0.9266666769981384,512,62ad27bbc8a9c9e3
1,0.8617021441459656,685,ai_xa_hoi_0683_GPT-5.6 Luna
0,0.9221311211586,512,e46754a6fc93e098
1,0.8690476417541504,568,ai_kinh_te_0226_gemini-3.7-flash
1,0.8423236608505249,517,ai_giao_duc_0046_gemini-3.7-flash
0,1.023668646812439,523,61b250bd7f0bfe20
1,0.8525179624557495,684,ai_chinh_tri_0110_GPT-5.6 Luna
1,0.8666666746139526,530,ai_giao_duc_0448_gemini-3.7-flash
0,0.9365671873092652,768,28e2815f6b4fe778
0,0.9877049326896667,768,7900bd5e6abd7fd8
1,0.8661971688270569,685,ai_the_thao_0260_GPT-5.6 Luna
0,1.0040485858917236,520,40ba12027fb7ebd1
0,1.0418410301208496,512,ab7d4b922510b60d
0,1.006666660308838,506,677f3fadc7e739b8
0,1.0,512,e2272d1a818c4055
0,0.909871220588684,768,c01c61e92e00ce29
1,0.8723404407501221,685,ai_kinh_te_0009_GPT-5.6 Luna
0,1.0612244606018066,513,28503230638f42c8
1,0.8389830589294434,554,ai_the_thao_0071_gemini-3.7-flash
1,0.8389830589294434,554,ai_the_thao_0183_gemini-3.7-flash
1,0.8389830589294434,554,ai_the_thao_0551_gemini-3.7-flash
0,0.985185205936432,504,2718a25e127f3368
1,0.8546099066734314,685,ai_chinh_tri_0088_GPT-5.6 Luna
0,0.9547325372695924,512,c4618c58af28e1ba
1,0.9227467775344848,570,ai_xa_hoi_0409_gemini-3.7-flash
0,0.9507575631141664,512,d2f066ef2ccb76bc
1,0.8666666746139526,530,ai_giao_duc_0096_gemini-3.7-flash
1,0.8623188138008118,685,ai_xa_hoi_0571_GPT-5.6 Luna
1,0.8952381014823914,595,ai_chinh_tri_0757_gemini-3.7-flash
0,1.0,512,c78d5f1eaeb16301
1,0.8485915660858154,686,ai_kinh_te_0265_GPT-5.6 Luna
0,1.0251572132110596,768,9868eb4e497ec347
1,0.8767605423927307,686,ai_van_hoa_0330_GPT-5.6 Luna
1,0.829365074634552,523,ai_the_thao_0216_gemini-3.7-flash
0,0.97183096408844,552,f0a40182681fd1ab
0,0.943965494632721,675,91012743d761600c
0,0.9301470518112184,464,007a65e83e6a8ad1
0,0.9784482717514038,768,ae46740e70a6224f
1,0.8521126508712769,683,ai_xa_hoi_0048_GPT-5.6 Luna
0,0.9473684430122375,768,2bcc0b52fa85c12d
0,0.9523809552192688,672,6f77d46d05d53a10
0,1.0152671337127686,702,b81f6bbd624b7052
1,0.9383260011672974,551,ai_van_hoa_0326_gemini-3.7-flash
1,0.84375,684,ai_chinh_tri_0228_GPT-5.6 Luna
1,0.8821428418159485,685,ai_kinh_te_0502_GPT-5.6 Luna
1,0.8695651888847351,686,ai_xa_hoi_0547_GPT-5.6 Luna
1,0.8690476417541504,568,ai_kinh_te_0810_gemini-3.7-flash
0,1.034246563911438,768,e9b50aa9fa53506d
1,0.9014084339141846,550,ai_xa_hoi_0151_gemini-3.7-flash
0,0.9876033067703248,657,bf10f15ddd13d31c
0,0.9280303120613098,768,30249f4af22ccae9
1,0.8380281925201416,684,ai_the_thao_0456_GPT-5.6 Luna
1,0.9234449863433838,551,ai_xa_hoi_0691_gemini-3.7-flash
1,0.829365074634552,523,ai_the_thao_0288_gemini-3.7-flash
1,0.8804348111152649,684,ai_giao_duc_0728_GPT-5.6 Luna
0,0.9299362897872924,707,89ad3c7970f4761b
1,0.8410041928291321,531,ai_the_thao_0318_gemini-3.7-flash
0,1.0580357313156128,768,7b05010a9b761d79
0,0.8863636255264282,568,b915c83329e816b7
0,0.9108527302742004,576,8ec94ead1ac158a6
1,0.828000009059906,529,ai_the_thao_0738_gemini-3.7-flash
1,0.8714285492897034,686,ai_xa_hoi_0790_GPT-5.6 Luna
1,0.8528138399124146,575,ai_van_hoa_0561_gemini-3.7-flash
1,0.8496503233909607,684,ai_van_hoa_0143_GPT-5.6 Luna
1,0.8410041928291321,531,ai_the_thao_0038_gemini-3.7-flash
0,0.9233576655387878,695,55d907646aac1096
0,0.9876543283462524,512,46c3ccc53e568607
0,0.9395161271095276,768,3e8407fecf04a784
0,0.9101123809814452,380,1e0ec7daaaf97912
0,1.0268456935882568,512,b49b256ca1a9e4e1
0,0.9147982001304626,654,8247778f860bbffc
1,0.8813559412956238,574,ai_van_hoa_0221_gemini-3.7-flash
0,0.9281045794487,768,ee44a1a54721a1c7
0,0.9215686321258544,512,0393004edb490bed
0,0.9934640526771544,512,49068d2d8b6237e0
0,1.0290697813034058,716,831be96a876deb4a
1,0.8617021441459656,684,ai_the_thao_0523_GPT-5.6 Luna
0,0.9549999833106996,512,9beea10b0a90e086
1,0.8546099066734314,684,ai_xa_hoi_0403_GPT-5.6 Luna
1,0.9004328846931458,566,ai_chinh_tri_0070_gemini-3.7-flash
1,0.8219696879386902,555,ai_van_hoa_0735_gemini-3.7-flash
1,0.85447758436203,530,ai_kinh_te_0463_gemini-3.7-flash
1,0.912350594997406,515,ai_kinh_te_0744_gemini-3.7-flash
1,0.8469387888908386,686,ai_the_thao_0081_GPT-5.6 Luna
0,0.8938053250312805,646,a2c1f8e5e32d84a0
1,0.8410041928291321,531,ai_the_thao_0662_gemini-3.7-flash
0,1.0432099103927612,512,cf373c6cca4dbd4b
1,0.8620689511299133,686,ai_the_thao_0484_GPT-5.6 Luna
1,0.8767605423927307,686,ai_giao_duc_0142_GPT-5.6 Luna
0,1.0,699,35d47f676c214949
1,0.8500000238418579,685,ai_van_hoa_0451_GPT-5.6 Luna
0,1.0120482444763184,522,6f589ef2ede9f0e3
0,0.965384602546692,645,c9b04398b1de7d1c
0,1.0288065671920776,653,1cdbdd61533bcffd
0,1.0041152238845823,512,9f7795db257b377a
1,0.8546099066734314,684,ai_kinh_te_0495_GPT-5.6 Luna
0,0.976190447807312,654,4b57abd7ca7146e7
0,0.9191176295280457,684,ca81e94d3a2a7b89
1,0.8723404407501221,685,ai_the_thao_0315_GPT-5.6 Luna
0,1.03108811378479,512,5b6189d2a81a9695
0,1.016736388206482,540,2ba4b186a8018ebe
1,0.8859649300575256,518,ai_giao_duc_0170_gemini-3.7-flash
0,0.9367588758468628,647,f01b17d21bac515a
0,0.98046875,581,1dcd6a010abeaa14
0,0.9038461446762084,577,31a4c7cc5c09cfa8
0,1.008230447769165,512,404977bb9a9d7fcd
1,0.8556337952613831,686,ai_kinh_te_0115_GPT-5.6 Luna
1,0.8633093237876892,685,ai_chinh_tri_0507_GPT-5.6 Luna
1,0.8531468510627747,686,ai_the_thao_0254_GPT-5.6 Luna
0,0.9820627570152284,661,0928dc208e1dc418
1,0.8617021441459656,685,ai_kinh_te_0213_GPT-5.6 Luna
1,0.886956512928009,596,ai_the_thao_0309_gemini-3.7-flash
1,0.8999999761581421,684,ai_giao_duc_0786_GPT-5.6 Luna
1,0.8576388955116272,686,ai_the_thao_0701_GPT-5.6 Luna
0,0.9840425252914428,768,218ce37a251158bb
1,0.8515625,567,ai_kinh_te_0022_gemini-3.7-flash
1,0.828000009059906,529,ai_the_thao_0386_gemini-3.7-flash
1,0.9234449863433838,551,ai_xa_hoi_0403_gemini-3.7-flash
0,1.0945273637771606,577,f2dc18d1c4ac2833
0,1.0270270109176636,659,bbe5d66400a56617
1,0.8617021441459656,685,ai_kinh_te_0535_GPT-5.6 Luna
0,0.8972602486610413,512,e3991a328acdfc81
0,0.9668508172035216,768,68652376198cfdde
1,0.9166666865348816,514,ai_kinh_te_0780_gemini-3.7-flash
0,0.8181818127632141,768,c09e34da6e989e12
1,0.8759124279022217,685,ai_chinh_tri_0753_GPT-5.6 Luna
0,0.9560975432395936,768,b1523fe396025aa4
0,1.083769679069519,651,5843c67b6017e989
1,0.8829787373542786,684,ai_van_hoa_0695_GPT-5.6 Luna
1,0.8799999952316284,554,ai_the_thao_0099_gemini-3.7-flash
0,1.0308642387390137,768,0ccb9c26d35a7a35
0,1.1100478172302246,508,0ebd8d452aa2c591
0,0.9520000219345092,512,64fcc56a243cee54
0,0.9469696879386902,512,0450a07b9c7b293b
1,0.8423236608505249,517,ai_giao_duc_0094_gemini-3.7-flash
1,0.8666666746139526,530,ai_giao_duc_0560_gemini-3.7-flash
1,0.8782608509063721,547,ai_van_hoa_0636_gemini-3.7-flash
0,1.0487804412841797,624,08b01a74a3c67d3b
0,0.8757764101028442,546,0ba90f6c74b40998
0,0.9193548560142516,664,865ee330ac4b38f6
0,1.0460251569747925,512,5d71cb2f9ef889a4
0,0.9670782089233398,512,f4b0fe49dc07f814
0,1.0,658,261b3e759c4d249b
1,0.8556337952613831,684,ai_the_thao_0091_GPT-5.6 Luna
1,0.8888888955116272,643,ai_kinh_te_0369_gemini-3.7-flash
0,0.9675324559211732,768,d7a1ae97ee9a4664
1,0.8823529481887817,684,ai_giao_duc_0441_GPT-5.6 Luna
0,1.032679796218872,512,d6dbc1a0ca81bac9
1,0.8905109763145447,686,ai_giao_duc_0325_GPT-5.6 Luna
1,0.8888888955116272,643,ai_kinh_te_0065_gemini-3.7-flash
1,0.925110161304474,599,ai_giao_duc_0045_gemini-3.7-flash
0,0.943319857120514,768,e637eae89a58216c
0,1.058823585510254,768,0e11ea6024f781b7
0,1.0226244926452637,512,e3d49affaf7d4ee3
1,0.8755555748939514,513,ai_chinh_tri_0055_gemini-3.7-flash
0,0.9810126423835754,512,0b16f32fc34396fa
1,0.8586956262588501,686,ai_kinh_te_0325_GPT-5.6 Luna
1,0.829365074634552,523,ai_the_thao_0728_gemini-3.7-flash
1,0.8695651888847351,684,ai_chinh_tri_0613_GPT-5.6 Luna
0,0.9944444298744202,768,5468900235733e8e
1,0.9004328846931458,566,ai_chinh_tri_0158_gemini-3.7-flash
0,1.0452674627304075,512,8f7b14a3bc22a593
0,1.0,692,26d78f3318d9594b
1,0.9242424368858336,596,ai_chinh_tri_0689_gemini-3.7-flash
0,1.0396825075149536,563,462ffae58bb62be7
0,1.014634132385254,563,f8dbc2cbdd2243bb
1,0.9279661178588868,569,ai_xa_hoi_0733_gemini-3.7-flash
0,1.2595744132995603,547,d11971d7cccd2eff
1,0.8733624219894409,545,ai_chinh_tri_0252_gemini-3.7-flash
0,0.9918367266654968,512,2ca3aa51b89a69a6
1,0.8584070801734924,544,ai_van_hoa_0736_gemini-3.7-flash
1,0.8952381014823914,595,ai_chinh_tri_0165_gemini-3.7-flash
1,0.8652482032775879,685,ai_the_thao_0206_GPT-5.6 Luna
1,0.8528138399124146,575,ai_van_hoa_0409_gemini-3.7-flash
0,1.07798171043396,625,bd8032d38ae83291
1,0.875,684,ai_giao_duc_0185_GPT-5.6 Luna
0,0.951724112033844,739,b0545c3a95365f45
0,1.0208333730697632,768,bd929ec33e975b7d
1,0.8341013789176941,561,ai_giao_duc_0491_gemini-3.7-flash
0,0.9774436354637146,642,295b5594e58c6d00
1,0.8888888955116272,686,ai_the_thao_0665_GPT-5.6 Luna
0,1.0163934230804443,659,ac344439aaf29517
0,0.9870129823684692,512,072c5b16db12775d
0,0.9298245906829834,512,3ff5953c0e80600a
1,0.8782608509063721,547,ai_van_hoa_0492_gemini-3.7-flash
1,0.8652482032775879,685,ai_the_thao_0010_GPT-5.6 Luna
0,1.0122699737548828,661,0385a0a9987c8763
0,1.004273533821106,526,499a751cdc8183c3
1,0.8652482032775879,684,ai_the_thao_0560_GPT-5.6 Luna
1,0.8423236608505249,517,ai_giao_duc_0694_gemini-3.7-flash
1,0.8623188138008118,684,ai_chinh_tri_0823_GPT-5.6 Luna
0,0.946308732032776,665,e4cc9b8e40214264
0,1.0948275327682495,608,232957cb3ec142ca
0,1.0170212984085083,768,fe1b7de5ce47deef
1,0.8813559412956238,574,ai_van_hoa_0389_gemini-3.7-flash
1,0.8755555748939514,513,ai_chinh_tri_0111_gemini-3.7-flash
0,1.0145984888076782,662,5fc7d84c234c719e
0,0.9689922332763672,690,a639bb47f6dafa12
0,0.9570552110671996,694,0ab91786f9353a25
0,0.9586206674575806,768,ba9bbe206d41187e
0,1.021276593208313,768,f267fad5a4f2ed68
0,1.0675675868988037,633,9bc3de4a74664a38
0,0.9008620977401732,512,9be8cf5f01ba6ee4
1,0.8450704216957092,684,ai_the_thao_0368_GPT-5.6 Luna
0,0.9484978318214417,768,6c49b91566ae4332
1,0.8500000238418579,684,ai_van_hoa_0567_GPT-5.6 Luna
0,1.0041667222976685,512,97c1e2087a809d79
1,0.8735178112983704,644,ai_kinh_te_0749_gemini-3.7-flash
1,0.8482758402824402,685,ai_chinh_tri_0604_GPT-5.6 Luna
1,0.8840579986572266,685,ai_kinh_te_0247_GPT-5.6 Luna
1,0.9910714030265808,550,ai_van_hoa_0426_gemini-3.7-flash
1,0.8723404407501221,686,ai_chinh_tri_0506_GPT-5.6 Luna
1,0.9004328846931458,566,ai_chinh_tri_0222_gemini-3.7-flash
0,1.037313461303711,581,132dc98911f4fbaf
1,0.912350594997406,515,ai_kinh_te_0712_gemini-3.7-flash
0,0.951724112033844,512,a534c9741a461b9c
0,1.0,682,2e6912d437258b71
0,0.944915235042572,652,988531574655443a
1,0.8450704216957092,686,ai_xa_hoi_0437_GPT-5.6 Luna
1,0.8341013789176941,561,ai_giao_duc_0643_gemini-3.7-flash
1,0.9613733887672424,531,ai_xa_hoi_0830_gemini-3.7-flash
1,0.9404255151748656,533,ai_xa_hoi_0794_gemini-3.7-flash
0,0.9926470518112184,512,59b989f1ccafe494
0,0.9825327396392822,768,67ad8d764c782484
1,0.8590308427810669,595,ai_the_thao_0513_gemini-3.7-flash
1,0.8731883764266968,686,ai_kinh_te_0552_GPT-5.6 Luna
0,1.0899471044540403,569,0c9ccd4da7e30ce5
1,0.8829787373542786,686,ai_xa_hoi_0796_GPT-5.6 Luna
0,1.078125,512,bb8753c5e1e05733
1,0.895652174949646,545,ai_chinh_tri_0128_gemini-3.7-flash
0,0.9041666388511658,505,301a7d2406f49e66
1,0.8741007447242737,686,ai_van_hoa_0084_GPT-5.6 Luna
0,0.953125,604,7bb3884618a9810f
0,0.8713235259056091,768,31d6e4718702475d
1,0.8485915660858154,686,ai_kinh_te_0025_GPT-5.6 Luna
1,0.8441558480262756,575,ai_van_hoa_0825_gemini-3.7-flash
1,0.8735178112983704,644,ai_kinh_te_0213_gemini-3.7-flash
0,0.9115646481513976,669,8ca0dd6bb0645ab4
0,1.0615384578704834,651,6a7bb74ec3171d0c
1,0.8423236608505249,517,ai_giao_duc_0254_gemini-3.7-flash
0,0.875,676,8176115d4aea12df
1,0.8888888955116272,684,ai_kinh_te_0194_GPT-5.6 Luna
1,0.8639705777168274,684,ai_giao_duc_0385_GPT-5.6 Luna
1,0.8873239159584045,686,ai_the_thao_0193_GPT-5.6 Luna
1,0.8733624219894409,545,ai_chinh_tri_0500_gemini-3.7-flash
1,0.9234449863433838,551,ai_xa_hoi_0611_gemini-3.7-flash
1,0.8888888955116272,643,ai_kinh_te_0793_gemini-3.7-flash
1,0.8690476417541504,568,ai_kinh_te_0234_gemini-3.7-flash
0,1.0227272510528564,512,803e9f6d8e06e5ff
0,1.024193525314331,650,c24b4038f431d056
0,1.1409395933151243,650,33145ff35107040d
1,0.8690476417541504,568,ai_kinh_te_0210_gemini-3.7-flash
1,0.8695651888847351,685,ai_giao_duc_0164_GPT-5.6 Luna
0,0.85546875,568,72c77a9b17055d83
0,0.9647576808929444,515,77440aee136fc931
1,0.925110161304474,599,ai_giao_duc_0333_gemini-3.7-flash
0,0.98046875,659,1626d5f84a2412d6
1,0.8868613243103027,686,ai_giao_duc_0339_GPT-5.6 Luna
1,0.8888888955116272,518,ai_chinh_tri_0747_gemini-3.7-flash
1,0.8546099066734314,684,ai_van_hoa_0765_GPT-5.6 Luna
0,0.9753086566925048,455,cee55013965ee2de
0,0.9142857193946838,693,a0a59aa841eaec0b
0,0.9269230961799622,664,099c2872bb8d1584
1,0.8614718317985535,575,ai_van_hoa_0001_gemini-3.7-flash
1,0.8652482032775879,685,ai_the_thao_0730_GPT-5.6 Luna
1,0.8714285492897034,685,ai_xa_hoi_0574_GPT-5.6 Luna
0,1.0,768,b44fc68e0f2498c7
1,0.8514492511749268,684,ai_giao_duc_0289_GPT-5.6 Luna
1,0.8695651888847351,685,ai_giao_duc_0644_GPT-5.6 Luna
1,0.8485915660858154,685,ai_van_hoa_0202_GPT-5.6 Luna
0,1.0555555820465088,555,f686eaf4ecfc3319
1,0.8360000252723694,557,ai_van_hoa_0387_gemini-3.7-flash
1,0.8840579986572266,686,ai_giao_duc_0791_GPT-5.6 Luna
0,0.9552238583564758,512,f83aeff50ab6a9d6
1,0.8758864998817444,684,ai_van_hoa_0719_GPT-5.6 Luna
0,1.0509259700775146,532,af69eeda581a14d0
1,0.9910714030265808,550,ai_van_hoa_0554_gemini-3.7-flash
1,0.8755555748939514,513,ai_chinh_tri_0335_gemini-3.7-flash
1,0.8514492511749268,684,ai_kinh_te_0610_GPT-5.6 Luna
1,0.8666666746139526,530,ai_giao_duc_0416_gemini-3.7-flash
0,0.9558823704719543,679,24c3a86b57edd5c3
0,1.0833333730697632,602,c443bc91fded392e
1,0.9194915294647216,497,ai_xa_hoi_0024_gemini-3.7-flash
0,1.037037014961243,555,1f8d4644cd4ebc0a
1,0.8804348111152649,684,ai_chinh_tri_0592_GPT-5.6 Luna
0,1.080645203590393,629,d4df30462c938575
0,0.95333331823349,666,7f6c33a92f842516
1,0.9234449863433838,551,ai_xa_hoi_0579_gemini-3.7-flash
1,0.8586956262588501,685,ai_chinh_tri_0793_GPT-5.6 Luna
0,1.0285714864730835,646,c27db52387b1cda1
0,0.9868420958518982,512,454b245ac0d6d98d
1,0.867521345615387,600,ai_giao_duc_0617_gemini-3.7-flash
0,0.9588477611541748,527,c5b034354363b588
1,0.8666666746139526,530,ai_giao_duc_0216_gemini-3.7-flash
0,0.9379844665527344,710,a6b3b6a14cb26990
0,1.0,512,f4fcdc2c1ff10192
0,1.013071894645691,768,b5691d10be57b060
1,0.8500000238418579,685,ai_van_hoa_0571_GPT-5.6 Luna
1,0.8785714507102966,686,ai_xa_hoi_0142_GPT-5.6 Luna
1,0.9204545617103576,685,ai_xa_hoi_0567_GPT-5.6 Luna
1,0.8510638475418091,686,ai_van_hoa_0619_GPT-5.6 Luna
0,1.0979381799697876,512,da600798e416e426
1,0.8888888955116272,518,ai_chinh_tri_0499_gemini-3.7-flash
1,0.8541666865348816,685,ai_the_thao_0476_GPT-5.6 Luna
0,0.96875,549,cf18ef385b306036
1,0.8389830589294434,554,ai_the_thao_0471_gemini-3.7-flash
0,0.9268292784690856,603,e534afab28a5bfdc
0,1.050420165061951,631,4e031e0a4a044d16
0,1.0,512,9c68e9a2451a0908
0,0.9934640526771544,666,b242b1b9bbb18357
0,0.9691630005836488,627,42b4783114765558
0,1.013274312019348,512,8970ced1c939a61e
0,0.88671875,567,f63104fd08479d85
1,0.8804348111152649,686,ai_xa_hoi_0137_GPT-5.6 Luna
0,1.02212393283844,608,cc8c9330c45acf3d
0,0.9959839582443236,522,7b1294986321a1c5
0,0.9704142212867736,672,b84f14e4c4b58b3e
0,1.0205761194229126,512,114d4379d21067dc
0,0.9651162624359132,691,2d0df8972774d06e
0,0.9644268751144408,676,4345bc1a9d0db9d2
1,0.8528138399124146,575,ai_van_hoa_0553_gemini-3.7-flash
0,0.9510869383811952,438,e94171dfdd430629
0,0.9720279574394226,768,e598923f86dd434c
0,0.9214285612106324,768,d0effd635c850992
0,1.0067567825317385,512,07be13731d3294df
0,0.973154366016388,512,29d28e320497f448
1,0.9230769276618958,494,ai_xa_hoi_0596_gemini-3.7-flash
0,0.9644268751144408,659,438440cf0878cfc6
1,0.9404255151748656,533,ai_xa_hoi_0786_gemini-3.7-flash
1,0.8695651888847351,685,ai_giao_duc_0764_GPT-5.6 Luna
0,0.7272727489471436,529,84b06912ff4a0a5a
0,1.0,578,210b02e53ee63328
1,0.8759124279022217,686,ai_xa_hoi_0347_GPT-5.6 Luna
1,0.8584070801734924,544,ai_van_hoa_0480_gemini-3.7-flash
0,0.9492753744125366,592,5c701fbff86e2ad8
0,0.943231463432312,714,ae5698480c97989e
1,0.835616409778595,684,ai_the_thao_0087_GPT-5.6 Luna
0,0.9751037359237672,597,2e925f8715422b0c
0,0.9726027250289916,512,5cda60423eb0ed11
0,1.0136985778808594,521,44d85531cf207708
0,1.034482717514038,640,c4d868f47b08c6c3
0,0.8770053386688232,512,c4d1ca16524682c9
1,0.8713235259056091,684,ai_giao_duc_0465_GPT-5.6 Luna
1,0.8723404407501221,686,ai_kinh_te_0073_GPT-5.6 Luna
1,0.8913043737411499,686,ai_giao_duc_0207_GPT-5.6 Luna
0,1.0671141147613523,512,df984af242eb7f04
0,0.9626556038856506,671,45342a944a5b26e2
0,0.9770992398262024,768,4e26eb3cbc728933
1,0.8888888955116272,518,ai_chinh_tri_0603_gemini-3.7-flash
0,0.9523809552192688,512,97f832ec3c6f38b0
0,0.98739492893219,731,faec23472e5537fe
0,1.0202429294586182,768,8f5f0b405e0cde34
0,0.969543159008026,512,4ef098970d8176b0
1,0.8784722089767456,686,ai_the_thao_0265_GPT-5.6 Luna
1,0.8813559412956238,574,ai_van_hoa_0589_gemini-3.7-flash
0,0.9686098694801332,438,cb29349e254602ff
0,1.0225564241409302,665,05112a27a1dfeeca
0,0.9873417615890504,648,6a9b519a01f33ca5
0,1.0039840936660769,768,260dcd3ce315ae8d
0,0.9637096524238586,512,efd3d6d93a26129b
0,0.97972971200943,702,4d57394f740a70c1
0,0.9615384340286256,640,3213ddff00c4c450
1,0.8782608509063721,547,ai_van_hoa_0708_gemini-3.7-flash
0,0.9918032884597778,512,91f33278a01c34ee
1,0.8510638475418091,686,ai_chinh_tri_0595_GPT-5.6 Luna
0,1.0620689392089844,512,b288300893d5f91a
0,1.0354609489440918,631,4b3bb8cd10b55eb9
1,0.8859649300575256,518,ai_giao_duc_0442_gemini-3.7-flash
0,0.9583333134651184,512,e886794825f84ad1
1,0.8576388955116272,686,ai_the_thao_0101_GPT-5.6 Luna
1,0.8472222089767456,685,ai_chinh_tri_0444_GPT-5.6 Luna
1,0.8785714507102966,685,ai_kinh_te_0539_GPT-5.6 Luna
1,0.925110161304474,599,ai_giao_duc_0301_gemini-3.7-flash
0,0.9878542423248292,599,a44d361747b3a952
0,1.0173159837722778,540,f080f52c58aa5af3
1,0.8263888955116272,684,ai_the_thao_0704_GPT-5.6 Luna
0,1.038167953491211,512,7f405c6fe047017b
1,0.8821428418159485,686,ai_giao_duc_0309_GPT-5.6 Luna
1,0.8829787373542786,686,ai_giao_duc_0118_GPT-5.6 Luna
0,1.0077519416809082,512,4e5ad3cd34541e0e
0,1.0,768,a71fb63d37fe1856
0,1.0138888359069824,633,51a03f9bb5b2f2af
1,0.8758864998817444,686,ai_van_hoa_0290_GPT-5.6 Luna
1,0.8591549396514893,685,ai_the_thao_0230_GPT-5.6 Luna
1,0.8389830589294434,554,ai_the_thao_0439_gemini-3.7-flash
1,0.8782608509063721,547,ai_van_hoa_0276_gemini-3.7-flash
1,0.8859649300575256,518,ai_giao_duc_0490_gemini-3.7-flash
0,0.9420289993286132,512,b12fbffa465a897a
1,0.8617021441459656,685,ai_giao_duc_0064_GPT-5.6 Luna
0,0.9924812316894532,657,39f741b7b901e0db
1,0.8617021441459656,684,ai_xa_hoi_0712_GPT-5.6 Luna
0,1.0279719829559326,662,02aca9b0f7aa1b3a
1,0.8776978254318237,685,ai_xa_hoi_0766_GPT-5.6 Luna
1,0.8601398468017578,684,ai_chinh_tri_0428_GPT-5.6 Luna
1,0.8873239159584045,686,ai_the_thao_0793_GPT-5.6 Luna
0,0.9103448390960692,512,fa020c267af97b63
1,0.8731883764266968,684,ai_giao_duc_0752_GPT-5.6 Luna
0,0.9436089992523192,570,a6758eb64b718ae4
1,0.8617021441459656,684,ai_the_thao_0763_GPT-5.6 Luna
1,0.8755555748939514,513,ai_chinh_tri_0071_gemini-3.7-flash
0,1.0657894611358645,671,1b3a85cb924972ac
0,1.0865800380706787,562,f609436ceff2efb9
1,0.8690476417541504,568,ai_kinh_te_0562_gemini-3.7-flash
0,0.969432294368744,637,66392ef3faf96fa0
1,0.886956512928009,596,ai_the_thao_0013_gemini-3.7-flash
0,0.976331353187561,505,b162029af69669f5
1,0.8623188138008118,685,ai_giao_duc_0188_GPT-5.6 Luna
1,0.8936170339584351,686,ai_giao_duc_0462_GPT-5.6 Luna
1,0.8714285492897034,685,ai_xa_hoi_0814_GPT-5.6 Luna
1,0.8703703880310059,684,ai_giao_duc_0553_GPT-5.6 Luna
0,0.9728682041168212,512,66a5b14a0f9306f8
0,1.009216547012329,660,f2d782e6e8b0c3f2
0,0.9452736377716064,583,9418ae49a8e25981
1,0.8333333134651184,530,ai_kinh_te_0059_gemini-3.7-flash
0,1.0301724672317505,768,8cec230d65963700
0,0.961864411830902,512,29c5a64b36560069
1,0.8633093237876892,684,ai_the_thao_0072_GPT-5.6 Luna
0,0.9568345546722412,670,60a30344b1564bd8
1,0.8423236608505249,517,ai_giao_duc_0014_gemini-3.7-flash
0,1.072649598121643,638,94a644d3679b141f
0,0.9539749026298524,512,94465f96fd98f6bb
1,0.8410041928291321,531,ai_the_thao_0358_gemini-3.7-flash
1,0.8571428656578064,544,ai_van_hoa_0816_gemini-3.7-flash
1,0.8483412265777588,560,ai_giao_duc_0471_gemini-3.7-flash
1,0.9234449863433838,551,ai_xa_hoi_0011_gemini-3.7-flash
0,0.9958506226539612,768,b7565910784767e2
0,1.0636364221572876,602,7bd94bd1fd7898e3
1,0.8528138399124146,575,ai_van_hoa_0105_gemini-3.7-flash
1,0.9166666865348816,514,ai_kinh_te_0396_gemini-3.7-flash
0,0.957692325115204,512,ddef55c6dbb536e5
0,0.931818187236786,768,c56105c8cd1c1bcc
0,0.850931704044342,768,99b5fffeb59d5e37
0,1.037313461303711,512,a1a18dd9ea171d06
1,0.828000009059906,529,ai_the_thao_0538_gemini-3.7-flash
0,0.939849615097046,508,ca53d97959fae8c1
0,0.9346405267715454,512,6aac7de0e6590619
1,0.9194915294647216,497,ai_xa_hoi_0408_gemini-3.7-flash
0,1.0,635,63124f6533a7f281
0,1.0355029106140137,675,ded9473e22dc2031
1,0.8556337952613831,686,ai_van_hoa_0160_GPT-5.6 Luna
0,1.1216216087341309,512,1c039b98c21fe3b6
0,1.027667999267578,512,1a79b0a8f78ff83f
1,0.8859649300575256,518,ai_giao_duc_0250_gemini-3.7-flash
0,0.9925925731658936,558,8b1d8a4cd5c3931f
0,0.9772727489471436,512,b8e557a31548c7f5
0,1.0709677934646606,512,74a2e77db3d90344
0,1.0197628736495972,512,fcf86a588ac79b20
0,0.962406039237976,768,c84acc707ad1b468
0,0.9549999833106996,504,6f645ddc8d3e383d
1,0.8590308427810669,595,ai_the_thao_0617_gemini-3.7-flash
0,1.0462185144424438,565,4e973f0886884d15
0,1.0499999523162842,547,a51e670ac265238c
1,0.9004328846931458,566,ai_chinh_tri_0406_gemini-3.7-flash
1,0.8633093237876892,685,ai_kinh_te_0823_GPT-5.6 Luna
0,0.9485294222831726,650,6b912b3f4334487f
0,1.0048543214797974,586,f954d45d2104305d
1,0.886956512928009,596,ai_the_thao_0181_gemini-3.7-flash
0,0.960629940032959,673,b9e9261015d218e5
0,0.970370352268219,512,553069b41a190434
0,0.9695122241973876,598,77f7a0402afdf5b4
1,0.8333333134651184,684,ai_xa_hoi_0464_GPT-5.6 Luna
1,0.8905109763145447,684,ai_kinh_te_0087_GPT-5.6 Luna
1,0.8695651888847351,684,ai_chinh_tri_0815_GPT-5.6 Luna
0,0.9724137783050536,768,5eac31f442af0a7d
0,0.9563318490982056,512,453175be3a4d6796
1,0.85447758436203,530,ai_kinh_te_0767_gemini-3.7-flash
0,0.9777777791023254,693,01a23f2824a1d678
1,0.828000009059906,529,ai_the_thao_0450_gemini-3.7-flash
0,1.1392405033111572,530,a444eee4ff1e2cba
1,0.9060150384902954,684,ai_giao_duc_0170_GPT-5.6 Luna
0,1.0441176891326904,570,97d5651a83d3b43e
0,0.9847715497016908,607,bbf9957c9c1e4210
0,1.0551180839538574,512,c4c9af735c12d1ca
0,0.9026548862457277,684,3a97644dcaec5ae9
1,0.9227467775344848,570,ai_xa_hoi_0361_gemini-3.7-flash
1,0.8782608509063721,547,ai_van_hoa_0388_gemini-3.7-flash
0,0.9563491940498352,531,e7bddd97eb4b6d89
1,0.8341013789176941,561,ai_giao_duc_0699_gemini-3.7-flash
0,1.0204081535339355,662,cbe28969603bb389
0,1.1200000047683716,768,e6206b572634d9aa
0,0.9629629850387572,613,88d3530d6ea61d82
1,0.8483412265777588,560,ai_giao_duc_0759_gemini-3.7-flash
1,0.8483412265777588,560,ai_giao_duc_0367_gemini-3.7-flash
1,0.9004328846931458,566,ai_chinh_tri_0006_gemini-3.7-flash
0,1.0,768,4454a7fe9839901d
0,1.007462739944458,768,e58095ab3d7bb424
0,1.0983606576919556,532,6c461776b96c59fd
1,0.8799999952316284,554,ai_the_thao_0723_gemini-3.7-flash
1,0.8633093237876892,684,ai_chinh_tri_0285_GPT-5.6 Luna
0,0.9869281053543092,571,62a89e97f5b3d01a
0,0.9807692170143129,768,df192a9f271e1aad
0,0.9257642030715942,768,8335299eb824c0fb
0,1.0157480239868164,535,58d78c669020ffae
0,0.9864253401756288,651,8292d2f1b9370ac9
0,0.9729729890823364,693,b7753213d0c1f679
0,1.0297030210494995,512,e443545ec6756fa8
0,1.0147058963775637,512,3a2e8d4d226702be
0,1.037313461303711,653,c09fa0d685d7be89
0,1.0,715,3113305b9a16a9a6
0,1.0061349868774414,688,b769ffec7e0e54a8
1,0.8823529481887817,684,ai_giao_duc_0321_GPT-5.6 Luna
0,0.9586206674575806,768,22cf95cea33990d6
0,0.9407894611358644,711,5cc408e9801c4179
1,0.8666666746139526,530,ai_giao_duc_0152_gemini-3.7-flash
1,0.8936170339584351,686,ai_giao_duc_0814_GPT-5.6 Luna
0,0.9204545617103576,561,6725506cfb1b2571
1,0.8417266011238098,684,ai_chinh_tri_0718_GPT-5.6 Luna
1,0.8514492511749268,686,ai_kinh_te_0520_GPT-5.6 Luna
1,0.8614718317985535,575,ai_van_hoa_0025_gemini-3.7-flash
0,1.0,603,eff9a4b6b8a1d8d3
1,0.8859649300575256,518,ai_giao_duc_0274_gemini-3.7-flash
1,0.8767605423927307,685,ai_the_thao_0700_GPT-5.6 Luna
1,0.9104477763175964,685,ai_xa_hoi_0375_GPT-5.6 Luna
1,0.9166666865348816,514,ai_kinh_te_0596_gemini-3.7-flash
0,0.9927007555961608,641,ec9c244de29b42dd
1,0.8265306353569031,684,ai_the_thao_0471_GPT-5.6 Luna
1,0.8759124279022217,685,ai_xa_hoi_0299_GPT-5.6 Luna
1,0.8695651888847351,685,ai_giao_duc_0020_GPT-5.6 Luna
0,1.0125000476837158,648,6c863420a58955ac
1,0.8731883764266968,686,ai_giao_duc_0580_GPT-5.6 Luna
0,1.1030927896499634,567,cca2fa04244d4ef7
1,0.8952381014823914,595,ai_chinh_tri_0285_gemini-3.7-flash
1,0.8695651888847351,684,ai_the_thao_0787_GPT-5.6 Luna
0,0.9346153736114502,512,8b8d700988b06163
0,0.9772727489471436,504,8169327730737a36
0,1.0296295881271362,551,f9152770cf6e9fd9
1,0.8860294222831726,684,ai_chinh_tri_0277_GPT-5.6 Luna
1,0.8776978254318237,686,ai_giao_duc_0799_GPT-5.6 Luna
1,0.8617021441459656,686,ai_xa_hoi_0330_GPT-5.6 Luna
1,0.9531915187835692,531,ai_xa_hoi_0014_gemini-3.7-flash
1,0.8649635314941406,684,ai_chinh_tri_0065_GPT-5.6 Luna
1,0.8633093237876892,686,ai_kinh_te_0560_GPT-5.6 Luna
0,1.0390625,561,14dfdceecbbd0229
1,0.8510638475418091,684,ai_xa_hoi_0360_GPT-5.6 Luna
0,1.123152732849121,512,5740a50deea05985
0,1.0166666507720947,683,951e7adce31a3b47
1,0.8483412265777588,560,ai_giao_duc_0535_gemini-3.7-flash
0,0.8844621777534485,607,be0befa60ea34351
1,0.8755555748939514,513,ai_chinh_tri_0567_gemini-3.7-flash
0,0.943127989768982,666,fcb154fbe57d4c2c
0,1.005555510520935,677,e1b8292834331a3c
0,1.059288501739502,644,f3f0db6279e8bfea
1,0.8368794322013855,683,ai_xa_hoi_0456_GPT-5.6 Luna
1,0.8219696879386902,555,ai_van_hoa_0343_gemini-3.7-flash
0,0.9928057789802552,512,2d311f35775901c6
0,1.0060975551605225,685,4fa99abc8c0f60c2
0,0.8849206566810608,708,1ccb03f6d5b66e56
1,0.8514492511749268,684,ai_giao_duc_0049_GPT-5.6 Luna
0,0.9950739145278932,582,876653b801d27e4e
0,1.0136054754257202,657,0f59fe00a0402194
0,1.1127450466156006,636,2b8d2eb14968f14e
0,0.9677419066429138,637,9f7a59cf516c9963
0,0.9336734414100648,512,4a03dffe98e54066
1,0.8738738894462585,530,ai_giao_duc_0076_gemini-3.7-flash
1,0.8368055820465088,685,ai_kinh_te_0425_GPT-5.6 Luna
1,0.8321917653083801,684,ai_chinh_tri_0780_GPT-5.6 Luna
1,0.886956512928009,596,ai_the_thao_0069_gemini-3.7-flash
1,0.8731883764266968,685,ai_chinh_tri_0825_GPT-5.6 Luna
0,0.963235318660736,547,0c98c3955ac4b408
1,0.8813559412956238,574,ai_van_hoa_0717_gemini-3.7-flash
1,0.8584070801734924,544,ai_van_hoa_0176_gemini-3.7-flash
0,1.0410958528518677,690,58c963a15683a19b
0,0.982758641242981,768,2f6308cab5b08ff3
0,0.9831223487854004,512,44413b7635caa899
0,0.9779411554336548,512,7d7cb1f6a4e03710
1,0.8633093237876892,687,ai_kinh_te_0096_GPT-5.6 Luna
1,0.8888888955116272,643,ai_kinh_te_0649_gemini-3.7-flash
0,1.0855615139007568,613,98eb506d6636b66a
0,0.9847328066825868,573,27ee7d0f5822498d
1,0.8859649300575256,518,ai_giao_duc_0810_gemini-3.7-flash
1,0.912350594997406,515,ai_kinh_te_0728_gemini-3.7-flash
0,1.0395480394363403,652,2d803e3392a7a560
0,0.9532710313796996,602,64325c97472126d4
1,0.8680555820465088,686,ai_the_thao_0409_GPT-5.6 Luna
1,0.8848921060562134,686,ai_xa_hoi_0669_GPT-5.6 Luna
0,1.032388687133789,768,3d2472cd888dd252
1,0.8586956262588501,685,ai_chinh_tri_0193_GPT-5.6 Luna
1,0.9166666865348816,514,ai_kinh_te_0332_gemini-3.7-flash
1,0.8607142567634583,684,ai_chinh_tri_0360_GPT-5.6 Luna
0,0.9794520735740662,693,8d5205651a2b3ff3
1,0.8652482032775879,685,ai_the_thao_0366_GPT-5.6 Luna
1,0.9166666865348816,514,ai_kinh_te_0212_gemini-3.7-flash
0,1.0384615659713743,512,fa75c08243c05b61
0,0.9551281929016112,768,6b325c547cb0beda
1,0.8840579986572266,684,ai_van_hoa_0510_GPT-5.6 Luna
1,0.8888888955116272,518,ai_chinh_tri_0115_gemini-3.7-flash
0,0.971222996711731,544,83a67124a7a978df
1,0.8799999952316284,554,ai_the_thao_0211_gemini-3.7-flash
1,0.8813559412956238,574,ai_van_hoa_0605_gemini-3.7-flash
0,1.0443037748336792,667,5a9502138270f51b
1,0.9227467775344848,570,ai_xa_hoi_0369_gemini-3.7-flash
1,0.895652174949646,545,ai_chinh_tri_0768_gemini-3.7-flash
1,0.8561151027679443,686,ai_chinh_tri_0163_GPT-5.6 Luna
1,0.8341013789176941,561,ai_giao_duc_0627_gemini-3.7-flash
1,0.8865247964859009,686,ai_giao_duc_0254_GPT-5.6 Luna
0,0.9366196990013124,674,b54cf2f9b4e9fcb3
0,0.9817351698875428,656,6de0b750ce3319ea
1,0.8617021441459656,684,ai_van_hoa_0642_GPT-5.6 Luna
1,0.8731883764266968,686,ai_giao_duc_0340_GPT-5.6 Luna
0,0.921052634716034,768,6f7ad8d04d06bffd
0,0.9214285612106324,574,997faa01a6c81e1c
0,0.9664429426193236,553,0bde9729e6adbcff
0,0.9803921580314636,676,1769b2dca61f89c9
1,0.8735178112983704,644,ai_kinh_te_0013_gemini-3.7-flash
0,0.9447852969169616,512,fa4c3773db7392b1
1,0.8333333134651184,530,ai_kinh_te_0819_gemini-3.7-flash
0,0.9460580945014954,553,b23452dd7d06b775
0,1.0526316165924072,682,6d4bcd20857d10db
1,0.8776978254318237,686,ai_xa_hoi_0684_GPT-5.6 Luna
1,0.89552241563797,684,ai_giao_duc_0730_GPT-5.6 Luna
1,0.8515625,567,ai_kinh_te_0454_gemini-3.7-flash
0,0.969924807548523,537,066e335f9f4bdcbb
0,1.0833333730697632,768,f2fa67c56a19e514
1,0.8925926089286804,684,ai_giao_duc_0682_GPT-5.6 Luna
1,0.886956512928009,596,ai_the_thao_0125_gemini-3.7-flash
0,1.1130434274673462,512,1c452a1f618ba88c
0,0.9329268336296082,503,d513d2ee6d98c035
1,0.9166666865348816,514,ai_kinh_te_0660_gemini-3.7-flash
0,1.0155038833618164,768,1d468c1dcc477270
0,1.0555555820465088,519,8cfa4426db10eb03
0,1.0530612468719482,512,c2039c2e42af66a6
0,0.9635036587715148,512,2287066f21dd66d4
1,0.8360000252723694,557,ai_van_hoa_0107_gemini-3.7-flash
1,0.9194915294647216,497,ai_xa_hoi_0240_gemini-3.7-flash
1,0.8865247964859009,686,ai_giao_duc_0438_GPT-5.6 Luna
0,1.007575750350952,519,06d5d5d01fcf9d70
0,0.9171974658966064,675,787a6870cc949fbb
0,0.989071011543274,768,da4b923eebe87b60
0,1.0223881006240845,651,a2bde0b08a9dd38c
0,0.967105269432068,512,baaf1426fff95649
1,0.8799999952316284,554,ai_the_thao_0739_gemini-3.7-flash
1,0.8219696879386902,555,ai_van_hoa_0567_gemini-3.7-flash
1,0.8714285492897034,686,ai_xa_hoi_0190_GPT-5.6 Luna
1,0.8531468510627747,686,ai_xa_hoi_0722_GPT-5.6 Luna
1,0.8777777552604675,684,ai_xa_hoi_0623_GPT-5.6 Luna
1,0.8758864998817444,686,ai_van_hoa_0530_GPT-5.6 Luna
1,0.8731883764266968,685,ai_kinh_te_0797_GPT-5.6 Luna
1,0.8590308427810669,595,ai_the_thao_0345_gemini-3.7-flash
1,0.8439716100692749,684,ai_van_hoa_0733_GPT-5.6 Luna
0,1.0642857551574707,768,4d8c0ae530d27f70
0,0.9455782175064088,738,283c98f9c45a9d02
0,0.96875,617,d28ec570b0a7eb55
0,1.0129870176315308,586,78c975d4794388be
0,0.963235318660736,636,a5def87a83b8169e
1,0.8804348111152649,685,ai_kinh_te_0189_GPT-5.6 Luna
0,1.0,512,ec83807d92a577e8
1,0.8360000252723694,557,ai_van_hoa_0275_gemini-3.7-flash
0,0.942307710647583,768,88a4fbc0cb37d2b5
0,1.056910514831543,512,4311ad97cfaa1e9f
1,0.9404255151748656,533,ai_xa_hoi_0730_gemini-3.7-flash
0,0.9622641801834106,631,c7236df128ffcbf4
0,0.9457364082336426,512,29e29544552d7354
0,0.980519473552704,512,fbdd15020958e275
0,0.95652174949646,626,65563d40bd347d53
0,0.9428571462631226,546,a3b6e4570dec9504
1,0.8723404407501221,685,ai_van_hoa_0002_GPT-5.6 Luna
1,0.867521345615387,600,ai_giao_duc_0161_gemini-3.7-flash
0,0.8947368264198303,768,475774143809297f
1,0.9242424368858336,596,ai_chinh_tri_0113_gemini-3.7-flash
1,0.9531915187835692,531,ai_xa_hoi_0054_gemini-3.7-flash
1,0.9234449863433838,551,ai_xa_hoi_0187_gemini-3.7-flash
1,0.8219696879386902,555,ai_van_hoa_0207_gemini-3.7-flash
0,0.9219858050346376,753,c0960e64d0ce8d9c
1,0.9910714030265808,550,ai_van_hoa_0730_gemini-3.7-flash
0,0.994709014892578,692,6410fe4cda37a05c
1,0.9166666865348816,514,ai_kinh_te_0556_gemini-3.7-flash
1,0.9230769276618958,494,ai_xa_hoi_0572_gemini-3.7-flash
0,0.8455284833908081,512,342231ad71920db9
1,0.925110161304474,599,ai_giao_duc_0309_gemini-3.7-flash
1,0.8591549396514893,686,ai_xa_hoi_0029_GPT-5.6 Luna
0,1.0143541097640991,768,467ff7ab8c8f335a
0,1.0305343866348269,628,9a74c8d25c2d2006
0,0.869767427444458,512,1c8344d206eca098
0,1.010928988456726,768,9437c04ef3556832
1,0.8219696879386902,555,ai_van_hoa_0583_gemini-3.7-flash
0,1.0979020595550537,512,bdb2b40dc54d434e
0,1.146464705467224,528,b35ed484a63d3262
0,1.0137931108474731,695,4064032b1e8930f3
1,0.8738738894462585,530,ai_giao_duc_0436_gemini-3.7-flash
1,0.8804348111152649,686,ai_giao_duc_0244_GPT-5.6 Luna
0,0.9437751173973083,683,7dbad8ead1322215
1,0.8439716100692749,686,ai_xa_hoi_0461_GPT-5.6 Luna
1,0.8426573276519775,684,ai_chinh_tri_0732_GPT-5.6 Luna
0,0.9418604373931884,728,70b194b924ac483f
0,1.0044444799423218,512,d9e205f7b5d2cd29
1,0.8813559412956238,574,ai_van_hoa_0405_gemini-3.7-flash
1,0.8799999952316284,554,ai_the_thao_0403_gemini-3.7-flash
1,0.8527397513389587,685,ai_the_thao_0628_GPT-5.6 Luna
0,0.9416058659553528,768,8950b98f50400ff7
0,0.9407894611358644,526,5453b643c1df9d4c
0,0.989847719669342,512,07a1d803c205ce33
0,1.057554006576538,768,601009e5f0a1ca88
0,1.078260898590088,512,52ac578c70fa2ce7
0,1.0409090518951416,604,28bf0e6385e1c842
0,0.8893280625343323,588,816c6dc05f1ab977
1,0.8652482032775879,685,ai_the_thao_0686_GPT-5.6 Luna
0,0.9937106966972352,768,2e21c6bc9542c9aa
0,0.9585492014884948,585,ecf18159461002fa
1,0.8735178112983704,644,ai_kinh_te_0029_gemini-3.7-flash
0,1.0,537,b8ef1b5ab52a491c
1,0.9166666865348816,514,ai_kinh_te_0356_gemini-3.7-flash
1,0.8840579986572266,686,ai_giao_duc_0455_GPT-5.6 Luna
1,0.9014084339141846,550,ai_xa_hoi_0671_gemini-3.7-flash
0,0.9270386099815368,622,61fb47fca3bf5ad7
0,0.9271523356437684,768,4a9ed768fda9c860
0,0.9414893388748168,768,91692c55c1be6ef5
0,1.0069444179534912,512,df4316e805dd3a4c
1,0.8367347121238708,684,ai_the_thao_0191_GPT-5.6 Luna
1,0.8999999761581421,684,ai_kinh_te_0644_GPT-5.6 Luna
1,0.8514492511749268,684,ai_chinh_tri_0198_GPT-5.6 Luna
0,0.9336283206939696,512,3300e8b5b0783951
0,0.954285740852356,372,dfb74804bfde98ac
1,0.8389830589294434,554,ai_the_thao_0343_gemini-3.7-flash
1,0.8341013789176941,561,ai_giao_duc_0059_gemini-3.7-flash
1,0.8360000252723694,557,ai_van_hoa_0131_gemini-3.7-flash
1,0.8586956262588501,684,ai_chinh_tri_0082_GPT-5.6 Luna
1,0.8888888955116272,643,ai_kinh_te_0121_gemini-3.7-flash
1,0.8392857313156128,684,ai_chinh_tri_0127_GPT-5.6 Luna
1,0.8483412265777588,560,ai_giao_duc_0063_gemini-3.7-flash
1,0.8970588445663452,684,ai_kinh_te_0580_GPT-5.6 Luna
1,0.8888888955116272,643,ai_kinh_te_0329_gemini-3.7-flash
1,0.867521345615387,600,ai_giao_duc_0545_gemini-3.7-flash
1,0.9531915187835692,531,ai_xa_hoi_0782_gemini-3.7-flash
1,0.895652174949646,545,ai_chinh_tri_0704_gemini-3.7-flash
1,0.8546099066734314,686,ai_kinh_te_0523_GPT-5.6 Luna
1,0.9279661178588868,569,ai_xa_hoi_0045_gemini-3.7-flash
0,0.9618320465087892,768,a9897f4c7eeb9bb7
0,0.9655172228813172,675,a9d5a7b361cab452
0,0.934108555316925,512,7837da6df0d984fb
0,0.9204545617103576,614,17f610e590fbcc73
0,1.0071942806243896,512,8a850b46f6e44e72
1,0.895652174949646,545,ai_chinh_tri_0512_gemini-3.7-flash
1,0.925110161304474,599,ai_giao_duc_0733_gemini-3.7-flash
1,0.8814814686775208,684,ai_kinh_te_0154_GPT-5.6 Luna
1,0.8584070801734924,544,ai_van_hoa_0376_gemini-3.7-flash
0,1.0,768,2ececea90817b50a
0,0.9960474371910096,740,fc22e0036c3aa26e
0,1.0,677,082e308232f3514d
1,0.9194915294647216,497,ai_xa_hoi_0624_gemini-3.7-flash
1,0.85447758436203,530,ai_kinh_te_0079_gemini-3.7-flash
1,0.8999999761581421,684,ai_giao_duc_0570_GPT-5.6 Luna
0,1.0325202941894531,607,31c25478f71a4c93
1,0.828000009059906,529,ai_the_thao_0434_gemini-3.7-flash
0,0.9296296238899232,768,711b45e0f5397603
0,1.0,522,efb4e3c412be19b0
0,1.0073529481887815,768,e30d5304094a11cf
0,0.9728682041168212,768,a3ce6952fe987499
1,0.8888888955116272,643,ai_kinh_te_0601_gemini-3.7-flash
1,0.8661971688270569,686,ai_the_thao_0804_GPT-5.6 Luna
1,0.867521345615387,600,ai_giao_duc_0385_gemini-3.7-flash
1,0.9383260011672974,551,ai_van_hoa_0110_gemini-3.7-flash
0,0.9653679728507996,692,9323813df311e533
0,0.9645389914512634,512,80ec2d31fbac6216
0,0.9514925479888916,768,a06f0aa2a2a10497
0,1.068493127822876,627,f0a8e479b81b15a2
1,0.8731883764266968,686,ai_giao_duc_0148_GPT-5.6 Luna
0,1.042424201965332,768,855fde807f73ae2d
0,1.0812499523162842,512,b2991f8b30714954
1,0.8584070801734924,544,ai_van_hoa_0728_gemini-3.7-flash
1,0.8666666746139526,530,ai_giao_duc_0704_gemini-3.7-flash
0,1.0666667222976685,512,d42290f5f1d14d70
1,0.8678571581840515,687,ai_van_hoa_0380_GPT-5.6 Luna
0,0.9280303120613098,512,6849dccd6730aa72
1,0.8666666746139526,530,ai_giao_duc_0376_gemini-3.7-flash
1,0.8733624219894409,545,ai_chinh_tri_0116_gemini-3.7-flash
0,1.0,768,f6edd34723612ed5
1,0.9383260011672974,551,ai_van_hoa_0262_gemini-3.7-flash
1,0.8368055820465088,685,ai_kinh_te_0545_GPT-5.6 Luna
1,0.895652174949646,545,ai_chinh_tri_0280_gemini-3.7-flash
0,0.9762845635414124,653,75b41d5f4b0aeeaf
0,1.0,768,d22120b9891982ed
0,0.860927164554596,696,adaef387788e8a25
1,0.8515625,567,ai_kinh_te_0678_gemini-3.7-flash
0,0.9311926364898682,672,b7ff8782dc7b90a9
1,0.8741007447242737,684,ai_chinh_tri_0122_GPT-5.6 Luna
1,0.8219696879386902,555,ai_van_hoa_0559_gemini-3.7-flash
0,1.0310077667236328,768,6210a9888f15e873
1,0.8888888955116272,643,ai_kinh_te_0753_gemini-3.7-flash
0,0.9322034120559692,598,50958656945aab6e
1,0.886956512928009,596,ai_the_thao_0405_gemini-3.7-flash
1,0.9279661178588868,569,ai_xa_hoi_0477_gemini-3.7-flash
1,0.8571428656578064,685,ai_chinh_tri_0027_GPT-5.6 Luna
1,0.9230769276618958,494,ai_xa_hoi_0716_gemini-3.7-flash
0,0.9926470518112184,768,e3fe33e00a733c3a
1,0.908088207244873,686,ai_giao_duc_0803_GPT-5.6 Luna
1,0.895652174949646,545,ai_chinh_tri_0104_gemini-3.7-flash
0,0.943319857120514,501,21ee1453e94808f3
0,0.9503546357154846,684,8a7e6a88b6dfdde6
0,0.942307710647583,768,85565541073acab0
0,0.9784172773361206,682,2bc9cb224a157e5a
1,0.9234449863433838,551,ai_xa_hoi_0523_gemini-3.7-flash
1,0.8514492511749268,684,ai_kinh_te_0402_GPT-5.6 Luna
1,0.8697183132171631,686,ai_xa_hoi_0356_GPT-5.6 Luna
0,1.0437955856323242,768,d0b7d3d7b409c11f
0,1.048387050628662,512,292660f2037c6e2a
1,0.8546099066734314,685,ai_chinh_tri_0208_GPT-5.6 Luna
0,1.0888888835906982,678,979ad19e308d97b7
1,0.8731883764266968,686,ai_kinh_te_0192_GPT-5.6 Luna
1,0.8423236608505249,517,ai_giao_duc_0454_gemini-3.7-flash
0,1.0210970640182495,512,daae090c9a4db136
0,1.021505355834961,512,a96649066b7f74a2
0,0.9925373196601868,639,5e4172237fe6fdfc
0,0.8470149040222168,512,30ac16ff737d03b3
1,0.8785714507102966,685,ai_the_thao_0386_GPT-5.6 Luna
0,0.9507042169570924,512,1a74f7a74e899a98
0,0.9503105878829956,520,e8768fb56efaa6f3
1,0.8776978254318237,685,ai_xa_hoi_0646_GPT-5.6 Luna
1,0.8758864998817444,686,ai_xa_hoi_0468_GPT-5.6 Luna
1,0.8341013789176941,561,ai_giao_duc_0099_gemini-3.7-flash
0,1.0812499523162842,512,1a8e1af3e393a214
0,1.076305270195007,577,a127b42dfbdef3d6
1,0.8392857313156128,684,ai_chinh_tri_0158_GPT-5.6 Luna
1,0.8450704216957092,685,ai_xa_hoi_0613_GPT-5.6 Luna
0,0.9790576100349426,768,416cd2c7ed92314a
1,0.8515625,567,ai_kinh_te_0702_gemini-3.7-flash
1,0.8510638475418091,685,ai_van_hoa_0337_GPT-5.6 Luna
0,1.0541871786117554,653,b431144e3f43df61
1,0.8759124279022217,685,ai_xa_hoi_0659_GPT-5.6 Luna
1,0.8561151027679443,685,ai_chinh_tri_0203_GPT-5.6 Luna
0,0.9828326106071472,577,b84a7fcf2f799ef2
1,0.8859649300575256,518,ai_giao_duc_0258_gemini-3.7-flash
1,0.8617021441459656,686,ai_chinh_tri_0195_GPT-5.6 Luna
1,0.8623188138008118,685,ai_chinh_tri_0319_GPT-5.6 Luna
1,0.8483412265777588,560,ai_giao_duc_0703_gemini-3.7-flash
1,0.8840579986572266,686,ai_giao_duc_0324_GPT-5.6 Luna
1,0.8341013789176941,561,ai_giao_duc_0211_gemini-3.7-flash
0,1.0827586650848389,512,c67941d1a525e883
1,0.8933823704719543,684,ai_giao_duc_0378_GPT-5.6 Luna
1,0.9234449863433838,551,ai_xa_hoi_0427_gemini-3.7-flash
0,1.013636350631714,649,34c52ecd2803668b
1,0.8978102207183838,686,ai_giao_duc_0659_GPT-5.6 Luna
1,0.8703703880310059,684,ai_giao_duc_0313_GPT-5.6 Luna
1,0.8546099066734314,684,ai_the_thao_0400_GPT-5.6 Luna
0,0.9792746305465698,768,81da92388e9de0b7
0,1.0081967115402222,621,808923f267be7179
1,0.867521345615387,600,ai_giao_duc_0185_gemini-3.7-flash
0,1.0,664,43d244a42c06049c
1,0.886956512928009,596,ai_the_thao_0365_gemini-3.7-flash
1,0.8888888955116272,518,ai_chinh_tri_0347_gemini-3.7-flash
0,0.8731883764266968,768,896812f2fdb53aad
0,0.9567901492118835,537,3e539b65ac022fa5
0,0.9919028282165528,768,7111041aaf955238
1,0.8723404407501221,685,ai_kinh_te_0678_GPT-5.6 Luna
0,1.0227272510528564,546,bfba7a5eb1ad7b94
0,1.0526316165924072,663,f16a219cd72ac83b
1,0.9242424368858336,596,ai_chinh_tri_0481_gemini-3.7-flash
1,0.8527397513389587,684,ai_the_thao_0455_GPT-5.6 Luna
1,0.9531915187835692,531,ai_xa_hoi_0206_gemini-3.7-flash
0,1.047619104385376,634,b499818a4a2c2596
0,0.92592591047287,529,ce2cb417b508d52e
0,0.9513888955116272,768,b8469e3d98b018b4
1,0.8949275612831116,686,ai_giao_duc_0533_GPT-5.6 Luna
0,1.111801266670227,512,b38d019f3e325c9d
0,0.938095211982727,727,ab394d57fdddc82d
0,0.9253731369972228,768,09124e889218a4ab
1,0.8525179624557495,685,ai_chinh_tri_0174_GPT-5.6 Luna
0,1.045454502105713,512,e652b1f0644f69b1
1,0.8333333134651184,530,ai_kinh_te_0811_gemini-3.7-flash
1,0.8723404407501221,685,ai_kinh_te_0318_GPT-5.6 Luna
0,1.0729926824569702,512,14c49e668df70169
1,0.8888888955116272,643,ai_kinh_te_0313_gemini-3.7-flash
1,0.8755555748939514,513,ai_chinh_tri_0407_gemini-3.7-flash
1,0.8840579986572266,686,ai_giao_duc_0564_GPT-5.6 Luna
0,0.8866396546363831,559,21ff1e3c9c264a9e
0,0.9139072895050048,657,eba271ec0a1536b5
1,0.8617021441459656,686,ai_xa_hoi_0234_GPT-5.6 Luna
1,0.8820960521697998,547,ai_van_hoa_0052_gemini-3.7-flash
1,0.8884891867637634,686,ai_giao_duc_0503_GPT-5.6 Luna
1,0.8733624219894409,545,ai_chinh_tri_0124_gemini-3.7-flash
0,0.9285714030265808,701,5942e62eead44ce6
0,0.965753436088562,533,426a9a6f24e0a058
0,0.9879999756813048,648,7368da38f1f71e13
1,0.828000009059906,529,ai_the_thao_0122_gemini-3.7-flash
1,0.8576388955116272,686,ai_the_thao_0541_GPT-5.6 Luna
1,0.8799999952316284,554,ai_the_thao_0563_gemini-3.7-flash
0,0.9755101799964904,512,0634993b280e950c
0,0.981566846370697,662,cdfc3c7dcca2b7ad
0,0.979253113269806,667,260d83e643ade3e0
1,0.8591549396514893,686,ai_xa_hoi_0749_GPT-5.6 Luna
0,0.9847328066825868,768,8098368339762033
1,0.8525179624557495,684,ai_xa_hoi_0512_GPT-5.6 Luna
0,0.9280575513839722,512,5d340b3fbf2b0500
0,1.0672268867492676,630,9db78620d387529a
0,0.9696969985961914,512,58ef8619722ea0c2
0,0.971222996711731,768,09a3ae7587426a41
0,1.0179641246795654,768,fb56923c0ce90d68
1,0.8776978254318237,686,ai_xa_hoi_0425_GPT-5.6 Luna
1,0.8360000252723694,557,ai_van_hoa_0635_gemini-3.7-flash
1,0.8925926089286804,684,ai_giao_duc_0442_GPT-5.6 Luna
1,0.85447758436203,530,ai_kinh_te_0471_gemini-3.7-flash
0,1.0503597259521484,518,868bbdb782e281f7
1,0.9014084339141846,550,ai_xa_hoi_0223_gemini-3.7-flash
1,0.8868613243103027,684,ai_kinh_te_0420_GPT-5.6 Luna
0,0.9772727489471436,768,aa37be710a604b7c
0,1.0463576316833496,603,fb2a75e4b2978704
0,1.009756088256836,768,aae2ad108ae60d98
0,0.9154929518699646,546,1dbbdda62f34aaba
1,0.8601398468017578,686,ai_van_hoa_0208_GPT-5.6 Luna
1,0.9279661178588868,569,ai_xa_hoi_0245_gemini-3.7-flash
1,0.8738738894462585,530,ai_giao_duc_0404_gemini-3.7-flash
0,0.9465020298957824,622,ba21732cda405414
0,0.8430493474006653,768,735f1a709a0be586
1,0.8755555748939514,513,ai_chinh_tri_0495_gemini-3.7-flash
0,0.9513513445854188,512,b0449b1685a22729
1,0.925110161304474,599,ai_giao_duc_0509_gemini-3.7-flash
1,0.8840579986572266,685,ai_chinh_tri_0789_GPT-5.6 Luna
1,0.8823529481887817,684,ai_giao_duc_0081_GPT-5.6 Luna
0,0.9388646483421326,512,f9418ab1239dde77
0,0.9097744226455688,575,8353670e691c31f1
0,0.9877049326896667,768,22e3b312bf57ddcb
0,0.915032684803009,512,c9b2244d3e6751fe
0,0.9794520735740662,768,9f10565a33cb8e5c
1,0.8426573276519775,684,ai_van_hoa_0546_GPT-5.6 Luna
0,0.9757084846496582,512,2a69df520d63cdfd
0,0.8074324131011963,768,12b0f3d2bf5b40bd
1,0.829365074634552,523,ai_the_thao_0544_gemini-3.7-flash
1,0.9910714030265808,550,ai_van_hoa_0242_gemini-3.7-flash
1,0.8978102207183838,686,ai_giao_duc_0141_GPT-5.6 Luna
1,0.8473895788192749,521,ai_the_thao_0604_gemini-3.7-flash
0,0.9728682041168212,521,6e3f655a39afcb7a
0,1.0839694738388062,512,05d294c4baddce9a
0,0.9620853066444396,512,1aaeca19bf84efeb
1,0.8500000238418579,686,ai_chinh_tri_0474_GPT-5.6 Luna
0,1.0596330165863037,512,57ec7449573127fb
1,0.8859649300575256,518,ai_giao_duc_0042_gemini-3.7-flash
1,0.8439716100692749,685,ai_chinh_tri_0046_GPT-5.6 Luna
1,0.9014598727226256,686,ai_giao_duc_0581_GPT-5.6 Luna
1,0.8829787373542786,686,ai_giao_duc_0478_GPT-5.6 Luna
1,0.8888888955116272,518,ai_chinh_tri_0483_gemini-3.7-flash
1,0.8829787373542786,685,ai_the_thao_0178_GPT-5.6 Luna
0,1.0378787517547607,572,5154a29e12c4130b
0,0.9244444370269777,768,72fa8074d3df9e00
1,0.8776978254318237,686,ai_giao_duc_0319_GPT-5.6 Luna
1,0.8333333134651184,530,ai_kinh_te_0075_gemini-3.7-flash
0,0.9328858852386476,512,aaf9fdf5e0fe7329
0,1.0,512,f188e4173eb11664
1,0.875,684,ai_chinh_tri_0672_GPT-5.6 Luna
0,1.0130435228347778,619,112492585fd34f9b
0,0.955974817276001,557,ab5a13091df0483b
0,0.9689440727233888,512,1b18f1b68fb41ae7
0,0.9866071343421936,554,4918a022e1cb8a7d
0,1.0537633895874023,512,1c087a56b7ea8cb2
0,1.0,514,4abc4671f0a1359d
0,0.9716312289237976,768,20dba6b35cab9f12
0,1.0077519416809082,593,916ad8682bf78f22
1,0.9404255151748656,533,ai_xa_hoi_0010_gemini-3.7-flash
1,0.8586956262588501,685,ai_chinh_tri_0614_GPT-5.6 Luna
1,0.8865247964859009,686,ai_giao_duc_0078_GPT-5.6 Luna
0,1.0039526224136353,594,3de6093c4ea01b7b
0,1.0,684,2f14dd295b0f599d
1,0.8389830589294434,554,ai_the_thao_0735_gemini-3.7-flash
1,0.8999999761581421,684,ai_giao_duc_0482_GPT-5.6 Luna
0,1.0222222805023191,512,b75762955831f660
0,1.0150375366210938,686,548c3f0fdc5e796d
0,1.0,768,bb341230d5f74504
1,0.9531915187835692,531,ai_xa_hoi_0646_gemini-3.7-flash
0,0.9917355179786682,512,6b697a8bd58e5ede
0,0.9448275566101074,540,58a8e5df58788132
0,0.8974359035491943,512,43d690695716fb2b
0,0.9372385144233704,557,4a6e85d178a39f53
0,1.039130449295044,512,69e45751fcee2500
1,0.8999999761581421,684,ai_kinh_te_0132_GPT-5.6 Luna
1,0.8496503233909607,686,ai_xa_hoi_0426_GPT-5.6 Luna
0,0.9615384340286256,666,be4551fc9ea32ed7
0,1.0463576316833496,512,0d2931e25f931a1a
1,0.8735178112983704,644,ai_kinh_te_0541_gemini-3.7-flash
1,0.8423236608505249,517,ai_giao_duc_0070_gemini-3.7-flash
1,0.9111111164093018,684,ai_kinh_te_0508_GPT-5.6 Luna
0,1.009756088256836,607,d182ef9e930cd298
0,1.059288501739502,645,f37bd6e0cb145b55
0,1.0041841268539429,512,20e320c08b9d23c8
0,0.963235318660736,512,98521bd8d3161a06
0,1.2524272203445437,519,bd093b9679906059
1,0.8333333134651184,530,ai_kinh_te_0755_gemini-3.7-flash
0,1.0278884172439575,649,63702c41d8749678
0,0.9264705777168274,768,59b7c246f9867489
1,0.9234449863433838,551,ai_xa_hoi_0043_gemini-3.7-flash
1,0.8652482032775879,686,ai_van_hoa_0240_GPT-5.6 Luna
0,0.9362549781799316,668,bce0b45d2067c307
0,1.012552261352539,512,60471ac88e6fcbe0
1,0.8829787373542786,685,ai_kinh_te_0219_GPT-5.6 Luna
0,0.927480936050415,512,1174632b698de44e
0,1.02212393283844,512,f06bbd68ecdc9a25
1,0.8515625,567,ai_kinh_te_0238_gemini-3.7-flash
1,0.8859649300575256,518,ai_giao_duc_0106_gemini-3.7-flash
1,0.8617021441459656,684,ai_van_hoa_0042_GPT-5.6 Luna
1,0.8723404407501221,686,ai_van_hoa_0824_GPT-5.6 Luna
1,0.8735178112983704,644,ai_kinh_te_0101_gemini-3.7-flash
0,0.9389312863349916,715,8720b1fc981ea175
0,1.0,665,d7e81b7e91d8dc61
0,0.9054054021835328,512,bbbc2f8f5a5af4b5
0,0.8958333134651184,768,294cd0c69a08df41
1,0.8652482032775879,685,ai_kinh_te_0363_GPT-5.6 Luna
1,0.867521345615387,600,ai_giao_duc_0601_gemini-3.7-flash
1,0.8714285492897034,685,ai_xa_hoi_0003_GPT-5.6 Luna
0,0.9555555582046508,685,ca2dda4dac8e27af
1,0.8767605423927307,685,ai_the_thao_0460_GPT-5.6 Luna
0,1.007905125617981,512,a5fe45447b05a8f6
1,0.8360000252723694,557,ai_van_hoa_0475_gemini-3.7-flash
1,0.8813559412956238,574,ai_van_hoa_0749_gemini-3.7-flash
0,0.9929078221321106,700,0a37b56e32c67d52
1,0.8952381014823914,595,ai_chinh_tri_0765_gemini-3.7-flash
1,0.8360000252723694,557,ai_van_hoa_0211_gemini-3.7-flash
0,0.9927536249160768,768,60cade081a1d11e7
1,0.8840579986572266,686,ai_giao_duc_0583_GPT-5.6 Luna
1,0.8514492511749268,684,ai_kinh_te_0010_GPT-5.6 Luna
0,0.945652186870575,652,24dbd2e56b7fec07
1,0.9383260011672974,551,ai_van_hoa_0654_gemini-3.7-flash
1,0.8450704216957092,685,ai_xa_hoi_0133_GPT-5.6 Luna
0,0.9689440727233888,666,096ce8c52039559b
0,1.075187921524048,512,5018f7e9ee62f367
0,1.0585774183273315,679,4e973e280ba2fc43
1,0.9222221970558168,685,ai_kinh_te_0796_GPT-5.6 Luna
1,0.8999999761581421,684,ai_kinh_te_0492_GPT-5.6 Luna
0,0.963265299797058,514,5c420b710da7f92d
1,0.8333333134651184,530,ai_kinh_te_0619_gemini-3.7-flash
1,0.8799999952316284,554,ai_the_thao_0467_gemini-3.7-flash
0,0.9651162624359132,587,c577d2c93c1eccb1
0,1.0084388256072998,396,01a4354beea56362
0,0.932835817337036,664,bdbeaa59146358f2
1,0.8181818127632141,555,ai_van_hoa_0767_gemini-3.7-flash
0,0.9064039587974548,559,e0ed9ff0e44dd547
1,0.8755555748939514,513,ai_chinh_tri_0183_gemini-3.7-flash
1,0.8823529481887817,684,ai_giao_duc_0641_GPT-5.6 Luna
1,0.9004328846931458,566,ai_chinh_tri_0086_gemini-3.7-flash
0,0.98353910446167,768,3f9de420d1608d0c
1,0.9004328846931458,566,ai_chinh_tri_0374_gemini-3.7-flash
1,0.9242424368858336,596,ai_chinh_tri_0417_gemini-3.7-flash
1,0.8776978254318237,686,ai_xa_hoi_0465_GPT-5.6 Luna
0,0.9677419066429138,768,16b5a39f9dd0bd98
1,0.8333333134651184,530,ai_kinh_te_0547_gemini-3.7-flash
1,0.8722627758979797,683,ai_van_hoa_0366_GPT-5.6 Luna
0,1.0958904027938845,682,ea80d6231d41dbb1
0,0.9288537502288818,512,8bb38c1bb50f6016
1,0.8360000252723694,557,ai_van_hoa_0523_gemini-3.7-flash
1,0.9111111164093018,684,ai_kinh_te_0148_GPT-5.6 Luna
0,0.9461538195610046,719,e61e9dbb1026c687
1,0.8496503233909607,686,ai_the_thao_0534_GPT-5.6 Luna
0,1.0078125,512,daba15047f54018a
0,0.9281437397003174,768,3d851143a5cfee53
0,0.9436619877815248,727,3f43bebf00e4935e
0,1.0128204822540283,651,1c2443dd1def3642
1,0.8297872543334961,684,ai_van_hoa_0181_GPT-5.6 Luna
1,0.8453237414360046,684,ai_chinh_tri_0502_GPT-5.6 Luna
1,0.912350594997406,515,ai_kinh_te_0176_gemini-3.7-flash
0,1.0273972749710083,768,4f8539a6bfc54985
1,0.9004328846931458,566,ai_chinh_tri_0542_gemini-3.7-flash
0,1.1102041006088257,768,9d7c55bdf19fbc63
0,0.9783549904823304,512,abccd6ca59c9db56
1,0.8389830589294434,554,ai_the_thao_0455_gemini-3.7-flash
0,0.9924812316894532,540,adb2ea4f2115b7ac
0,0.9785407781600952,702,d16e1c1490dce153
0,0.9416058659553528,652,71b81f1fd8a20737
1,0.8731883764266968,684,ai_giao_duc_0152_GPT-5.6 Luna
0,1.024193525314331,642,e21bd13d0ea7807e
0,0.9867841601371764,671,5047a0ec7764fd6a
0,0.907894730567932,652,92699e3ccbdcdc68
1,0.8755555748939514,513,ai_chinh_tri_0775_gemini-3.7-flash
0,1.0214285850524902,768,4c9de6d8d6761c7a
1,0.8528138399124146,575,ai_van_hoa_0489_gemini-3.7-flash
1,0.9257642030715942,550,ai_van_hoa_0770_gemini-3.7-flash
1,0.8978102207183838,686,ai_giao_duc_0779_GPT-5.6 Luna
1,0.8661971688270569,686,ai_xa_hoi_0514_GPT-5.6 Luna
0,0.9769230484962464,512,a8f20b13682150d7
1,0.886956512928009,596,ai_the_thao_0733_gemini-3.7-flash
1,0.8813559412956238,574,ai_van_hoa_0461_gemini-3.7-flash
1,0.9004328846931458,566,ai_chinh_tri_0334_gemini-3.7-flash
0,1.077844262123108,618,cd0b61bde80cbe75
1,0.8952381014823914,595,ai_chinh_tri_0397_gemini-3.7-flash
1,0.9910714030265808,550,ai_van_hoa_0674_gemini-3.7-flash
0,0.8926174640655518,512,65afa1be502e0d1e
1,0.9383260011672974,551,ai_van_hoa_0726_gemini-3.7-flash
0,1.029197096824646,666,e3c2956d8e01707c
1,0.8561151027679443,684,ai_kinh_te_0578_GPT-5.6 Luna
0,1.0788382291793823,768,bf7a386c0413fb25
0,0.9590163826942444,610,dc16a6bbe78a8391
0,1.0278884172439575,647,601c1404fa8c07a6
0,1.0084034204483032,512,1054e316f0557b79
0,0.9590643048286438,648,6b879faef707f5f1
0,0.9904305934906006,512,212528d1286ee803
1,0.8999999761581421,684,ai_kinh_te_0612_GPT-5.6 Luna
0,0.9685534834861756,768,c3c15514aeafa58d
1,0.8633093237876892,687,ai_kinh_te_0336_GPT-5.6 Luna
1,0.8695651888847351,685,ai_giao_duc_0380_GPT-5.6 Luna
0,0.9952830076217652,768,bae3e0d8a55cf71a
1,0.852173924446106,595,ai_the_thao_0809_gemini-3.7-flash
1,0.8607142567634583,684,ai_xa_hoi_0438_GPT-5.6 Luna
1,0.8590308427810669,595,ai_the_thao_0217_gemini-3.7-flash
1,0.8636363744735718,685,ai_van_hoa_0183_GPT-5.6 Luna
1,0.8623188138008118,684,ai_chinh_tri_0239_GPT-5.6 Luna
0,0.895061731338501,692,916669071f50fd7d
0,0.9700854420661926,660,3201eb39069c68b6
1,0.8731883764266968,684,ai_chinh_tri_0053_GPT-5.6 Luna
1,0.9910714030265808,550,ai_van_hoa_0402_gemini-3.7-flash
0,0.918660283088684,512,401c6e3371bced01
0,0.9764705896377563,768,4145c4edaeba8f5c
0,1.067729115486145,512,63724eb1e5094b17
0,0.9726027250289916,560,2aa1ffbdbd0d12a5
1,0.9242424368858336,596,ai_chinh_tri_0585_gemini-3.7-flash
1,0.8999999761581421,686,ai_giao_duc_0051_GPT-5.6 Luna
1,0.828000009059906,529,ai_the_thao_0338_gemini-3.7-flash
0,1.1835442781448364,585,5a9b226d14533704
0,0.9635036587715148,512,e25a174cfe4aff95
0,0.9740259647369384,512,a3528aea27165b4b
0,0.9166666865348816,664,0910a0c5b59ac3bd
1,0.8723404407501221,685,ai_the_thao_0172_GPT-5.6 Luna
0,0.9176470637321472,694,cb48bf1d2deb221c
0,1.0213903188705444,213,62b241a78e9869d1
1,0.8884891867637634,686,ai_giao_duc_0743_GPT-5.6 Luna
0,1.0042918920516968,516,7727ff22764b791c
1,0.9910714030265808,550,ai_van_hoa_0114_gemini-3.7-flash
0,0.912162184715271,768,9b208fb4e852ea1a
1,0.8514492511749268,684,ai_chinh_tri_0318_GPT-5.6 Luna
0,0.9333333373069764,688,d204ae7fac5f397c
1,0.9014084339141846,550,ai_xa_hoi_0471_gemini-3.7-flash
0,1.0070422887802124,717,8e15da012a0b7897
0,0.8974359035491943,512,910f1c7d0d1c2407
1,0.8590308427810669,595,ai_the_thao_0553_gemini-3.7-flash
0,0.9779411554336548,575,fe944a1526745fe2
0,0.9655172228813172,512,0a55414c96f7aeb8
0,0.9328858852386476,768,c1a2d9dd28c8bcc2
0,1.004347801208496,512,77cc453b0d64ce44
1,0.8510638475418091,684,ai_chinh_tri_0030_GPT-5.6 Luna
0,0.957317054271698,704,b74c988137d93e4b
0,1.0070422887802124,538,baa1071ed7c07aaf
0,1.08433735370636,375,1b47efab4f065cb8
0,1.0137931108474731,680,519ab58740732abc
0,1.0073529481887815,512,d869b1ea9f4f5a80
1,0.8731883764266968,686,ai_chinh_tri_0464_GPT-5.6 Luna
1,0.8652482032775879,686,ai_van_hoa_0225_GPT-5.6 Luna
1,0.9004328846931458,566,ai_chinh_tri_0174_gemini-3.7-flash
0,0.9343065619468688,671,7e7ad14dc6fe8764
1,0.8360000252723694,557,ai_van_hoa_0731_gemini-3.7-flash
1,0.886956512928009,596,ai_the_thao_0341_gemini-3.7-flash
0,0.935897409915924,674,d1593ab4bdb0eb39
1,0.8859649300575256,518,ai_giao_duc_0146_gemini-3.7-flash
1,0.925110161304474,599,ai_giao_duc_0533_gemini-3.7-flash
0,1.015544056892395,644,e83d2108c043e120
1,0.9313304424285888,569,ai_xa_hoi_0821_gemini-3.7-flash
1,0.8723404407501221,686,ai_kinh_te_0193_GPT-5.6 Luna
0,1.2734375,758,b07099ee2d1237c9
1,0.8483412265777588,560,ai_giao_duc_0303_gemini-3.7-flash
1,0.8666666746139526,530,ai_giao_duc_0608_gemini-3.7-flash
1,0.8576642274856567,684,ai_van_hoa_0742_GPT-5.6 Luna
0,1.060150384902954,513,77498ae36baac984
1,0.8666666746139526,530,ai_giao_duc_0544_gemini-3.7-flash
1,0.9106382727622986,551,ai_van_hoa_0014_gemini-3.7-flash
0,0.9659090638160706,768,2e8700bc272e73db
1,0.8771186470985413,574,ai_van_hoa_0005_gemini-3.7-flash
1,0.8469387888908386,684,ai_the_thao_0407_GPT-5.6 Luna
0,1.0089285373687744,613,8eccf2a4465e959c
1,0.8525179624557495,684,ai_xa_hoi_0032_GPT-5.6 Luna
0,0.9661017060279846,512,83e98d80cddd61d5
1,0.8695651888847351,685,ai_xa_hoi_0259_GPT-5.6 Luna
1,0.8666666746139526,530,ai_giao_duc_0432_gemini-3.7-flash
1,0.908088207244873,686,ai_giao_duc_0443_GPT-5.6 Luna
1,0.8500000238418579,685,ai_kinh_te_0786_GPT-5.6 Luna
0,1.0334928035736084,501,fa680f6b1b95b1fd
0,1.0065789222717283,551,bd819525097c601b
0,0.8970588445663452,512,911256818b0b091c
1,0.8735178112983704,644,ai_kinh_te_0605_gemini-3.7-flash
0,1.0125786066055298,512,6f58afd17fe7a7af
0,0.9506173133850098,512,975a463b9770a6bb
0,0.9642857313156128,547,5fb6b6bfe3819446
1,0.8514492511749268,684,ai_chinh_tri_0558_GPT-5.6 Luna
1,0.8952381014823914,595,ai_chinh_tri_0645_gemini-3.7-flash
0,1.0220588445663452,564,a8cfc2c2cecb2587
0,1.0275862216949463,512,14cdfad097c69a0a
1,0.8733624219894409,545,ai_chinh_tri_0316_gemini-3.7-flash
1,0.8829787373542786,685,ai_the_thao_0058_GPT-5.6 Luna
1,0.8263888955116272,684,ai_the_thao_0344_GPT-5.6 Luna
0,0.9169960618019104,768,3dad780f7cdb68f1
1,0.8723404407501221,685,ai_kinh_te_0729_GPT-5.6 Luna
1,0.9230769276618958,494,ai_xa_hoi_0324_gemini-3.7-flash
1,0.8859649300575256,518,ai_giao_duc_0386_gemini-3.7-flash
1,0.8723404407501221,686,ai_kinh_te_0337_GPT-5.6 Luna
0,0.9842932224273682,622,cad5a820c682c0e2
1,0.8666666746139526,530,ai_giao_duc_0288_gemini-3.7-flash
1,0.8607142567634583,686,ai_xa_hoi_0686_GPT-5.6 Luna
0,0.9429824352264404,512,d40e2f96522fe600
0,0.962499976158142,698,4bd30b42b7e443a5
1,0.8590308427810669,595,ai_the_thao_0417_gemini-3.7-flash
0,1.0090090036392212,674,87321a4d8ab629ee
0,0.9235668778419496,577,d95d1de57d9d21f8
1,0.8804348111152649,686,ai_xa_hoi_0501_GPT-5.6 Luna
0,1.0081632137298584,768,b6a30cba7595d43d
0,0.9797979593276978,670,e51eece50683a621
0,1.0122699737548828,749,517d05eba4d6351d
0,1.068323016166687,516,adeb45bbd1644bc8
1,0.8785714507102966,685,ai_the_thao_0746_GPT-5.6 Luna
1,0.8735178112983704,644,ai_kinh_te_0525_gemini-3.7-flash
0,0.9674418568611144,507,ca42900795260e58
1,0.8652482032775879,685,ai_the_thao_0806_GPT-5.6 Luna
1,0.8601398468017578,686,ai_the_thao_0117_GPT-5.6 Luna
0,1.0738636255264282,518,041e9a4437d1d301
0,0.976878583431244,768,bdcae938c6cc20cf
0,0.8937197923660278,652,3d76ceed43def6da
1,0.8333333134651184,530,ai_kinh_te_0123_gemini-3.7-flash
1,0.867521345615387,600,ai_giao_duc_0201_gemini-3.7-flash
0,0.9642857313156128,768,67ed7256ef7bcb42
0,0.9730769395828248,768,120bb00b273bf262
1,0.8733624219894409,545,ai_chinh_tri_0636_gemini-3.7-flash
1,0.8695651888847351,685,ai_chinh_tri_0730_GPT-5.6 Luna
0,0.9929577708244324,699,53bb4ccb2989c4f1
0,0.9861111044883728,684,8941a2e2e10af031
1,0.8571428656578064,685,ai_kinh_te_0821_GPT-5.6 Luna
1,0.8695651888847351,686,ai_giao_duc_0031_GPT-5.6 Luna
0,0.9330357313156128,673,2f54b0b297e7f77c
0,1.0747663974761963,512,caabdbf86ff6c974
0,0.9186046719551086,768,e3ec7492c3a7f49d
1,0.8695651888847351,684,ai_the_thao_0547_GPT-5.6 Luna
1,0.9230769276618958,494,ai_xa_hoi_0556_gemini-3.7-flash
1,0.828000009059906,529,ai_the_thao_0234_gemini-3.7-flash
1,0.8888888955116272,643,ai_kinh_te_0049_gemini-3.7-flash
0,0.9576271176338196,610,0be23482b69fc394
1,0.8515625,567,ai_kinh_te_0502_gemini-3.7-flash
1,0.9531915187835692,531,ai_xa_hoi_0686_gemini-3.7-flash
0,0.9266055226325988,512,67bb9a7053b80ab3
1,0.8515625,567,ai_kinh_te_0230_gemini-3.7-flash
0,0.9849624037742616,500,24cc70f1edec1a1a
0,1.128000020980835,512,22444853d58a3515
1,0.9279661178588868,569,ai_xa_hoi_0325_gemini-3.7-flash
1,0.8367347121238708,684,ai_the_thao_0439_GPT-5.6 Luna
0,0.991189420223236,461,912ce8a70bfd921e
1,0.9230769276618958,494,ai_xa_hoi_0508_gemini-3.7-flash
0,1.1875,544,06c14d3dfeea4476
1,0.8738738894462585,530,ai_giao_duc_0140_gemini-3.7-flash
0,1.008771896362305,666,241ae180bb8d43ad
1,0.8528138399124146,575,ai_van_hoa_0241_gemini-3.7-flash
0,1.09375,512,2ee759ddd2c26a3f
0,1.025477647781372,768,6b4ff1f61498e7ee
0,1.0,768,bca15b35425333d4
1,0.8636363744735718,685,ai_xa_hoi_0153_GPT-5.6 Luna
1,0.8731883764266968,684,ai_chinh_tri_0543_GPT-5.6 Luna
1,0.9279661178588868,569,ai_xa_hoi_0445_gemini-3.7-flash
0,0.9094488024711608,568,4a2a2e9fb10f325f
0,1.0307692289352417,630,fc600d03c1a4707f
0,1.1075949668884275,674,3daf9c8149555179
0,0.932539701461792,535,11eef9707c199d93
1,0.8888888955116272,686,ai_the_thao_0305_GPT-5.6 Luna
0,1.0753768682479858,683,106e581184bb0d38
1,0.8738738894462585,530,ai_giao_duc_0268_gemini-3.7-flash
0,0.8815789222717285,768,643524a5c9b9cfad
1,0.8717948794364929,596,ai_the_thao_0829_gemini-3.7-flash
1,0.9404255151748656,533,ai_xa_hoi_0618_gemini-3.7-flash
0,0.9585062265396118,512,8da4c4707adb0c4a
1,0.8546099066734314,686,ai_chinh_tri_0211_GPT-5.6 Luna
0,0.9622641801834106,768,e9950de2faf8336d
0,0.9239766001701356,738,05f07a6cea0420c7
0,0.9935897588729858,666,a7b405c51b4925cc
1,0.8617021441459656,685,ai_kinh_te_0323_GPT-5.6 Luna
0,1.0149253606796265,631,60f42c949ea85f13
0,1.0122699737548828,655,1be6afea23866783
1,0.9242424368858336,596,ai_chinh_tri_0753_gemini-3.7-flash
0,0.9807692170143129,512,5bafe36e84bb0fb2
0,0.9675324559211732,637,920c73f2e8e2bb71
1,0.8759124279022217,684,ai_chinh_tri_0503_GPT-5.6 Luna
0,0.9800000190734864,768,011e566de227a220
0,1.0219298601150513,512,a8147dd1408c2043
1,0.8584070801734924,544,ai_van_hoa_0184_gemini-3.7-flash
0,1.03804349899292,670,51782fae032b3f32
1,0.835616409778595,684,ai_the_thao_0207_GPT-5.6 Luna
1,0.8714285492897034,685,ai_xa_hoi_0243_GPT-5.6 Luna
1,0.9004328846931458,566,ai_chinh_tri_0262_gemini-3.7-flash
0,0.9685534834861756,512,aed1c23fa2593067
1,0.85447758436203,530,ai_kinh_te_0351_gemini-3.7-flash
0,1.0384615659713743,531,06f8532033752c47
1,0.912350594997406,515,ai_kinh_te_0224_gemini-3.7-flash
1,0.8464285731315613,684,ai_van_hoa_0197_GPT-5.6 Luna
0,0.9521912336349488,768,548093cd9ddb2382
0,1.0074074268341064,512,ab90b958a86854e0
1,0.8840579986572266,686,ai_giao_duc_0013_GPT-5.6 Luna
0,0.9225806593894958,563,087a36f988f0e63f
1,0.9227467775344848,570,ai_xa_hoi_0001_gemini-3.7-flash
0,1.0228310823440552,700,fa326e4acf99a325
0,0.9380530714988708,716,1ae692f15629b08b
1,0.8735178112983704,644,ai_kinh_te_0565_gemini-3.7-flash
1,0.8804348111152649,684,ai_giao_duc_0608_GPT-5.6 Luna
0,0.985185205936432,768,ec840df6ec5114b9
1,0.8510638475418091,686,ai_xa_hoi_0589_GPT-5.6 Luna
0,1.0452674627304075,506,55626c9de91d5626
0,0.9833333492279052,512,cdbc722b7bfa187c
1,0.886956512928009,596,ai_the_thao_0053_gemini-3.7-flash
1,0.8590308427810669,595,ai_the_thao_0601_gemini-3.7-flash
1,0.8868613243103027,685,ai_xa_hoi_0459_GPT-5.6 Luna
1,0.9194915294647216,497,ai_xa_hoi_0208_gemini-3.7-flash
1,0.9234449863433838,551,ai_xa_hoi_0291_gemini-3.7-flash
1,0.828000009059906,529,ai_the_thao_0114_gemini-3.7-flash
0,1.0621118545532229,692,31aad5c46363924b
1,0.8799999952316284,554,ai_the_thao_0203_gemini-3.7-flash
0,1.0305343866348269,512,759e90ad3ab59e7d
0,1.149999976158142,433,24257978830e464c
0,0.9860140085220336,681,e60b6b56f0c08f88
0,0.9219858050346376,531,a50423a88eacd6c6
0,1.0240963697433472,637,b758c97e13ec25d8
0,0.9289617538452148,514,ffe421977d19aba2
1,0.8741007447242737,686,ai_xa_hoi_0025_GPT-5.6 Luna
1,0.8515625,567,ai_kinh_te_0822_gemini-3.7-flash
0,0.9710144996643066,668,914f02b33b7ac9ad
0,1.049180269241333,520,b01ffa188b51ba3e
1,0.8661971688270569,686,ai_xa_hoi_0778_GPT-5.6 Luna
1,0.8723404407501221,686,ai_xa_hoi_0773_GPT-5.6 Luna
0,0.9928571581840516,688,2ea717ba74fce156
0,0.9666666388511658,702,971612b1a60fc5a3
0,0.952054798603058,512,e36bfb1128873dc4
1,0.8546099066734314,685,ai_the_thao_0690_GPT-5.6 Luna
0,1.0,596,deec56d333e90cda
1,0.8741007447242737,686,ai_xa_hoi_0145_GPT-5.6 Luna
0,1.0222222805023191,673,3faae15de224d085
0,0.9545454382896424,512,51d4d88370aac800
1,0.9531915187835692,531,ai_xa_hoi_0334_gemini-3.7-flash
0,0.9958677887916564,734,f9d3f6be8c73eee7
0,1.007575750350952,512,5404cea0859c5a64
1,0.8633093237876892,686,ai_chinh_tri_0739_GPT-5.6 Luna
0,1.0352113246917725,768,7927d23ae3017798
0,1.0,768,05ee2242dea6ce89
1,0.8848921060562134,686,ai_xa_hoi_0740_GPT-5.6 Luna
0,0.9166666865348816,768,584ffde7f6d32940
0,1.0068492889404297,512,4de23e53a295dc0d
0,0.9583333134651184,613,b8b759b8515f5a0b
1,0.8913043737411499,686,ai_giao_duc_0813_GPT-5.6 Luna
0,0.9349112510681152,566,63a3999a88510d33
1,0.8741258978843689,686,ai_xa_hoi_0268_GPT-5.6 Luna
0,0.9495412707328796,694,44fa02643f64b238
1,0.8799999952316284,554,ai_the_thao_0763_gemini-3.7-flash
1,0.9531915187835692,531,ai_xa_hoi_0190_gemini-3.7-flash
1,0.8782608509063721,547,ai_van_hoa_0356_gemini-3.7-flash
1,0.8821428418159485,686,ai_giao_duc_0119_GPT-5.6 Luna
1,0.8666666746139526,530,ai_giao_duc_0680_gemini-3.7-flash
1,0.8758864998817444,686,ai_kinh_te_0211_GPT-5.6 Luna
1,0.828000009059906,529,ai_the_thao_0658_gemini-3.7-flash
1,0.8345070481300354,684,ai_xa_hoi_0560_GPT-5.6 Luna
0,1.090909123420715,512,c864fd8e0ac03c90
1,0.8731883764266968,685,ai_kinh_te_0677_GPT-5.6 Luna
0,1.0504586696624756,512,6e6f3e371363a272
0,0.991631805896759,768,11c140de446be798
0,0.963265299797058,512,d1ffde66c41426b8
0,0.9836734533309937,634,fd9628d322424849
0,1.00421941280365,512,0ea9f673676ee8cb
0,1.0,643,1222233931cd47f8
0,0.935606062412262,768,0eb73b432819779b
0,0.9087591171264648,768,fc343d4dfdb0498b
0,1.04347825050354,512,044ecaf5d65a002a
1,0.8473895788192749,521,ai_the_thao_0548_gemini-3.7-flash
0,0.987261176109314,688,8f6f5980aeea4fcb
0,1.0,698,16806431adeb6041
0,1.02173912525177,512,595157bf7635355a
1,0.867521345615387,600,ai_giao_duc_0769_gemini-3.7-flash
0,1.015625,512,4c6b7319055c41a7
0,1.0194804668426514,328,52aa152e745addf4
0,0.9304347634315492,682,64adb3aa09442704
1,0.866906464099884,685,ai_xa_hoi_0246_GPT-5.6 Luna
0,0.9414893388748168,512,1947838fb4354e86
1,0.9154411554336548,685,ai_kinh_te_0236_GPT-5.6 Luna
1,0.886956512928009,596,ai_the_thao_0613_gemini-3.7-flash
0,1.118110179901123,512,753585614ac07862
1,0.8991228342056274,565,ai_chinh_tri_0498_gemini-3.7-flash
1,0.9234449863433838,551,ai_xa_hoi_0387_gemini-3.7-flash
0,0.9760000109672546,512,122b747478d15ddc
1,0.8367347121238708,686,ai_the_thao_0381_GPT-5.6 Luna
1,0.8299319744110107,684,ai_the_thao_0375_GPT-5.6 Luna
0,1.0072463750839231,512,285431e342e7a2b2
0,0.9838709831237792,768,6e4ff4656c2f8b23
1,0.8978102207183838,686,ai_kinh_te_0667_GPT-5.6 Luna
1,0.8735178112983704,644,ai_kinh_te_0173_gemini-3.7-flash
1,0.912350594997406,515,ai_kinh_te_0640_gemini-3.7-flash
0,0.9461538195610046,608,7c73257eb70fbcc9
0,1.0472440719604492,562,dc11842d5ae525c2
0,0.993333339691162,768,d95e5774e0d48fa7
0,0.9605911374092102,574,b47e14e343083768
1,0.8500000238418579,685,ai_kinh_te_0066_GPT-5.6 Luna
1,0.8514492511749268,684,ai_giao_duc_0169_GPT-5.6 Luna
1,0.8360000252723694,557,ai_van_hoa_0715_gemini-3.7-flash
1,0.8571428656578064,684,ai_chinh_tri_0768_GPT-5.6 Luna
0,0.9825327396392822,569,8c2724a43c1c0477
0,0.9642857313156128,642,5a88beb3ad492d54
0,0.92946058511734,768,ccbea79119d66f66
0,0.9359999895095824,690,4f82c943b7736dd1
0,1.2920353412628174,514,45410ceb3dc2f59c
0,0.9755101799964904,768,91f099c66dad369e
1,0.8829787373542786,685,ai_the_thao_0586_GPT-5.6 Luna
0,0.826815664768219,552,3ad2c5687e53f2d3
0,1.02717387676239,623,22552f767501bac0
1,0.8531468510627747,686,ai_the_thao_0085_GPT-5.6 Luna
1,0.8541666865348816,686,ai_the_thao_0693_GPT-5.6 Luna
1,0.8733624219894409,545,ai_chinh_tri_0820_gemini-3.7-flash
1,0.8741007447242737,686,ai_giao_duc_0156_GPT-5.6 Luna
1,0.8695651888847351,684,ai_giao_duc_0416_GPT-5.6 Luna
0,0.994350254535675,651,63838387423748f6
0,0.9268292784690856,309,2f780ea144b67fba
0,1.0240963697433472,709,3c5362324f2bbb87
0,1.009174346923828,512,a168725944858f47
1,0.8510638475418091,686,ai_xa_hoi_0757_GPT-5.6 Luna
0,0.9840425252914428,575,a48a81105fcae2d8
0,1.048387050628662,629,0082cc61686cfd56
0,0.9333333373069764,516,17b219bdee3d761c
1,0.9004328846931458,566,ai_chinh_tri_0358_gemini-3.7-flash
1,0.9004328846931458,566,ai_chinh_tri_0206_gemini-3.7-flash
1,0.8333333134651184,530,ai_kinh_te_0355_gemini-3.7-flash
1,0.8758864998817444,686,ai_kinh_te_0361_GPT-5.6 Luna
0,0.9285714030265808,680,9d53bb46a5db3835
0,1.0,512,19ceffe03e394485
1,0.8360000252723694,557,ai_van_hoa_0331_gemini-3.7-flash
0,0.931506872177124,664,406678d6e8950ec6
0,0.9525862336158752,512,abbd462b0fb1b6f4
1,0.8389830589294434,554,ai_the_thao_0063_gemini-3.7-flash
0,1.069124460220337,512,69707eb48b461fda
0,0.9738562107086182,768,b59899a337dd455c
1,0.9230769276618958,494,ai_xa_hoi_0628_gemini-3.7-flash
1,0.8884891867637634,685,ai_giao_duc_0528_GPT-5.6 Luna
1,0.8216783404350281,684,ai_the_thao_0168_GPT-5.6 Luna
0,0.9683544039726256,768,e42ab5365f51453c
1,0.8639705777168274,684,ai_giao_duc_0217_GPT-5.6 Luna
1,0.8695651888847351,684,ai_chinh_tri_0493_GPT-5.6 Luna
0,0.9882352948188782,768,9f5a5b4ba2d6dfca
1,0.925110161304474,599,ai_giao_duc_0189_gemini-3.7-flash
0,1.0886698961257937,512,ba43afea41cd66f8
0,1.026455044746399,512,3946f576ef11ed54
1,0.8389830589294434,554,ai_the_thao_0255_gemini-3.7-flash
0,1.0814814567565918,641,ec298afca3e7f43e
0,0.875,512,201819ffeca74e44
0,0.9919028282165528,540,08d89c64e5e4f277
0,0.9824561476707458,512,019c1a6d319db253
0,0.9615384340286256,652,85e9dc9b67b8d894
0,0.9277108311653136,607,5cf04cfbaf48f5a1
1,0.8735178112983704,644,ai_kinh_te_0325_gemini-3.7-flash
1,0.8695651888847351,685,ai_xa_hoi_0390_GPT-5.6 Luna
1,0.9037036895751952,684,ai_kinh_te_0172_GPT-5.6 Luna
1,0.8723404407501221,686,ai_kinh_te_0649_GPT-5.6 Luna
1,0.8424657583236694,685,ai_chinh_tri_0076_GPT-5.6 Luna
1,0.8678571581840515,686,ai_chinh_tri_0731_GPT-5.6 Luna
1,0.9531915187835692,531,ai_xa_hoi_0710_gemini-3.7-flash
0,0.970370352268219,768,0f12e268b0005277
0,0.97826087474823,579,f887a552f132a596
0,1.0,512,4466979799665a02
0,0.940928280353546,538,2c48d84c79697b53
1,0.8341013789176941,561,ai_giao_duc_0587_gemini-3.7-flash
1,0.8892857432365417,685,ai_the_thao_0546_GPT-5.6 Luna
0,0.9724137783050536,645,7bac996de4b19182
1,0.9242424368858336,596,ai_chinh_tri_0713_gemini-3.7-flash
0,0.9668246507644652,655,a35ebdcf0098310b
0,1.038167953491211,768,b62c5695a956376b
0,1.1259843111038208,512,e9780d6e9daa2b32
1,0.866906464099884,685,ai_xa_hoi_0521_GPT-5.6 Luna
0,1.0207253694534302,512,0282cf606fbfea5c
1,0.8652482032775879,686,ai_van_hoa_0825_GPT-5.6 Luna
0,1.1551724672317505,512,4fa6524eaff600bf
1,0.8450704216957092,686,ai_xa_hoi_0677_GPT-5.6 Luna
0,1.021276593208313,680,799604c62c367c41
1,0.8556337952613831,686,ai_xa_hoi_0357_GPT-5.6 Luna
1,0.8666666746139526,530,ai_giao_duc_0256_gemini-3.7-flash
1,0.8782608509063721,547,ai_van_hoa_0268_gemini-3.7-flash
0,0.9325153231620787,768,413defcb0447628f
0,0.9838709831237792,768,fd2fba28e71b0662
1,0.8576388955116272,685,ai_the_thao_0276_GPT-5.6 Luna
1,0.8848921060562134,685,ai_xa_hoi_0561_GPT-5.6 Luna
1,0.9014084339141846,550,ai_xa_hoi_0751_gemini-3.7-flash
0,1.042553186416626,512,a8f50b443921bb20
0,1.0272727012634275,573,aac49e5ce14ef961
1,0.8590308427810669,595,ai_the_thao_0225_gemini-3.7-flash
1,0.8515625,567,ai_kinh_te_0710_gemini-3.7-flash
1,0.85447758436203,530,ai_kinh_te_0119_gemini-3.7-flash
0,1.0538461208343506,614,c0c5e3ba002a3c90
1,0.867521345615387,600,ai_giao_duc_0433_gemini-3.7-flash
1,0.895652174949646,545,ai_chinh_tri_0376_gemini-3.7-flash
1,0.8804348111152649,684,ai_chinh_tri_0752_GPT-5.6 Luna
1,0.8617021441459656,685,ai_van_hoa_0297_GPT-5.6 Luna
0,1.0721648931503296,512,f1626a6886b33af3
1,0.8515625,567,ai_kinh_te_0318_gemini-3.7-flash
0,1.0117647647857666,512,e428efb19e65c428
1,0.9222221970558168,685,ai_kinh_te_0316_GPT-5.6 Luna
0,0.903553307056427,417,30f58a24e42c0800
1,0.8450704216957092,684,ai_van_hoa_0773_GPT-5.6 Luna
0,1.0209205150604248,512,21feb6a6de38cad3
1,0.9037036895751952,684,ai_kinh_te_0004_GPT-5.6 Luna
1,0.8767605423927307,686,ai_van_hoa_0690_GPT-5.6 Luna
1,0.8884891867637634,686,ai_giao_duc_0407_GPT-5.6 Luna
0,0.9514563083648682,548,499977a22c69d778
1,0.8738738894462585,530,ai_giao_duc_0108_gemini-3.7-flash
1,0.8999999761581421,684,ai_kinh_te_0740_GPT-5.6 Luna
0,1.0074074268341064,512,f47633e3b1ecddc8
1,0.8848921060562134,685,ai_kinh_te_0471_GPT-5.6 Luna
1,0.8723404407501221,686,ai_kinh_te_0817_GPT-5.6 Luna
0,0.9451219439506532,512,b04dab87c7160fb1
1,0.912350594997406,515,ai_kinh_te_0088_gemini-3.7-flash
1,0.8617021441459656,686,ai_xa_hoi_0130_GPT-5.6 Luna
1,0.8354430198669434,554,ai_the_thao_0831_gemini-3.7-flash
1,0.828000009059906,529,ai_the_thao_0050_gemini-3.7-flash
0,0.9420289993286132,693,e673bbab1dc67fdd
1,0.9166666865348816,514,ai_kinh_te_0404_gemini-3.7-flash
1,0.8859649300575256,518,ai_giao_duc_0746_gemini-3.7-flash
0,0.9536423683166504,768,dd0e0af39cd9e2bb
0,0.9290780425071716,652,c97976ef13fb7efc
1,0.8776978254318237,686,ai_giao_duc_0199_GPT-5.6 Luna
1,0.9404255151748656,533,ai_xa_hoi_0266_gemini-3.7-flash
1,0.8546099066734314,685,ai_van_hoa_0545_GPT-5.6 Luna
1,0.8755555748939514,513,ai_chinh_tri_0575_gemini-3.7-flash
0,1.0928571224212646,604,770ec065a87da453
1,0.8389830589294434,554,ai_the_thao_0151_gemini-3.7-flash
0,1.0243902206420898,551,1cc553baad55f630
1,0.8453237414360046,684,ai_van_hoa_0477_GPT-5.6 Luna
1,0.8949275612831116,686,ai_giao_duc_0053_GPT-5.6 Luna
0,1.0402684211730957,512,d1294587a0242353
0,0.9288889169692992,768,32e3d7ac3410ca88
1,0.8758864998817444,685,ai_kinh_te_0518_GPT-5.6 Luna
1,0.8991228342056274,565,ai_chinh_tri_0770_gemini-3.7-flash
1,0.8738738894462585,530,ai_giao_duc_0524_gemini-3.7-flash
1,0.9014084339141846,550,ai_xa_hoi_0095_gemini-3.7-flash
1,0.8617021441459656,685,ai_giao_duc_0304_GPT-5.6 Luna
0,0.9568345546722412,512,fe5e30f5968c173c
1,0.8840579986572266,685,ai_chinh_tri_0189_GPT-5.6 Luna
0,0.97663551568985,633,e99f5879f67d608c
0,0.9777777791023254,768,27d9b39365fa27de
1,0.8500000238418579,683,ai_van_hoa_0821_GPT-5.6 Luna
1,0.8584070801734924,544,ai_van_hoa_0592_gemini-3.7-flash
1,0.9111111164093018,684,ai_kinh_te_0028_GPT-5.6 Luna
1,0.8514492511749268,684,ai_kinh_te_0282_GPT-5.6 Luna
0,0.9523809552192688,529,8f3e1f351294413c
1,0.8813559412956238,574,ai_van_hoa_0669_gemini-3.7-flash
0,1.0166666507720947,768,870c241ec69b882d
1,0.8888888955116272,684,ai_giao_duc_0633_GPT-5.6 Luna
0,0.9933775067329408,512,f5bc1c6e1329e4ab
0,1.051948070526123,538,831bb5b6bdd1030b
1,0.85447758436203,530,ai_kinh_te_0679_gemini-3.7-flash
1,0.8439716100692749,685,ai_chinh_tri_0006_GPT-5.6 Luna
1,0.8767605423927307,686,ai_van_hoa_0018_GPT-5.6 Luna
1,0.8633093237876892,684,ai_chinh_tri_0527_GPT-5.6 Luna
0,1.1618257761001587,547,c7ee1a8db466245b
0,1.0816326141357422,512,2f5c93f9840a399a
0,0.9397590160369872,570,08aedcfe7cd16638
1,0.8776978254318237,685,ai_kinh_te_0054_GPT-5.6 Luna
1,0.895652174949646,545,ai_chinh_tri_0184_gemini-3.7-flash
1,0.8333333134651184,685,ai_van_hoa_0689_GPT-5.6 Luna
1,0.8813559412956238,574,ai_van_hoa_0237_gemini-3.7-flash
0,0.9324894547462464,550,3589bb3d88b6bb92
1,0.8868613243103027,684,ai_chinh_tri_0117_GPT-5.6 Luna
0,0.9220778942108154,721,67be73dd670d4bd5
1,0.9227467775344848,570,ai_xa_hoi_0273_gemini-3.7-flash
1,0.8473895788192749,521,ai_the_thao_0060_gemini-3.7-flash
1,0.9910714030265808,550,ai_van_hoa_0266_gemini-3.7-flash
1,0.8678571581840515,685,ai_chinh_tri_0711_GPT-5.6 Luna
0,0.8810811042785645,768,937f5d5f4399020d
1,0.8888888955116272,518,ai_chinh_tri_0083_gemini-3.7-flash
1,0.8333333134651184,530,ai_kinh_te_0419_gemini-3.7-flash
0,1.012930989265442,643,b86dc8731d759792
1,0.8970588445663452,684,ai_kinh_te_0820_GPT-5.6 Luna
0,0.8603351712226868,768,45a6b09397b22ee5
0,0.9831223487854004,768,bb5b57d312a8d3d4
0,0.9613733887672424,676,8d5fff15e84f6c05
0,1.119205355644226,652,b7af7e618ea61313
0,0.9626865386962892,768,f3d9badd627bce82
0,1.057268738746643,766,8898cada1fd84ed1
0,1.0152671337127686,768,044cb7ae3b1603a1
1,0.8695651888847351,684,ai_the_thao_0067_GPT-5.6 Luna
0,0.7743055820465088,656,4d3be7f97e1fe61e
0,1.0149253606796265,674,c8554522849a59b7
0,0.8990384340286255,708,0270523aaf856dab
0,1.105527639389038,512,9b4967316a67583d
1,0.8666666746139526,530,ai_giao_duc_0728_gemini-3.7-flash
1,0.8714285492897034,685,ai_the_thao_0387_GPT-5.6 Luna
1,0.8591549396514893,685,ai_the_thao_0638_GPT-5.6 Luna
1,0.8333333134651184,530,ai_kinh_te_0723_gemini-3.7-flash
1,0.8785714507102966,685,ai_kinh_te_0177_GPT-5.6 Luna
0,0.9847328066825868,768,d569974b5ee2e5f9
1,0.8991228342056274,565,ai_chinh_tri_0194_gemini-3.7-flash
0,1.0132449865341189,768,1ad8f1cf56f31df2
1,0.8952381014823914,595,ai_chinh_tri_0021_gemini-3.7-flash
1,0.8472222089767456,686,ai_the_thao_0165_GPT-5.6 Luna
0,0.9333333373069764,512,c0b189940bca3ff5
1,0.9004328846931458,566,ai_chinh_tri_0326_gemini-3.7-flash
0,0.9475982785224916,512,df37003cc0f7d8e8
0,1.012295126914978,658,2c29d99f46e25230
0,0.9659090638160706,512,2022d6bdaa428384
0,1.0077519416809082,768,dd05005ab0270b58
0,0.9797979593276978,649,d2864918de01fb10
1,0.8785714507102966,686,ai_van_hoa_0284_GPT-5.6 Luna
1,0.8389830589294434,554,ai_the_thao_0127_gemini-3.7-flash
0,0.9053497910499572,768,2e790dd9c345cd62
1,0.8695651888847351,684,ai_van_hoa_0734_GPT-5.6 Luna
0,0.9556650519371032,512,b311e4e41c64fb16
1,0.8695651888847351,684,ai_kinh_te_0671_GPT-5.6 Luna
1,0.89552241563797,684,ai_giao_duc_0130_GPT-5.6 Luna
0,1.0444444417953491,690,ec72e96c8ff2a9d0
1,0.9014084339141846,550,ai_xa_hoi_0311_gemini-3.7-flash
1,0.8450704216957092,684,ai_the_thao_0616_GPT-5.6 Luna
1,0.8678571581840515,686,ai_kinh_te_0493_GPT-5.6 Luna
0,1.101265788078308,512,d269807be50d6035
0,0.9615384340286256,512,99cecbac6f57ca0f
0,0.9668874144554138,666,b533b0dd4e62ff19
1,0.85447758436203,530,ai_kinh_te_0575_gemini-3.7-flash
1,0.8541666865348816,685,ai_the_thao_0116_GPT-5.6 Luna
0,0.950276255607605,690,4401f91f04a86454
0,0.9676113128662108,768,9fbd5204057b110f
1,0.8999999761581421,684,ai_giao_duc_0066_GPT-5.6 Luna
0,0.9447004795074464,556,4b98829aa3b2083a
0,0.9322034120559692,512,9f34a5595b87d6ce
1,0.886956512928009,596,ai_the_thao_0293_gemini-3.7-flash
0,0.9862068891525269,512,71d16622702b2d5d
0,1.0060606002807615,662,ab09234f5f39b4d2
0,0.9375,578,61af0097ae9a64f1
1,0.8848921060562134,685,ai_the_thao_0362_GPT-5.6 Luna
1,0.8500000238418579,684,ai_van_hoa_0521_GPT-5.6 Luna
0,0.9677419066429138,675,71f774081956681d
0,0.8711110949516296,512,70665bbefd1081d1
1,0.83984375,555,ai_van_hoa_0015_gemini-3.7-flash
1,0.9004328846931458,566,ai_chinh_tri_0582_gemini-3.7-flash
1,0.8617021441459656,685,ai_kinh_te_0617_GPT-5.6 Luna
1,0.8265306353569031,684,ai_the_thao_0231_GPT-5.6 Luna
0,0.9428571462631226,664,06e9037a4f93fc82
0,1.0,768,edba13438966de51
1,0.8531468510627747,685,ai_xa_hoi_0618_GPT-5.6 Luna
1,0.8623188138008118,686,ai_kinh_te_0304_GPT-5.6 Luna
1,0.829365074634552,523,ai_the_thao_0720_gemini-3.7-flash
0,0.8839285969734192,512,03c2f9882d41a387
0,0.9573643207550048,768,7d55198e89037d0d
0,0.8315789699554443,657,c3d674a5ed81f8fb
0,0.9246231317520142,768,c16ec8865745ebb3
1,0.829365074634552,523,ai_the_thao_0744_gemini-3.7-flash
1,0.8782608509063721,547,ai_van_hoa_0164_gemini-3.7-flash
1,0.8483412265777588,560,ai_giao_duc_0167_gemini-3.7-flash
1,0.8925926089286804,684,ai_giao_duc_0202_GPT-5.6 Luna
0,0.9909502267837524,512,e743166d14f19076
1,0.912350594997406,515,ai_kinh_te_0552_gemini-3.7-flash
0,1.0780141353607178,705,4b540321c2b6e736
1,0.8483412265777588,560,ai_giao_duc_0207_gemini-3.7-flash
1,0.886956512928009,596,ai_the_thao_0165_gemini-3.7-flash
0,0.9864864945411682,671,ac3a71087ba8bdf0
0,0.985185205936432,548,3595c36782689200
1,0.8706293702125549,686,ai_xa_hoi_0532_GPT-5.6 Luna
1,0.9383260011672974,551,ai_van_hoa_0574_gemini-3.7-flash
0,0.9597315192222596,691,c47f24671b144f4b
0,1.0198019742965698,512,9b1719d1d333fc9a
0,0.8740457892417908,329,9a996ad143cac7fa
0,0.9339622855186462,512,96e9054e0f3b6821
0,0.9777777791023254,721,bf3bebad1322fd12
0,0.9330543875694276,512,fd5bfb171b56b8ca
1,0.8515625,567,ai_kinh_te_0694_gemini-3.7-flash
0,1.0363636016845703,575,ab3d282f02db6b48
1,0.8999999761581421,684,ai_kinh_te_0012_GPT-5.6 Luna
1,0.8389830589294434,554,ai_the_thao_0111_gemini-3.7-flash
1,0.8804348111152649,684,ai_giao_duc_0008_GPT-5.6 Luna
0,1.0440528392791748,551,fd2e4ccc414cc8bf
1,0.8859649300575256,518,ai_giao_duc_0010_gemini-3.7-flash
1,0.867521345615387,600,ai_giao_duc_0057_gemini-3.7-flash
1,0.8888888955116272,684,ai_xa_hoi_0783_GPT-5.6 Luna
0,0.8932584524154663,512,bcbdab24e22a7629
0,1.0,764,8149db22ecb136ea
0,1.0211864709854126,609,5b7bda4f0e37f3e0
0,0.9631901979446412,680,802cfc85d7850322
1,0.8515625,567,ai_kinh_te_0262_gemini-3.7-flash
0,1.0136985778808594,512,a005eacb2cafe06e
0,0.9220183491706848,672,1a4ef9844f9ba079
1,0.8500000238418579,684,ai_kinh_te_0498_GPT-5.6 Luna
0,0.9384615421295166,695,5e42f7aa91532d74
1,0.8473895788192749,521,ai_the_thao_0684_gemini-3.7-flash
1,0.8410041928291321,531,ai_the_thao_0294_gemini-3.7-flash
0,0.9621211886405944,643,6e9d24576a312c1d
1,0.8515625,567,ai_kinh_te_0446_gemini-3.7-flash
1,0.8633093237876892,684,ai_chinh_tri_0085_GPT-5.6 Luna
1,0.8731883764266968,686,ai_kinh_te_0112_GPT-5.6 Luna
1,0.8389830589294434,554,ai_the_thao_0223_gemini-3.7-flash
0,1.042553186416626,768,201132ac7fafa07f
1,0.8731883764266968,684,ai_chinh_tri_0671_GPT-5.6 Luna
1,0.8799999952316284,554,ai_the_thao_0035_gemini-3.7-flash
0,0.9621848464012146,619,967aad01300298f7
0,1.004098415374756,678,fe4c4eb4bb7509bd
1,0.9234449863433838,551,ai_xa_hoi_0027_gemini-3.7-flash
0,1.0384615659713743,686,57cc1ad0263f17ee
0,0.913385808467865,512,5a3fad789e20d13b
0,0.9959514141082764,512,08c35c913f587143
1,0.8219696879386902,555,ai_van_hoa_0335_gemini-3.7-flash
1,0.8582996129989624,521,ai_the_thao_0812_gemini-3.7-flash
1,0.8525179624557495,684,ai_xa_hoi_0392_GPT-5.6 Luna
1,0.8345070481300354,684,ai_xa_hoi_0776_GPT-5.6 Luna
1,0.9404255151748656,533,ai_xa_hoi_0650_gemini-3.7-flash
0,0.9824561476707458,768,34a44294c83254bc
1,0.83984375,555,ai_van_hoa_0047_gemini-3.7-flash
1,0.8723404407501221,685,ai_chinh_tri_0080_GPT-5.6 Luna
1,0.8999999761581421,684,ai_giao_duc_0242_GPT-5.6 Luna
1,0.8731883764266968,684,ai_xa_hoi_0072_GPT-5.6 Luna
0,0.9647887349128724,757,e63079f685fe18a3
1,0.9910714030265808,550,ai_van_hoa_0634_gemini-3.7-flash
1,0.8695651888847351,685,ai_xa_hoi_0654_GPT-5.6 Luna
0,1.0680272579193115,678,440ddbc1a6fc6f2f
1,0.8723404407501221,686,ai_van_hoa_0704_GPT-5.6 Luna
0,1.0128204822540283,519,49c9f75509da9e36
1,0.8735178112983704,644,ai_kinh_te_0453_gemini-3.7-flash
0,1.066176414489746,645,52074365f3fb67ee
0,0.9072847962379456,654,d3c020512879a3ed
1,0.8717948794364929,596,ai_the_thao_0805_gemini-3.7-flash
1,0.9230769276618958,494,ai_xa_hoi_0540_gemini-3.7-flash
1,0.8387096524238586,529,ai_the_thao_0818_gemini-3.7-flash
0,1.080291986465454,541,2a6fd55dd8f94440
0,1.058823585510254,768,a22f51cd9c7aac69
0,0.8714285492897034,516,1b9a80097138f518
1,0.9166666865348816,514,ai_kinh_te_0580_gemini-3.7-flash
1,0.8767605423927307,686,ai_van_hoa_0738_GPT-5.6 Luna
0,0.92578125,634,817e779896a53099
1,0.8723404407501221,685,ai_chinh_tri_0800_GPT-5.6 Luna
0,0.9874213933944702,768,2b21619e4865b226
0,0.9636363387107848,624,9839e8bb0535d304
1,0.9188033938407898,550,ai_van_hoa_0034_gemini-3.7-flash
0,0.9863013625144958,768,86f778b97e8f4d7f
1,0.852173924446106,595,ai_the_thao_0825_gemini-3.7-flash
1,0.8321678042411804,685,ai_van_hoa_0516_GPT-5.6 Luna
0,0.9921875,512,b6cdf46cafcd6c0f
0,0.9408602118492126,512,65085e88ef2f9be7
1,0.8333333134651184,530,ai_kinh_te_0403_gemini-3.7-flash
1,0.8483412265777588,560,ai_giao_duc_0263_gemini-3.7-flash
0,1.0090497732162476,653,0c6864cce142bdb8
1,0.9531915187835692,531,ai_xa_hoi_0558_gemini-3.7-flash
0,0.8983050584793091,759,4d0fc2a33083fe38
1,0.8759124279022217,685,ai_chinh_tri_0393_GPT-5.6 Luna
1,0.8735178112983704,644,ai_kinh_te_0165_gemini-3.7-flash
0,1.082872986793518,512,c131e50f868fd825
0,0.937062919139862,768,50a889c066f8e544
0,1.0,768,5d9084acbf0eae78
0,1.08370041847229,512,e69fd9b1bbfd6221
0,1.2052401304244995,529,89d95cbcce30bf66
1,0.9364407062530518,533,ai_xa_hoi_0818_gemini-3.7-flash
0,1.0040650367736816,697,1a9b42ac4c19283b
1,0.8607142567634583,686,ai_xa_hoi_0365_GPT-5.6 Luna
0,0.9716312289237976,768,21d2d4ca9fa9b2ca
0,0.9415584206581116,768,551a28cd66434de8
1,0.8731883764266968,686,ai_chinh_tri_0184_GPT-5.6 Luna
1,0.8952381014823914,595,ai_chinh_tri_0181_gemini-3.7-flash
0,0.9272727370262146,768,a5811fa965d4c4d8
1,0.8813559412956238,574,ai_van_hoa_0501_gemini-3.7-flash
1,0.8652482032775879,685,ai_the_thao_0446_GPT-5.6 Luna
0,0.9214285612106324,701,e93968d3391844f5
0,1.0056179761886597,668,a2e33950c2c0a1b7
1,0.8758864998817444,685,ai_the_thao_0612_GPT-5.6 Luna
0,0.9784172773361206,605,c6300a7fd9371c98
0,0.9492753744125366,768,351925e95f182a32
1,0.8623188138008118,684,ai_chinh_tri_0330_GPT-5.6 Luna
1,0.8333333134651184,530,ai_kinh_te_0707_gemini-3.7-flash
1,0.8389830589294434,554,ai_the_thao_0159_gemini-3.7-flash
1,0.8666666746139526,530,ai_giao_duc_0408_gemini-3.7-flash
0,0.9862068891525269,635,911be318e7d3b6c7
1,0.8607142567634583,686,ai_xa_hoi_0206_GPT-5.6 Luna
1,0.8633093237876892,685,ai_chinh_tri_0387_GPT-5.6 Luna
1,0.8571428656578064,685,ai_kinh_te_0581_GPT-5.6 Luna
0,1.0,508,7dadb4b95dfb7099
1,0.9230769276618958,494,ai_xa_hoi_0652_gemini-3.7-flash
1,0.8546099066734314,686,ai_van_hoa_0784_GPT-5.6 Luna
1,0.8341013789176941,561,ai_giao_duc_0619_gemini-3.7-flash
0,1.0357142686843872,606,cd80c4886dca6169
1,0.828000009059906,529,ai_the_thao_0690_gemini-3.7-flash
0,0.9882352948188782,768,d8a4bba22d42feac
1,0.8731883764266968,686,ai_giao_duc_0100_GPT-5.6 Luna
1,0.9230769276618958,494,ai_xa_hoi_0108_gemini-3.7-flash
0,0.9126983880996704,721,7bec0e795d27367a
0,1.0039526224136353,632,c46a7e5531738f2d
1,0.8888888955116272,686,ai_the_thao_0785_GPT-5.6 Luna
0,1.0145984888076782,768,552ecec2ef5a7f7a
0,0.922764241695404,604,d9b061005b2c9773
1,0.8888888955116272,518,ai_chinh_tri_0763_gemini-3.7-flash
1,0.85447758436203,530,ai_kinh_te_0247_gemini-3.7-flash
1,0.8799999952316284,554,ai_the_thao_0483_gemini-3.7-flash
0,0.9346153736114502,512,ff98701bfdf2a7e5
0,0.956204354763031,768,c7a3c1341d5fbeab
1,0.8576388955116272,685,ai_the_thao_0756_GPT-5.6 Luna
1,0.8733624219894409,545,ai_chinh_tri_0596_gemini-3.7-flash
0,0.9644444584846495,591,61106841a9854813
1,0.9188033938407898,550,ai_van_hoa_0002_gemini-3.7-flash
1,0.8531468510627747,685,ai_the_thao_0291_GPT-5.6 Luna
0,0.9485294222831726,323,930116c0cfc0f591
1,0.8782608509063721,547,ai_van_hoa_0340_gemini-3.7-flash
0,1.0378150939941406,392,50ad179964e5d1d1
1,0.8741007447242737,686,ai_van_hoa_0604_GPT-5.6 Luna
0,1.0062893629074097,512,12dc128a2df1ce15
0,0.9343065619468688,535,79cd5718a0695fba
0,0.9666666388511658,713,1e286e8ce3182a82
0,1.0196079015731812,690,4bba831a2cc6c469
1,0.8649635314941406,684,ai_kinh_te_0290_GPT-5.6 Luna
0,0.8629629611968994,574,4148f3055c0099f0
1,0.8617021441459656,685,ai_xa_hoi_0598_GPT-5.6 Luna
1,0.8859649300575256,518,ai_giao_duc_0786_gemini-3.7-flash
1,0.8333333134651184,530,ai_kinh_te_0251_gemini-3.7-flash
0,1.0059523582458496,512,222cf66c0bf31da6
1,0.8767605423927307,686,ai_xa_hoi_0452_GPT-5.6 Luna
0,1.0482758283615112,545,fc2234e02975b653
1,0.8623188138008118,686,ai_chinh_tri_0667_GPT-5.6 Luna
1,0.9531915187835692,531,ai_xa_hoi_0294_gemini-3.7-flash
0,0.917391300201416,301,00a18c553022fdbd
0,0.9743589758872986,654,dc02224672d17ccd
1,0.9135338068008424,685,ai_xa_hoi_0295_GPT-5.6 Luna
0,1.1608392000198364,574,499bee76e508be39
1,0.8799999952316284,554,ai_the_thao_0075_gemini-3.7-flash
0,0.9663461446762084,669,b53e9654e7b2be58
0,1.102739691734314,625,c4430eeeed5057e6
1,0.8723404407501221,685,ai_the_thao_0292_GPT-5.6 Luna
0,1.0678733587265017,709,13d2a2c0b90edc68
1,0.8546099066734314,685,ai_chinh_tri_0755_GPT-5.6 Luna
1,0.8591549396514893,685,ai_the_thao_0630_GPT-5.6 Luna
1,0.8888888955116272,518,ai_chinh_tri_0331_gemini-3.7-flash
1,0.8341013789176941,561,ai_giao_duc_0035_gemini-3.7-flash
0,1.0136985778808594,542,e25b7da83a0118dd
0,0.922374427318573,630,8dad8729a719f484
0,0.962499976158142,613,a013bbe6d50bb75a
1,0.8546099066734314,685,ai_kinh_te_0630_GPT-5.6 Luna
1,0.8410041928291321,531,ai_the_thao_0670_gemini-3.7-flash
0,0.9377777576446532,659,f0e633277af5a75e
1,0.8738738894462585,530,ai_giao_duc_0588_gemini-3.7-flash
0,1.0235849618911743,541,e8f7d5347d13b13d
0,0.8939393758773804,509,8be1a3d6c2a42fd7
0,0.948905110359192,592,936cea89d7be27aa
1,0.8483412265777588,560,ai_giao_duc_0031_gemini-3.7-flash
1,0.8949275612831116,686,ai_giao_duc_0469_GPT-5.6 Luna
1,0.886956512928009,596,ai_the_thao_0349_gemini-3.7-flash
1,0.9194915294647216,497,ai_xa_hoi_0520_gemini-3.7-flash
1,0.867521345615387,600,ai_giao_duc_0145_gemini-3.7-flash
1,0.8759124279022217,685,ai_chinh_tri_0781_GPT-5.6 Luna
0,1.012195110321045,768,4c25f3d12e1d8ab5
1,0.886956512928009,596,ai_the_thao_0653_gemini-3.7-flash
0,0.9817073345184326,512,7cf61964aa2456b0
1,0.8840579986572266,686,ai_giao_duc_0039_GPT-5.6 Luna
0,0.9716312289237976,706,edffd965c6f38c28
1,0.9531915187835692,531,ai_xa_hoi_0070_gemini-3.7-flash
1,0.925110161304474,599,ai_giao_duc_0237_gemini-3.7-flash
1,0.8666666746139526,530,ai_giao_duc_0112_gemini-3.7-flash
1,0.8410041928291321,531,ai_the_thao_0334_gemini-3.7-flash
1,0.8367347121238708,684,ai_the_thao_0079_GPT-5.6 Luna
0,0.9659863710403442,543,6a499976f67b762c
1,0.8733624219894409,545,ai_chinh_tri_0780_gemini-3.7-flash
1,0.8633093237876892,686,ai_chinh_tri_0154_GPT-5.6 Luna
0,0.9716598987579346,512,1e62f652a89ab49f
1,0.8500000238418579,684,ai_van_hoa_0687_GPT-5.6 Luna
0,0.9645669460296632,552,f8dfc5096ea12c95
0,0.9090909361839294,536,2caa1dc7d44984f1
1,0.8785714507102966,685,ai_the_thao_0626_GPT-5.6 Luna
1,0.9227467775344848,570,ai_xa_hoi_0673_gemini-3.7-flash
1,0.9383260011672974,551,ai_van_hoa_0390_gemini-3.7-flash
0,0.8859649300575256,512,2c3db73494798f5e
0,0.948113203048706,768,417dad480184a16e
1,0.8888888955116272,643,ai_kinh_te_0545_gemini-3.7-flash
1,0.8360000252723694,557,ai_van_hoa_0371_gemini-3.7-flash
0,0.9340101480484008,768,483a17c3fa58ef50
1,0.8546099066734314,684,ai_the_thao_0280_GPT-5.6 Luna
1,0.8999999761581421,686,ai_giao_duc_0091_GPT-5.6 Luna
1,0.8695651888847351,684,ai_chinh_tri_0575_GPT-5.6 Luna
1,0.9404255151748656,533,ai_xa_hoi_0138_gemini-3.7-flash
1,0.8586207032203674,685,ai_the_thao_0428_GPT-5.6 Luna
0,0.8492462038993835,738,21e28153c6552fdf
1,0.8360000252723694,557,ai_van_hoa_0555_gemini-3.7-flash
0,1.0081632137298584,531,a5c6d1d005da080e
0,0.9777777791023254,729,9ae90730de7d44ab
1,0.8820960521697998,547,ai_van_hoa_0044_gemini-3.7-flash
0,0.966216206550598,697,3dcb474b1e3e69af
1,0.8401360511779785,684,ai_the_thao_0055_GPT-5.6 Luna
1,0.8333333134651184,530,ai_kinh_te_0099_gemini-3.7-flash
0,1.131818175315857,622,1557f8d20a68d189
1,0.8423236608505249,517,ai_giao_duc_0214_gemini-3.7-flash
0,0.9453125,746,d9823ef0bc751b88
1,0.9194915294647216,497,ai_xa_hoi_0304_gemini-3.7-flash
0,0.9793103337287904,768,111ed99b8151008e
1,0.829365074634552,523,ai_the_thao_0576_gemini-3.7-flash
0,0.9369747638702391,682,069e994873461944
1,0.8697183132171631,686,ai_xa_hoi_0188_GPT-5.6 Luna
0,1.0329217910766602,643,334bb5fc7448d429
1,0.8636363744735718,685,ai_van_hoa_0663_GPT-5.6 Luna
0,0.9547325372695924,768,75e91da100f5090e
1,0.8472222089767456,686,ai_the_thao_0114_GPT-5.6 Luna
0,1.06965172290802,512,6ef3d8b6df5dbc77
1,0.9067164063453674,685,ai_xa_hoi_0575_GPT-5.6 Luna
1,0.8623188138008118,684,ai_chinh_tri_0297_GPT-5.6 Luna
1,0.8759124279022217,684,ai_van_hoa_0646_GPT-5.6 Luna
1,0.8859649300575256,518,ai_giao_duc_0546_gemini-3.7-flash
0,1.1017963886260986,768,a8b294db2e21075c
0,1.0306748151779177,512,09a80f2942e8a1d2
0,1.0076923370361328,512,bc91bfe5d896c454
1,0.8782608509063721,547,ai_van_hoa_0156_gemini-3.7-flash
0,1.073170781135559,512,6e531a05cb9ffc01
1,0.9014084339141846,550,ai_xa_hoi_0183_gemini-3.7-flash
0,0.970802903175354,512,dea3e4094841f8f3
1,0.9227467775344848,570,ai_xa_hoi_0009_gemini-3.7-flash
0,1.093220353126526,766,436b285d61d1663a
1,0.8695651888847351,684,ai_giao_duc_0536_GPT-5.6 Luna
1,0.925110161304474,599,ai_giao_duc_0149_gemini-3.7-flash
0,0.9931507110595704,512,21f8c2540e08b171
0,1.0158730745315552,768,b841dcc4bc3ab9a9
1,0.8776978254318237,685,ai_kinh_te_0357_GPT-5.6 Luna
1,0.8759124279022217,684,ai_van_hoa_0806_GPT-5.6 Luna
1,0.8510638475418091,686,ai_van_hoa_0139_GPT-5.6 Luna
1,0.8829787373542786,686,ai_giao_duc_0270_GPT-5.6 Luna
1,0.828000009059906,529,ai_the_thao_0402_gemini-3.7-flash
0,0.96484375,380,2739717530b78afd
0,0.9785714149475098,594,a55a9cb54d4152db
0,1.0303030014038086,768,f38f6c19281c5ca9
1,0.8992537260055542,685,ai_xa_hoi_0287_GPT-5.6 Luna
0,1.0915032625198364,768,40ec51a68ec8ddd0
0,0.7878788113594055,512,bc242d951950f394
0,0.9639175534248352,512,4d2aa7fed65a14ae
1,0.8991228342056274,565,ai_chinh_tri_0210_gemini-3.7-flash
0,1.0,768,d8861ddb0363c710
1,0.8695651888847351,684,ai_kinh_te_0263_GPT-5.6 Luna
1,0.8916084170341492,686,ai_the_thao_0113_GPT-5.6 Luna
0,0.9207317233085632,548,3c1fa322dd1419e8
0,0.9290780425071716,512,3e727f104c29622a
0,0.9051383137702942,657,6eef3861202153a3
1,0.8514492511749268,686,ai_kinh_te_0160_GPT-5.6 Luna
0,0.8995984196662903,580,b8390432cc426d92
0,1.0573770999908447,607,a32a9c4ee7b6c64c
1,0.912350594997406,515,ai_kinh_te_0760_gemini-3.7-flash
1,0.8586956262588501,684,ai_kinh_te_0482_GPT-5.6 Luna
1,0.85447758436203,530,ai_kinh_te_0655_gemini-3.7-flash
1,0.8617021441459656,685,ai_kinh_te_0813_GPT-5.6 Luna
1,0.8723404407501221,686,ai_kinh_te_0289_GPT-5.6 Luna
1,0.9227467775344848,570,ai_xa_hoi_0393_gemini-3.7-flash
0,0.9503816962242126,695,12170d527a2284f5
1,0.8731883764266968,686,ai_kinh_te_0637_GPT-5.6 Luna
1,0.8821428418159485,686,ai_giao_duc_0446_GPT-5.6 Luna
1,0.9227467775344848,570,ai_xa_hoi_0545_gemini-3.7-flash
0,1.0,512,ed98a0c6064c31a4
0,1.0253164768218994,768,6d3e515fdda1f6b6
1,0.8695651888847351,684,ai_the_thao_0187_GPT-5.6 Luna
0,1.043010711669922,512,11a96b1c1dedc0a9
1,0.8571428656578064,684,ai_the_thao_0112_GPT-5.6 Luna
1,0.8652482032775879,686,ai_chinh_tri_0651_GPT-5.6 Luna
1,0.8759124279022217,684,ai_van_hoa_0326_GPT-5.6 Luna
0,0.959999978542328,507,2d1f23c9b5761d8a
0,1.0227272510528564,768,d4e20ab1e0a44882
1,0.827464759349823,684,ai_van_hoa_0189_GPT-5.6 Luna
1,0.8617021441459656,685,ai_kinh_te_0093_GPT-5.6 Luna
0,1.037344455718994,676,04bec4392d0037a1
0,0.9893617033958436,676,7e16ae994716d689
0,0.9754902124404908,768,f0185f09f887ee42
0,0.9537814855575562,512,2a4e151f2ad2361e
0,0.9571428298950196,629,35af6ca595063b84
1,0.9910714030265808,550,ai_van_hoa_0298_gemini-3.7-flash
0,1.0067113637924194,680,bb806f84cd9fb592
0,0.9120370149612428,512,fa37e4ce31eecc00
1,0.8389830589294434,554,ai_the_thao_0327_gemini-3.7-flash
1,0.918660283088684,551,ai_xa_hoi_0827_gemini-3.7-flash
1,0.8978102207183838,686,ai_giao_duc_0299_GPT-5.6 Luna
0,1.0129032135009766,662,af556f69e01b2716
1,0.9230769276618958,494,ai_xa_hoi_0164_gemini-3.7-flash
0,0.8628571629524231,519,0f461674f4566754
1,0.8723404407501221,686,ai_kinh_te_0379_GPT-5.6 Luna
0,0.985365867614746,661,37a334f0893d3c60
1,0.8731883764266968,686,ai_giao_duc_0388_GPT-5.6 Luna
0,1.054877996444702,634,24e81b84bba52fd5
1,0.8776978254318237,685,ai_kinh_te_0534_GPT-5.6 Luna
0,0.8805309534072876,724,869dc92d34b2db10
1,0.8735178112983704,644,ai_kinh_te_0005_gemini-3.7-flash
1,0.8582996129989624,521,ai_the_thao_0820_gemini-3.7-flash
1,0.8952381014823914,595,ai_chinh_tri_0261_gemini-3.7-flash
0,0.8979591727256775,768,fd27b4670e5f228b
0,0.9846153855323792,658,0da06e37d755604c
0,1.115702509880066,584,bc6b12b86a14275b
1,0.9279661178588868,569,ai_xa_hoi_0381_gemini-3.7-flash
1,0.8722627758979797,683,ai_van_hoa_0006_GPT-5.6 Luna
1,0.8590308427810669,595,ai_the_thao_0049_gemini-3.7-flash
1,0.8723404407501221,685,ai_giao_duc_0328_GPT-5.6 Luna
0,1.0890052318572998,743,e2a669cb40311ffc
1,0.8666666746139526,530,ai_giao_duc_0792_gemini-3.7-flash
0,0.949999988079071,768,25f0796a028d49c1
0,0.966292142868042,512,e0230c9b66a705ec
0,1.0205479860305786,696,f4bb834c9d832876
0,0.9457013607025146,512,a1c212adaaa67d37
1,0.8758864998817444,686,ai_kinh_te_0721_GPT-5.6 Luna
0,0.9607843160629272,690,14610879eb28ee39
0,0.95652174949646,673,8786a3d8fe172b02
1,0.8813559412956238,574,ai_van_hoa_0109_gemini-3.7-flash
1,0.9194915294647216,497,ai_xa_hoi_0736_gemini-3.7-flash
1,0.9531915187835692,531,ai_xa_hoi_0758_gemini-3.7-flash
0,0.913385808467865,672,648b4dcbd6e76dbc
0,0.9593908786773682,519,69e63c7071d8b215
1,0.8723404407501221,684,ai_the_thao_0035_GPT-5.6 Luna
1,0.8496503233909607,686,ai_the_thao_0294_GPT-5.6 Luna
0,1.0,512,ba22af6122f97b06
1,0.8735178112983704,644,ai_kinh_te_0309_gemini-3.7-flash
1,0.8782608509063721,547,ai_van_hoa_0732_gemini-3.7-flash
0,0.9629629850387572,512,4ad800106828e746
1,0.8321917653083801,684,ai_chinh_tri_0060_GPT-5.6 Luna
1,0.8952381014823914,595,ai_chinh_tri_0469_gemini-3.7-flash
0,0.9507575631141664,512,5c2299506b522172
0,1.0310077667236328,574,28e3978a0a44b2eb
0,0.9444444179534912,698,1fac6728cadca816
0,1.013274312019348,619,149de752a3838d23
0,0.9863013625144958,640,b202aeac502f5005
1,0.8410041928291321,531,ai_the_thao_0542_gemini-3.7-flash
0,0.9424460530281068,531,386d6ccf815ab463
1,0.8510638475418091,685,ai_chinh_tri_0726_GPT-5.6 Luna
1,0.8991228342056274,565,ai_chinh_tri_0610_gemini-3.7-flash
1,0.8633093237876892,684,ai_chinh_tri_0405_GPT-5.6 Luna
0,0.9610389471054076,586,8feb74b330ff39f5
0,1.0616438388824463,516,da1f09100e054b71
0,0.9252336621284484,512,c5062e997053e52c
0,0.8530611991882324,660,76b5f211fcff0f76
1,0.9230769276618958,494,ai_xa_hoi_0124_gemini-3.7-flash
0,1.0,651,24a4dcc4b57ee198
0,0.9548872113227844,661,b035f1fa6cad29f5
1,0.8469387888908386,686,ai_the_thao_0201_GPT-5.6 Luna
0,1.1045751571655271,490,dbe27f019d371aa3
1,0.912350594997406,515,ai_kinh_te_0232_gemini-3.7-flash
1,0.8591549396514893,685,ai_the_thao_0038_GPT-5.6 Luna
0,0.9383561611175536,768,2553af3d33fffc61
1,0.8690476417541504,568,ai_kinh_te_0738_gemini-3.7-flash
1,0.9234449863433838,551,ai_xa_hoi_0339_gemini-3.7-flash
0,1.032679796218872,566,8cf00bc473588884
1,0.8697183132171631,686,ai_xa_hoi_0716_GPT-5.6 Luna
0,0.912663757801056,512,6beebcbf8bef46cd
0,1.0160642862319946,768,653a8411be5b85f1
0,0.8590604066848755,512,9b164a3e5355f0cc
0,1.031999945640564,536,18d08bec6cd9c8ab
1,0.8633093237876892,685,ai_kinh_te_0706_GPT-5.6 Luna
0,1.0347222089767456,554,c5050d5961721041
1,0.921641767024994,686,ai_giao_duc_0347_GPT-5.6 Luna
1,0.8686131238937378,684,ai_van_hoa_0102_GPT-5.6 Luna
0,1.0182926654815674,768,a87ea0a3b6f0598b
1,0.8731883764266968,684,ai_van_hoa_0662_GPT-5.6 Luna
1,0.9166666865348816,514,ai_kinh_te_0756_gemini-3.7-flash
0,0.8791946172714233,512,26dd544bf68e1e8d
0,1.0765026807785034,561,6b14882da80cfec8
1,0.8695651888847351,685,ai_xa_hoi_0619_GPT-5.6 Luna
1,0.8636363744735718,685,ai_the_thao_0659_GPT-5.6 Luna
0,0.959999978542328,528,25fd8362f4da65fb
0,0.985401451587677,768,b8c839ad666512c0
1,0.8652482032775879,684,ai_van_hoa_0367_GPT-5.6 Luna
0,1.01646089553833,507,2ae707f3159ad37f
1,0.8515625,567,ai_kinh_te_0070_gemini-3.7-flash
1,0.8741007447242737,686,ai_kinh_te_0368_GPT-5.6 Luna
1,0.8333333134651184,684,ai_xa_hoi_0584_GPT-5.6 Luna
1,0.8617021441459656,685,ai_kinh_te_0683_GPT-5.6 Luna
0,0.8947368264198303,681,023afd091ad99aea
0,0.977477490901947,691,6afad0fc750fe065
1,0.9004328846931458,566,ai_chinh_tri_0014_gemini-3.7-flash
1,0.8714285492897034,686,ai_xa_hoi_0057_GPT-5.6 Luna
1,0.8541666865348816,685,ai_the_thao_0236_GPT-5.6 Luna
1,0.8741007447242737,686,ai_giao_duc_0495_GPT-5.6 Luna
1,0.8576388955116272,686,ai_van_hoa_0128_GPT-5.6 Luna
1,0.9194915294647216,497,ai_xa_hoi_0104_gemini-3.7-flash
0,1.0682730674743652,624,cd03cc4432fd1b61
1,0.8426573276519775,684,ai_xa_hoi_0368_GPT-5.6 Luna
0,1.0357142686843872,684,8e742b17c1db7bca
1,0.8776978254318237,685,ai_kinh_te_0414_GPT-5.6 Luna
0,1.008474588394165,470,21da61c2d68fbd84
0,0.912350594997406,754,f7bd78510ef6ff5a
0,0.9866071343421936,678,b392ee3b974ae1d8
0,0.9554455280303956,662,1336e301f5c4c061
0,0.9120000004768372,517,d341e615c8147269
1,0.8380281925201416,684,ai_the_thao_0336_GPT-5.6 Luna
0,1.0482758283615112,681,869b052e0714d4c1
1,0.9242424368858336,596,ai_chinh_tri_0617_gemini-3.7-flash
1,0.829365074634552,523,ai_the_thao_0400_gemini-3.7-flash
1,0.8571428656578064,684,ai_the_thao_0712_GPT-5.6 Luna
0,0.98828125,632,365248d4c17a8eb4
1,0.8652482032775879,685,ai_the_thao_0610_GPT-5.6 Luna
0,1.0703125,516,946c68cc0ae56eec
0,1.1703057289123535,512,13534195337daa2a
0,1.070539474487305,240,a09b101c480746fc
0,1.051643133163452,710,c5427d34da65cb1c
1,0.8464285731315613,685,ai_van_hoa_0787_GPT-5.6 Luna
0,0.9316770434379578,645,c83c746bddfbf873
1,0.8741007447242737,686,ai_kinh_te_0128_GPT-5.6 Luna
1,0.8823529481887817,684,ai_giao_duc_0161_GPT-5.6 Luna
0,0.991150438785553,533,996a47538a633921
0,1.0,768,ae14b25fc727d912
1,0.8584070801734924,544,ai_van_hoa_0712_gemini-3.7-flash
1,0.9166666865348816,514,ai_kinh_te_0740_gemini-3.7-flash
0,0.9455782175064088,671,9bd9ce51f7f1d94a
0,0.9852941036224364,768,ee85fa3fc2c5bd68
1,0.895652174949646,545,ai_chinh_tri_0008_gemini-3.7-flash
1,0.9230769276618958,494,ai_xa_hoi_0068_gemini-3.7-flash
1,0.8840579986572266,684,ai_chinh_tri_0317_GPT-5.6 Luna
1,0.8723404407501221,685,ai_chinh_tri_0128_GPT-5.6 Luna
0,1.0205479860305786,568,1190523a6cbf864f
1,0.828000009059906,529,ai_the_thao_0186_gemini-3.7-flash
0,1.0850201845169067,512,7dc7c0e347f6985c
0,0.9300699234008788,512,4d010d01d7e183b5
1,0.8483412265777588,560,ai_giao_duc_0567_gemini-3.7-flash
0,1.0194804668426514,643,bb993be81aa7d751
1,0.8515625,567,ai_kinh_te_0774_gemini-3.7-flash
1,0.8794642686843872,544,ai_van_hoa_0032_gemini-3.7-flash
1,0.8586207032203674,685,ai_the_thao_0188_GPT-5.6 Luna
1,0.8936170339584351,686,ai_kinh_te_0201_GPT-5.6 Luna
0,0.9303797483444214,704,b48cc6fa423a58cb
1,0.8690476417541504,568,ai_kinh_te_0642_gemini-3.7-flash
1,0.8333333134651184,530,ai_kinh_te_0019_gemini-3.7-flash
0,0.9814814925193788,674,86b5db9f2a3406fa
0,0.9639999866485596,512,85592f9beffa364b
1,0.9194915294647216,497,ai_xa_hoi_0704_gemini-3.7-flash
1,0.8840579986572266,685,ai_chinh_tri_0621_GPT-5.6 Luna
0,1.0,512,1d2d4b047cd5f8d6
1,0.8586956262588501,686,ai_kinh_te_0205_GPT-5.6 Luna
1,0.8620689511299133,686,ai_the_thao_0724_GPT-5.6 Luna
0,1.0,768,e2d5b36754b7d8b3
0,0.9675324559211732,512,f72e617290eb24e6
0,0.9219858050346376,548,5b9c370e290b5f05
1,0.8652482032775879,686,ai_chinh_tri_0256_GPT-5.6 Luna
1,0.8473895788192749,521,ai_the_thao_0508_gemini-3.7-flash
0,0.9938271641731262,619,fe8b2be95e35ee5c
0,1.080291986465454,558,028b0dbf22238b06
0,0.9455782175064088,512,3754aecac885acb8
1,0.8576388955116272,686,ai_the_thao_0821_GPT-5.6 Luna
0,1.049327373504639,644,6ff257893b3f2285
0,0.9336734414100648,645,6b3f2ba4bee932ae
1,0.8496503233909607,686,ai_van_hoa_0832_GPT-5.6 Luna
1,0.9279661178588868,569,ai_xa_hoi_0741_gemini-3.7-flash
0,1.0,550,7d87d204bea6ee8e
1,0.9364407062530518,533,ai_xa_hoi_0810_gemini-3.7-flash
0,1.0,658,97398dcc0bbb103b
1,0.9166666865348816,514,ai_kinh_te_0364_gemini-3.7-flash
1,0.8389830589294434,554,ai_the_thao_0391_gemini-3.7-flash
0,0.9718875288963318,579,4595060816cba13c
1,0.8426573276519775,686,ai_xa_hoi_0170_GPT-5.6 Luna
0,0.985185205936432,768,8740e31ece7647c0
1,0.867521345615387,600,ai_giao_duc_0561_gemini-3.7-flash
1,0.8472222089767456,686,ai_the_thao_0405_GPT-5.6 Luna
1,0.9227467775344848,570,ai_xa_hoi_0441_gemini-3.7-flash
1,0.912350594997406,515,ai_kinh_te_0472_gemini-3.7-flash
1,0.8571428656578064,544,ai_van_hoa_0808_gemini-3.7-flash
0,0.961240291595459,647,ad794cd3eaaa8cc8
0,1.0872483253479004,525,11e4669c25b74e03
0,0.9771689772605896,606,eff0014932fbcb2b
0,1.2000000476837158,455,b79978294af637aa
1,0.8360000252723694,557,ai_van_hoa_0339_gemini-3.7-flash
0,0.9870967864990234,691,d5e8f9fe7e5668ca
1,0.8804348111152649,685,ai_van_hoa_0252_GPT-5.6 Luna
1,0.866906464099884,686,ai_giao_duc_0436_GPT-5.6 Luna
0,1.0,588,1a227f88a17e6650
0,0.979838728904724,609,3b10117e3cd9c506
1,0.829365074634552,523,ai_the_thao_0032_gemini-3.7-flash
0,0.9629629850387572,674,4c497e747cb903a4
0,1.0189872980117798,570,bbd166a177273994
0,0.9171974658966064,665,eaee8523fcff585d
1,0.8528138399124146,575,ai_van_hoa_0577_gemini-3.7-flash
0,0.9924812316894532,685,7728c9b7d2f361b5
0,1.0602409839630127,768,8886787d2722648e
1,0.8546099066734314,685,ai_van_hoa_0833_GPT-5.6 Luna
0,1.0229008197784424,512,d8a787b754de3396
1,0.8576388955116272,686,ai_the_thao_0301_GPT-5.6 Luna
0,1.0240963697433472,768,0d83bebeb4049749
1,0.912350594997406,515,ai_kinh_te_0816_gemini-3.7-flash
1,0.8464285731315613,685,ai_van_hoa_0667_GPT-5.6 Luna
1,0.8623188138008118,684,ai_chinh_tri_0655_GPT-5.6 Luna
1,0.9242424368858336,596,ai_chinh_tri_0465_gemini-3.7-flash
1,0.8888888955116272,518,ai_chinh_tri_0131_gemini-3.7-flash
1,0.8759124279022217,686,ai_xa_hoi_0227_GPT-5.6 Luna
1,0.8859649300575256,518,ai_giao_duc_0410_gemini-3.7-flash
1,0.8695651888847351,684,ai_kinh_te_0191_GPT-5.6 Luna
1,0.8695651888847351,686,ai_xa_hoi_0667_GPT-5.6 Luna
1,0.9014084339141846,550,ai_xa_hoi_0623_gemini-3.7-flash
1,0.8829787373542786,686,ai_kinh_te_0366_GPT-5.6 Luna
0,0.9038461446762084,529,728cb7cfe2f32f05
1,0.8423236608505249,517,ai_giao_duc_0110_gemini-3.7-flash
1,0.9166666865348816,514,ai_kinh_te_0524_gemini-3.7-flash
1,0.9531915187835692,531,ai_xa_hoi_0590_gemini-3.7-flash
0,0.996015965938568,512,aa1e5a2976c99f0b
0,1.0122449398040771,652,660a94d5a7b40bc1
0,1.0208333730697632,646,ba4768684faaff40
0,1.019736886024475,638,3c29cfa133e63ad3
1,0.8840579986572266,685,ai_kinh_te_0254_GPT-5.6 Luna
0,1.006666660308838,674,97307404c480aad9
1,0.8360000252723694,557,ai_van_hoa_0699_gemini-3.7-flash
0,1.0178571939468384,768,22174ed550e89ad2
0,1.0065360069274902,662,8c4c4c4117d2489c
0,1.1937984228134155,512,c2beea6ac10757cb
1,0.9230769276618958,494,ai_xa_hoi_0332_gemini-3.7-flash
1,0.8695651888847351,685,ai_xa_hoi_0769_GPT-5.6 Luna
1,0.8823529481887817,684,ai_giao_duc_0561_GPT-5.6 Luna
1,0.8500000238418579,684,ai_chinh_tri_0822_GPT-5.6 Luna
0,0.9457013607025146,546,e385d6e09383cc72
0,0.9014084339141846,512,d69835ea606410c5
0,0.9271523356437684,512,7c8d9e76da3d1167
0,1.0329217910766602,768,00b8bdf2ee2e512e
1,0.9910714030265808,550,ai_van_hoa_0466_gemini-3.7-flash
1,0.8661971688270569,686,ai_van_hoa_0440_GPT-5.6 Luna
1,0.8999999761581421,684,ai_kinh_te_0500_GPT-5.6 Luna
0,1.0699588060379028,768,52cc0150c694bcf6
1,0.9227467775344848,570,ai_xa_hoi_0777_gemini-3.7-flash
1,0.8804348111152649,684,ai_giao_duc_0128_GPT-5.6 Luna
1,0.8525179624557495,684,ai_van_hoa_0397_GPT-5.6 Luna
1,0.8219696879386902,555,ai_van_hoa_0647_gemini-3.7-flash
0,1.0772727727890017,512,a07a933f939266ff
1,0.8571428656578064,544,ai_van_hoa_0768_gemini-3.7-flash
0,0.9930555820465088,647,5a18dd95e324e198
1,0.904411792755127,684,ai_kinh_te_0092_GPT-5.6 Luna
1,0.8652482032775879,685,ai_chinh_tri_0400_GPT-5.6 Luna
0,1.0499999523162842,512,91f399896432d30e
0,1.0357142686843872,577,2bf350b9368b85a0
0,0.9271523356437684,768,8c41628a386008ee
0,0.9333333373069764,187,02c844c75a720567
0,0.8793103694915771,512,33e54ac7e5a4c897
1,0.8590308427810669,595,ai_the_thao_0329_gemini-3.7-flash
1,0.8829787373542786,684,ai_van_hoa_0215_GPT-5.6 Luna
1,0.8496503233909607,686,ai_the_thao_0414_GPT-5.6 Luna
1,0.8738738894462585,530,ai_giao_duc_0660_gemini-3.7-flash
1,0.8821428418159485,686,ai_giao_duc_0189_GPT-5.6 Luna
1,0.8936170339584351,686,ai_kinh_te_0681_GPT-5.6 Luna
0,0.9103139042854308,677,88526441caff6a02
0,0.9835164546966552,662,9e194ba2c3e00def
1,0.8515625,567,ai_kinh_te_0398_gemini-3.7-flash
1,0.8584070801734924,544,ai_van_hoa_0704_gemini-3.7-flash
1,0.9014084339141846,550,ai_xa_hoi_0007_gemini-3.7-flash
0,0.9367088675498962,643,a599d4ae303230e4
0,1.0214285850524902,664,08225964379618e3
0,0.96517413854599,657,078dc84ee3f74ff9
0,0.9548872113227844,534,2069777b2d4e3bc8
1,0.9014084339141846,550,ai_xa_hoi_0511_gemini-3.7-flash
0,1.0131003856658936,768,3b29c8fb70e783b0
1,0.9166666865348816,514,ai_kinh_te_0724_gemini-3.7-flash
1,0.8735178112983704,644,ai_kinh_te_0301_gemini-3.7-flash
1,0.9279661178588868,569,ai_xa_hoi_0693_gemini-3.7-flash
0,0.9105263352394104,678,2b52037eae72b934
1,0.8759124279022217,685,ai_chinh_tri_0661_GPT-5.6 Luna
0,1.007462739944458,692,6230ad4fb795cebc
0,0.9391891956329346,668,76936d88ec68c4bd
1,0.8738738894462585,530,ai_giao_duc_0020_gemini-3.7-flash
1,0.9531915187835692,531,ai_xa_hoi_0214_gemini-3.7-flash
0,1.0384615659713743,512,2528f1ff0c9c03f7
0,1.0882352590560913,615,bed26875c95cfcf9
0,0.9395973086357116,525,3bc23d10787fb525
0,1.0,768,8332a833ca9b616c
0,1.0077519416809082,525,7eb06f3cfd7b5d82
0,0.9777777791023254,768,f8daa81793b3f5f9
0,1.1189188957214355,768,23f62cfcd5a5c664
1,0.867521345615387,600,ai_giao_duc_0417_gemini-3.7-flash
0,1.0610686540603638,603,f791d025e4fe51ba
1,0.84375,684,ai_chinh_tri_0700_GPT-5.6 Luna
0,0.9082568883895874,404,720c899a9acd57f7
0,0.938144326210022,512,9092e7d0e726620b
1,0.9230769276618958,494,ai_xa_hoi_0012_gemini-3.7-flash
1,0.8439716100692749,685,ai_chinh_tri_0766_GPT-5.6 Luna
0,0.8847926259040833,751,28482d82e33d4013
1,0.8860294222831726,684,ai_giao_duc_0178_GPT-5.6 Luna
1,0.8510638475418091,685,ai_chinh_tri_0298_GPT-5.6 Luna
1,0.8360000252723694,557,ai_van_hoa_0379_gemini-3.7-flash
0,0.9677419066429138,555,0eaf63b67728d30e
1,0.84375,684,ai_chinh_tri_0388_GPT-5.6 Luna
0,1.0040322542190552,512,ee4fccea80fb59a1
1,0.8888888955116272,518,ai_chinh_tri_0683_gemini-3.7-flash
1,0.8840579986572266,686,ai_giao_duc_0095_GPT-5.6 Luna
0,1.0838323831558228,768,2cd917c5b9f07986
0,0.948387086391449,768,7eeb966f83d35d3f
0,0.961864411830902,699,8e0c8315c2000ba5
1,0.9222221970558168,684,ai_kinh_te_0428_GPT-5.6 Luna
0,0.90234375,620,18c2d5165817cfc8
1,0.8410041928291321,531,ai_the_thao_0094_gemini-3.7-flash
1,0.8576388955116272,686,ai_the_thao_0524_GPT-5.6 Luna
0,0.9509202241897584,768,3af737aff0616516
1,0.8840579986572266,685,ai_chinh_tri_0549_GPT-5.6 Luna
1,0.8500000238418579,684,ai_van_hoa_0161_GPT-5.6 Luna
1,0.8367347121238708,686,ai_the_thao_0501_GPT-5.6 Luna
0,0.9735682606697084,352,96984ed821b85110
1,0.8799999952316284,554,ai_the_thao_0435_gemini-3.7-flash
1,0.8341013789176941,561,ai_giao_duc_0107_gemini-3.7-flash
0,0.9869281053543092,768,17b0b8bc6c1413b3
0,1.0925110578536987,768,259d3822c284e0cd
1,0.8333333134651184,530,ai_kinh_te_0787_gemini-3.7-flash
0,1.0074074268341064,512,a71eb7461e98f3d1
0,0.9885714054107666,540,46638536c7ad0db8
0,1.0696202516555786,533,2ecc0c00a3110ecf
0,1.015625,572,0089972008b4589d
1,0.8661971688270569,686,ai_van_hoa_0648_GPT-5.6 Luna
0,0.9857142567634584,668,f33e82df3be10de6
1,0.8617021441459656,685,ai_xa_hoi_0353_GPT-5.6 Luna
0,0.9740259647369384,701,b59f1b8bcdda875d
0,0.8907103538513184,768,0be9b03610196b38
0,0.9831932783126832,512,86b7285fda0778b9
1,0.9531915187835692,531,ai_xa_hoi_0406_gemini-3.7-flash
1,0.925110161304474,599,ai_giao_duc_0461_gemini-3.7-flash
0,0.8666666746139526,512,f7f24fcb72aafb1a
1,0.8360000252723694,557,ai_van_hoa_0163_gemini-3.7-flash
0,1.0,768,50d336dc08ce58ed
1,0.8333333134651184,530,ai_kinh_te_0155_gemini-3.7-flash
1,0.8546099066734314,686,ai_chinh_tri_0579_GPT-5.6 Luna
0,0.9327354431152344,581,9a31494d3d4d2634
1,0.8617021441459656,685,ai_van_hoa_0417_GPT-5.6 Luna
0,0.9439252614974976,681,11b8c170b89a2de8
1,0.8860294222831726,686,ai_xa_hoi_0555_GPT-5.6 Luna
0,0.9559999704360962,669,7db03eabe7b4b251
1,0.8999999761581421,684,ai_kinh_te_0524_GPT-5.6 Luna
0,0.9821428656578064,768,5ec20d082527e6c5
1,0.8607142567634583,686,ai_xa_hoi_0005_GPT-5.6 Luna
1,0.8916084170341492,686,ai_the_thao_0593_GPT-5.6 Luna
1,0.8735178112983704,644,ai_kinh_te_0157_gemini-3.7-flash
0,0.9770992398262024,658,93ebfcdddb94c363
1,0.9404255151748656,533,ai_xa_hoi_0586_gemini-3.7-flash
0,0.9367088675498962,643,7cac25bcffa29b0d
1,0.8219696879386902,555,ai_van_hoa_0719_gemini-3.7-flash
0,0.964028775691986,532,da7c25ee7c4d7a87
0,0.947154462337494,512,15644378c9527fed
0,1.0133333206176758,512,1acacc212a235638
0,1.0487804412841797,629,efc13d94e79c2720
1,0.912350594997406,515,ai_kinh_te_0496_gemini-3.7-flash
1,0.8755555748939514,513,ai_chinh_tri_0655_gemini-3.7-flash
1,0.8219696879386902,555,ai_van_hoa_0079_gemini-3.7-flash
0,0.9673202633857728,768,cb3789a62edacea4
1,0.8661971688270569,686,ai_the_thao_0444_GPT-5.6 Luna
1,0.912350594997406,515,ai_kinh_te_0152_gemini-3.7-flash
0,0.9924812316894532,512,e47ae61fff0fe53b
0,1.0215827226638794,512,b89d52522a52e130
0,0.9813664555549622,687,9500ea9df70663dd
1,0.8360000252723694,557,ai_van_hoa_0531_gemini-3.7-flash
1,0.895652174949646,545,ai_chinh_tri_0072_gemini-3.7-flash
1,0.9531915187835692,531,ai_xa_hoi_0502_gemini-3.7-flash
0,1.0,549,2d6c49e89d7f8d85
1,0.8884891867637634,686,ai_giao_duc_0143_GPT-5.6 Luna
0,0.8051470518112183,768,1d61f6985868ee4f
1,0.8525179624557495,685,ai_chinh_tri_0294_GPT-5.6 Luna
0,1.0865384340286257,512,848617dc6066e40a
1,0.9194915294647216,497,ai_xa_hoi_0384_gemini-3.7-flash
1,0.8473895788192749,521,ai_the_thao_0388_gemini-3.7-flash
1,0.84375,684,ai_chinh_tri_0460_GPT-5.6 Luna
1,0.8949275612831116,686,ai_giao_duc_0367_GPT-5.6 Luna
0,0.9767441749572754,652,8152f01762100129
1,0.83984375,555,ai_van_hoa_0055_gemini-3.7-flash
1,0.8731883764266968,686,ai_kinh_te_0472_GPT-5.6 Luna
1,0.9531915187835692,531,ai_xa_hoi_0702_gemini-3.7-flash
0,0.9915611743927002,512,a09ecaef5d070eee
0,0.9406392574310304,512,1695ef120c572673
1,0.8859649300575256,518,ai_giao_duc_0658_gemini-3.7-flash
1,0.8341013789176941,561,ai_giao_duc_0539_gemini-3.7-flash
0,0.91847825050354,768,66b9c31d9e5608d2
1,0.912350594997406,515,ai_kinh_te_0344_gemini-3.7-flash
0,0.9379310607910156,653,01720f124e01f782
1,0.8582996129989624,521,ai_the_thao_0804_gemini-3.7-flash
1,0.9404255151748656,533,ai_xa_hoi_0738_gemini-3.7-flash
1,0.9227467775344848,570,ai_xa_hoi_0689_gemini-3.7-flash
1,0.925110161304474,599,ai_giao_duc_0357_gemini-3.7-flash
1,0.8952381014823914,595,ai_chinh_tri_0557_gemini-3.7-flash
0,0.9496402740478516,512,c3849c3ec00c204c
0,1.0147058963775637,512,b213fb7b8038bbfc
1,0.8755555748939514,513,ai_chinh_tri_0455_gemini-3.7-flash
1,0.8731883764266968,684,ai_chinh_tri_0191_GPT-5.6 Luna
1,0.8219696879386902,555,ai_van_hoa_0159_gemini-3.7-flash
0,0.9929078221321106,706,3980b1394c900064
0,0.918749988079071,512,4e80655e11ed70ce
0,0.9924812316894532,679,0e2c562903b3bde5
0,0.95652174949646,580,6055c21d3302cd0c
0,1.0896551609039309,691,cb9c09b1ac870a64
0,1.0285714864730835,768,d989ae0eb6b0bc00
1,0.8546099066734314,686,ai_chinh_tri_0699_GPT-5.6 Luna
1,0.8546099066734314,686,ai_van_hoa_0424_GPT-5.6 Luna
1,0.867521345615387,600,ai_giao_duc_0569_gemini-3.7-flash
0,1.0368421077728271,679,795ceca8d1dd8a03
1,0.8584070801734924,544,ai_van_hoa_0632_gemini-3.7-flash
1,0.8738738894462585,530,ai_giao_duc_0428_gemini-3.7-flash
0,1.1833332777023315,512,35506f1e1723dea3
1,0.8590308427810669,595,ai_the_thao_0233_gemini-3.7-flash
0,0.9621211886405944,580,376bf7906a12e642
1,0.8652482032775879,684,ai_van_hoa_0007_GPT-5.6 Luna
1,0.9166666865348816,514,ai_kinh_te_0284_gemini-3.7-flash
0,1.0361990928649902,615,f38c72330075a96f
0,0.9923664331436156,658,1e8d75d48eae24ee
0,0.967346966266632,768,a96469998377afec
1,0.8686131238937378,684,ai_van_hoa_0342_GPT-5.6 Luna
0,0.9919028282165528,676,3c90327d63bdecfd
1,0.8723404407501221,685,ai_the_thao_0578_GPT-5.6 Luna
1,0.8799999952316284,554,ai_the_thao_0819_gemini-3.7-flash
0,0.8843283653259277,636,7a5444fb233af51b
0,0.9319999814033508,512,2cda4765efb261cd
0,0.9240506291389464,694,50bd868af8baf3eb
0,1.0413793325424194,768,5479def4193ad396
0,0.9934210777282716,717,0bfafc0dea037b7d
1,0.8804348111152649,685,ai_chinh_tri_0709_GPT-5.6 Luna
0,1.0352113246917725,512,084de5ec0c09205a
0,1.021897792816162,512,cb28e83a3a7b57bc
0,1.0839694738388062,580,40a95a3361e1a746
1,0.8216783404350281,684,ai_the_thao_0528_GPT-5.6 Luna
0,1.0292682647705078,768,3de759681a34afdc
1,0.9531915187835692,531,ai_xa_hoi_0662_gemini-3.7-flash
1,0.9234449863433838,551,ai_xa_hoi_0131_gemini-3.7-flash
0,0.99319726228714,512,24ee600298c596ed
1,0.9234449863433838,551,ai_xa_hoi_0675_gemini-3.7-flash
1,0.9404255151748656,533,ai_xa_hoi_0066_gemini-3.7-flash
0,0.9852941036224364,512,fbfc2d90c307b381
1,0.9910714030265808,550,ai_van_hoa_0370_gemini-3.7-flash
1,0.8546099066734314,687,ai_van_hoa_0580_GPT-5.6 Luna
0,1.0240963697433472,512,986c6a149f60679a
1,0.8888888955116272,643,ai_kinh_te_0617_gemini-3.7-flash
0,0.9595375657081604,512,7e21eb9eaf5a77d0
1,0.9014084339141846,550,ai_xa_hoi_0615_gemini-3.7-flash
0,1.06965172290802,646,7eae62d48be54e34
0,0.9736841917037964,512,20a6a3773cfa2568
0,0.8721804618835449,512,aedcdfbd3cf234f6
1,0.8500000238418579,685,ai_chinh_tri_0814_GPT-5.6 Luna
0,1.0645161867141724,512,568a9db26a1a9da2
0,0.904411792755127,462,c881c617de3cc3b5
0,1.0970149040222168,660,bdaf4af78271c5f1
1,0.9279661178588868,569,ai_xa_hoi_0229_gemini-3.7-flash
0,0.952054798603058,640,cc5e539fe1d95e1a
1,0.8991228342056274,565,ai_chinh_tri_0794_gemini-3.7-flash
0,1.0117647647857666,768,6025af0d1fe95f16
0,1.057554006576538,525,d715cd5707b1664a
0,0.9556650519371032,655,cb303f90d93685c2
0,1.0065360069274902,768,6a5d5a06f6befc31
1,0.8782608509063721,547,ai_van_hoa_0524_gemini-3.7-flash
0,1.0182926654815674,632,80165fdce04ff5c8
1,0.8661971688270569,686,ai_xa_hoi_0298_GPT-5.6 Luna
1,0.8391608595848083,684,ai_the_thao_0664_GPT-5.6 Luna
0,1.0136054754257202,512,0153fe9c1771a0b1
0,1.0507246255874634,512,9f1fb468b633c2e9
1,0.8785714507102966,686,ai_xa_hoi_0276_GPT-5.6 Luna
1,0.8813559412956238,574,ai_van_hoa_0757_gemini-3.7-flash
0,0.9594594836235046,675,1093c966f9cb52ad
1,0.9227467775344848,570,ai_xa_hoi_0641_gemini-3.7-flash
0,0.9918699264526368,712,75e269d2afbf2df7
1,0.8829787373542786,685,ai_kinh_te_0339_GPT-5.6 Luna
1,0.8884891867637634,685,ai_the_thao_0562_GPT-5.6 Luna
1,0.8888888955116272,686,ai_the_thao_0425_GPT-5.6 Luna
0,0.9108527302742004,696,d65d3e8aa932d128
1,0.9166666865348816,514,ai_kinh_te_0548_gemini-3.7-flash
1,0.8546099066734314,686,ai_chinh_tri_0451_GPT-5.6 Luna
1,0.8868613243103027,684,ai_chinh_tri_0597_GPT-5.6 Luna
1,0.8392857313156128,684,ai_chinh_tri_0270_GPT-5.6 Luna
1,0.8333333134651184,530,ai_kinh_te_0027_gemini-3.7-flash
1,0.9910714030265808,550,ai_van_hoa_0234_gemini-3.7-flash
1,0.828000009059906,529,ai_the_thao_0586_gemini-3.7-flash
0,0.9591836929321288,512,c2f4e38ac8f721e8
1,0.8561151027679443,684,ai_van_hoa_0771_GPT-5.6 Luna
1,0.8649635314941406,684,ai_kinh_te_0530_GPT-5.6 Luna
1,0.8678571581840515,686,ai_chinh_tri_0011_GPT-5.6 Luna
1,0.8731883764266968,684,ai_kinh_te_0399_GPT-5.6 Luna
0,1.0579710006713867,512,c03454e331e6391c
0,1.1293103694915771,512,25f5e4d713fc92be
1,0.8439716100692749,686,ai_xa_hoi_0581_GPT-5.6 Luna
1,0.8949275612831116,686,ai_giao_duc_0247_GPT-5.6 Luna
0,1.0,638,e80481dc917d71ea
0,1.0143884420394895,682,0a78081dffa4229f
0,0.971222996711731,544,f77aae84347e8432
1,0.8515625,567,ai_kinh_te_0438_gemini-3.7-flash
0,0.9211618304252625,692,f6bf8269728dceba
0,0.9861111044883728,642,9a3e42cbe4ca13d4
0,1.0098038911819458,512,1b0b5dc74775c350
1,0.8546099066734314,685,ai_kinh_te_0270_GPT-5.6 Luna
1,0.8888888955116272,518,ai_chinh_tri_0195_gemini-3.7-flash
0,0.9930070042610168,587,69913111b5e22d97
0,1.0675675868988037,626,f7107549afc9c4ed
1,0.8368794322013855,683,ai_xa_hoi_0816_GPT-5.6 Luna
0,1.0,656,85e94271a1efc07a
1,0.8978102207183838,686,ai_giao_duc_0059_GPT-5.6 Luna
1,0.8690476417541504,568,ai_kinh_te_0002_gemini-3.7-flash
1,0.9014084339141846,550,ai_xa_hoi_0207_gemini-3.7-flash
0,0.9726027250289916,691,b225126b293e6bd9
1,0.8888888955116272,686,ai_the_thao_0185_GPT-5.6 Luna
0,0.9882352948188782,512,576cbdd492bb577d
1,0.8829787373542786,686,ai_kinh_te_0326_GPT-5.6 Luna
0,0.921875,768,d87cf77be707e330
1,0.8829787373542786,686,ai_giao_duc_0030_GPT-5.6 Luna
1,0.8695651888847351,685,ai_chinh_tri_0290_GPT-5.6 Luna
1,0.8453237414360046,684,ai_chinh_tri_0662_GPT-5.6 Luna
1,0.8439716100692749,684,ai_van_hoa_0133_GPT-5.6 Luna
0,0.9891892075538636,659,26ae1c4839332878
0,0.9581395387649536,675,38fc70e1a8fc52f0
1,0.8389830589294434,554,ai_the_thao_0679_gemini-3.7-flash
1,0.828000009059906,529,ai_the_thao_0130_gemini-3.7-flash
1,0.85447758436203,530,ai_kinh_te_0535_gemini-3.7-flash
0,1.0206611156463623,655,eed731fa350a11fc
0,0.9424460530281068,512,d1e68399510b4bf5
1,0.8633093237876892,686,ai_kinh_te_0824_GPT-5.6 Luna
1,0.8690476417541504,568,ai_kinh_te_0586_gemini-3.7-flash
0,0.9839357137680054,768,015a1f2c2e1e2ca8
0,0.9817073345184326,768,119de35640af3d6c
0,0.925110161304474,717,465f3b9e8a218a4b
0,0.9668049812316896,678,2cf3654ef88d5af4
0,0.995708167552948,512,08c91d3a121ad38f
0,0.9585798978805542,678,4077177a5669bfa1
1,0.8591549396514893,685,ai_the_thao_0350_GPT-5.6 Luna
1,0.8639705777168274,684,ai_giao_duc_0577_GPT-5.6 Luna
1,0.84375,686,ai_van_hoa_0529_GPT-5.6 Luna
1,0.8723404407501221,684,ai_the_thao_0755_GPT-5.6 Luna
0,1.0,633,c590eacdcd78d170
1,0.8368055820465088,684,ai_van_hoa_0631_GPT-5.6 Luna
0,1.0354609489440918,512,50a44f3d8d7ac248
0,1.0772947072982788,767,6a47accd654e80e7
0,0.9843137264251708,768,d85e4c6e23241d16
0,0.9865771532058716,512,df326242a23334c1
0,1.0078125,726,7b21bfd8984909fb
1,0.8991228342056274,565,ai_chinh_tri_0250_gemini-3.7-flash
0,0.9473684430122375,687,0b23c1f1f9f4635d
0,0.9583333134651184,512,afa8d5824c87ce32
1,0.8999999761581421,686,ai_giao_duc_0531_GPT-5.6 Luna
1,0.9060150384902954,685,ai_xa_hoi_0607_GPT-5.6 Luna
1,0.8607142567634583,685,ai_xa_hoi_0582_GPT-5.6 Luna
1,0.8733624219894409,545,ai_chinh_tri_0244_gemini-3.7-flash
0,1.040816307067871,512,59507f23f2f926e5
0,0.9642857313156128,512,feed70fe49ef9520
0,1.078125,577,92a2188a6be1d83d
1,0.8782608509063721,547,ai_van_hoa_0300_gemini-3.7-flash
0,1.073446273803711,642,a97e59824bcd847f
0,0.956250011920929,512,c06b3dc6590cc222
0,0.8875969052314758,768,dbde37e8df6881b9
0,0.9959514141082764,517,e269c47c63730753
1,0.8782608509063721,547,ai_van_hoa_0484_gemini-3.7-flash
1,0.8341013789176941,561,ai_giao_duc_0203_gemini-3.7-flash
1,0.8652482032775879,686,ai_xa_hoi_0813_GPT-5.6 Luna
0,0.9729729890823364,602,cfc6efd817b32f86
0,0.900943398475647,768,745c955ee5825294
0,0.9314516186714172,669,8bf0223422cd787c
1,0.8510638475418091,685,ai_chinh_tri_0658_GPT-5.6 Luna
1,0.8652482032775879,684,ai_van_hoa_0247_GPT-5.6 Luna
0,0.9607843160629272,768,45177bb9636363ba
1,0.9531915187835692,531,ai_xa_hoi_0102_gemini-3.7-flash
1,0.8758864998817444,685,ai_van_hoa_0735_GPT-5.6 Luna
0,1.006993055343628,512,bce1a05929d69296
0,0.9864253401756288,678,18e91e97955c802d
1,0.8888888955116272,518,ai_chinh_tri_0507_gemini-3.7-flash
0,1.0084388256072998,512,7a67efc8153d11be
0,0.963235318660736,512,343c7b83dc87b981
1,0.8590308427810669,595,ai_the_thao_0273_gemini-3.7-flash
0,0.8962655663490295,557,38239ff3a7a361ce
1,0.8496503233909607,685,ai_van_hoa_0596_GPT-5.6 Luna
0,1.0082987546920776,507,aeb34774eb7f806c
0,0.921875,768,b20fe43a306a3ed7
1,0.9104477763175964,685,ai_xa_hoi_0495_GPT-5.6 Luna
1,0.8689655065536499,686,ai_the_thao_0809_GPT-5.6 Luna
1,0.8473895788192749,521,ai_the_thao_0436_gemini-3.7-flash
1,0.8723404407501221,685,ai_kinh_te_0078_GPT-5.6 Luna
1,0.8695651888847351,685,ai_xa_hoi_0774_GPT-5.6 Luna
0,1.0,768,81ef56e6c733fead
0,1.058823585510254,512,164b82826ce93353
1,0.8703703880310059,684,ai_giao_duc_0433_GPT-5.6 Luna
1,0.8859649300575256,518,ai_giao_duc_0466_gemini-3.7-flash
0,0.97826087474823,512,19255bcc4a5e3b47
1,0.8888888955116272,643,ai_kinh_te_0241_gemini-3.7-flash
0,0.9155844449996948,519,4c4e14c629df8d31
0,0.9895287752151488,686,4be70384249d7f1c
0,0.9482071995735168,639,3277cd85c1935895
0,0.9948453903198242,512,29efcf85006f0b4f
0,0.9788732528686525,512,f2217790126c6c88
0,0.8061224222183228,506,2c1a45ddfa60be40
0,0.942307710647583,768,2e1929fe171dc062
1,0.8607142567634583,685,ai_xa_hoi_0102_GPT-5.6 Luna
0,0.9552238583564758,680,7b5e3eaf446a3623
1,0.9242424368858336,596,ai_chinh_tri_0201_gemini-3.7-flash
0,1.0,701,5a54991a674ce6c5
0,1.0246913433074951,713,8de2da58e09065a0
0,0.9636363387107848,673,ab8ecbf326fe9179
1,0.9531915187835692,531,ai_xa_hoi_0022_gemini-3.7-flash
0,1.0074074268341064,512,47f0e2ee21064010
1,0.8991228342056274,565,ai_chinh_tri_0154_gemini-3.7-flash
1,0.895652174949646,545,ai_chinh_tri_0744_gemini-3.7-flash
1,0.8777777552604675,684,ai_xa_hoi_0743_GPT-5.6 Luna
0,1.0362694263458252,512,46cb186c890d198a
1,0.8741007447242737,686,ai_van_hoa_0804_GPT-5.6 Luna
1,0.9222221970558168,684,ai_kinh_te_0188_GPT-5.6 Luna
0,1.0279719829559326,664,f881cdf197102c59
0,0.9470198750495912,522,fe7ee3398c64ff43
1,0.8666666746139526,530,ai_giao_duc_0400_gemini-3.7-flash
0,0.9508196711540222,768,ec5ee15a1db857f0
1,0.8531468510627747,686,ai_xa_hoi_0442_GPT-5.6 Luna
0,0.9577465057373048,674,9f022b55464d886e
1,0.8633093237876892,684,ai_van_hoa_0558_GPT-5.6 Luna
1,0.8733624219894409,545,ai_chinh_tri_0452_gemini-3.7-flash
0,1.0123456716537476,512,63fcfa1ad512c9fe
1,0.8389830589294434,554,ai_the_thao_0447_gemini-3.7-flash
0,1.0495867729187012,512,a29667a39101257f
1,0.8738738894462585,530,ai_giao_duc_0796_gemini-3.7-flash
1,0.9531915187835692,531,ai_xa_hoi_0310_gemini-3.7-flash
1,0.8333333134651184,530,ai_kinh_te_0499_gemini-3.7-flash
0,1.0401785373687744,768,1c078d4fc1126ba4
1,0.8813559412956238,574,ai_van_hoa_0085_gemini-3.7-flash
0,0.9677419066429138,512,fbfce88d29513f44
0,1.0810810327529907,512,97716b9df1c3bc10
0,0.8832116723060608,660,2617fa3434d447a6
1,0.8576388955116272,686,ai_the_thao_0284_GPT-5.6 Luna
1,0.8483412265777588,560,ai_giao_duc_0119_gemini-3.7-flash
0,1.0460525751113892,512,7cc41f94836c5e36
0,0.8712446093559265,768,a80c0dab9ee37794
1,0.8735178112983704,644,ai_kinh_te_0229_gemini-3.7-flash
0,1.0225564241409302,715,5dfd4ded65f7e517
0,1.0507246255874634,557,f7d73762ab691f30
1,0.9404255151748656,533,ai_xa_hoi_0242_gemini-3.7-flash
0,1.0124223232269287,768,e6a59e1da22f1679
0,0.9793103337287904,768,4c4fe0e36dcdd249
1,0.8713235259056091,684,ai_giao_duc_0105_GPT-5.6 Luna
0,1.0491071939468384,729,ae9fde8a2a8193c7
0,0.9659863710403442,512,5bac34ed256d1a06
1,0.8661971688270569,686,ai_van_hoa_0168_GPT-5.6 Luna
1,0.875,684,ai_kinh_te_0719_GPT-5.6 Luna
1,0.8738738894462585,530,ai_giao_duc_0732_gemini-3.7-flash
1,0.8633093237876892,686,ai_kinh_te_0584_GPT-5.6 Luna
0,1.0357142686843872,768,68adde7b4b8fc5bc
0,0.8767123222351074,671,171286d1709d6b70
1,0.9060150384902954,685,ai_xa_hoi_0367_GPT-5.6 Luna
0,1.076923131942749,504,5b05d9f7000fce38
0,1.105555534362793,645,c9a2378de07c1170
1,0.8219696879386902,555,ai_van_hoa_0295_gemini-3.7-flash
0,1.0,768,d247152cb68e5203
0,0.9932885766029358,616,a749610f5acbcc2e
0,0.9380165338516236,512,d603b9344aba819a
1,0.9383260011672974,551,ai_van_hoa_0734_gemini-3.7-flash
0,0.8503649830818176,582,b02a0c6506f1d9d7
1,0.895652174949646,545,ai_chinh_tri_0040_gemini-3.7-flash
1,0.8731883764266968,684,ai_chinh_tri_0783_GPT-5.6 Luna
1,0.9531915187835692,531,ai_xa_hoi_0654_gemini-3.7-flash
0,1.0462428331375122,740,ce5ef5f1abaada64
0,0.9779411554336548,681,da2d293758dbee78
0,0.9874213933944702,671,023f4d6ea85c5aea
0,0.979865789413452,768,2580f7d5e49a9859
1,0.8888888955116272,643,ai_kinh_te_0513_gemini-3.7-flash
1,0.8678571581840515,684,ai_van_hoa_0407_GPT-5.6 Luna
0,1.0155038833618164,512,c1879ed370c097c9
1,0.8840579986572266,684,ai_chinh_tri_0437_GPT-5.6 Luna
0,1.0136985778808594,512,7018261125287439
1,0.8860294222831726,684,ai_giao_duc_0658_GPT-5.6 Luna
0,0.9784482717514038,502,09b1cd468f6c6074
0,0.9471365809440612,564,d40b142a9f827447
0,1.0629370212554932,553,3cc23d1d59a1a197
0,0.9652777910232544,513,b20de03f373ff0b6
0,0.9938271641731262,648,1c440e0b3c311917
1,0.9531915187835692,531,ai_xa_hoi_0222_gemini-3.7-flash
1,0.8510638475418091,685,ai_chinh_tri_0778_GPT-5.6 Luna
1,0.8636363744735718,685,ai_xa_hoi_0393_GPT-5.6 Luna
1,0.8714285492897034,685,ai_xa_hoi_0009_GPT-5.6 Luna
0,0.9277108311653136,583,61151de4c3a49372
1,0.8723404407501221,686,ai_xa_hoi_0542_GPT-5.6 Luna
0,0.9060150384902954,680,957830a137b1a984
0,0.9870967864990234,549,ad9f08ff730e40aa
0,0.952054798603058,597,27317433399ebfce
0,0.9928571581840516,567,c20499655d3a6686
1,0.9067164063453674,684,ai_giao_duc_0762_GPT-5.6 Luna
0,0.9855072498321532,768,fda42b8a35563f21
0,1.0234375,768,efe6fbf1e24cbad9
0,0.850806474685669,622,6fa10bd2d77586bc
1,0.8713235259056091,685,ai_chinh_tri_0569_GPT-5.6 Luna
1,0.8561151027679443,685,ai_van_hoa_0635_GPT-5.6 Luna
0,0.9428571462631226,527,dac1739bafd3c27c
0,0.9214285612106324,512,2dadac881e10de79
1,0.8500000238418579,684,ai_the_thao_0720_GPT-5.6 Luna
0,1.028777003288269,571,652937afb50c861f
1,0.8500000238418579,683,ai_van_hoa_0221_GPT-5.6 Luna
1,0.8735178112983704,644,ai_kinh_te_0597_gemini-3.7-flash
1,0.8738738894462585,530,ai_giao_duc_0060_gemini-3.7-flash
1,0.9234449863433838,551,ai_xa_hoi_0051_gemini-3.7-flash
0,0.9416058659553528,512,b8f7c54eb472fba9
0,0.8873239159584045,558,408667a299b88f60
1,0.8731883764266968,684,ai_chinh_tri_0773_GPT-5.6 Luna
0,0.9959999918937684,512,f7749ebfdb2a6d4b
1,0.8695651888847351,684,ai_chinh_tri_0101_GPT-5.6 Luna
0,1.0206611156463623,512,93e1604a5934604f
1,0.9531915187835692,531,ai_xa_hoi_0182_gemini-3.7-flash
1,0.8286713361740112,685,ai_van_hoa_0616_GPT-5.6 Luna
1,0.8623188138008118,685,ai_xa_hoi_0451_GPT-5.6 Luna
0,0.9931507110595704,546,b72a30d810b0c00d
1,0.8782608509063721,547,ai_van_hoa_0212_gemini-3.7-flash
0,0.9171974658966064,652,0af6aa41e94fafd9
1,0.9227467775344848,570,ai_xa_hoi_0145_gemini-3.7-flash
1,0.8423236608505249,517,ai_giao_duc_0270_gemini-3.7-flash
0,1.0845770835876465,646,c9d4bb14b2c1db40
0,0.92946058511734,512,26ebb5a9f6985f76
0,0.9478672742843628,675,19ffd93df8507e80
0,1.047619104385376,531,de3e644e9d154617
1,0.8859649300575256,518,ai_giao_duc_0322_gemini-3.7-flash
1,0.8888888955116272,518,ai_chinh_tri_0395_gemini-3.7-flash
1,0.8666666746139526,530,ai_giao_duc_0480_gemini-3.7-flash
1,0.8636363744735718,685,ai_the_thao_0779_GPT-5.6 Luna
0,0.9656488299369812,603,e5a0a12f2073b62f
1,0.8799999952316284,554,ai_the_thao_0443_gemini-3.7-flash
0,0.9160584211349488,512,0825408674103972
1,0.8776978254318237,685,ai_kinh_te_0597_GPT-5.6 Luna
0,0.9360730648040771,768,ff85f6f3b359ce83
0,0.940397322177887,578,a51ee7444ab13157
1,0.9111111164093018,686,ai_giao_duc_0131_GPT-5.6 Luna
1,0.8417266011238098,684,ai_chinh_tri_0598_GPT-5.6 Luna
0,0.9807692170143129,728,7e7155099d3675e4
0,1.0208333730697632,712,7f126557346d8153
0,1.0264900922775269,676,1bb941eea208b65b
1,0.867521345615387,600,ai_giao_duc_0009_gemini-3.7-flash
0,0.9195402264595032,541,87d728972674e96c
1,0.8576388955116272,686,ai_the_thao_0404_GPT-5.6 Luna
1,0.9060150384902954,684,ai_giao_duc_0050_GPT-5.6 Luna
0,0.965384602546692,617,35e638e9406ed0de
0,1.0064934492111206,532,526493dcd13cac99
0,1.0,670,d2436886beb5ca2e
0,1.1461538076400757,512,d2f777bcd890ae8b
0,0.8717948794364929,308,e1eccfbde326acef
0,0.9659863710403442,688,8808098086b6e686
1,0.8546099066734314,685,ai_the_thao_0210_GPT-5.6 Luna
1,0.8741007447242737,686,ai_kinh_te_0608_GPT-5.6 Luna
1,0.9383260011672974,551,ai_van_hoa_0150_gemini-3.7-flash
1,0.8723404407501221,686,ai_xa_hoi_0533_GPT-5.6 Luna
1,0.8758864998817444,686,ai_kinh_te_0481_GPT-5.6 Luna
1,0.8804348111152649,685,ai_kinh_te_0069_GPT-5.6 Luna
1,0.8666666746139526,530,ai_giao_duc_0632_gemini-3.7-flash
0,1.0296610593795776,768,236a6a866421809d
1,0.828000009059906,529,ai_the_thao_0330_gemini-3.7-flash
0,1.0,768,cd77f77e083e731f
0,0.9811320900917052,768,d7e1093694445b30
1,0.8652482032775879,685,ai_chinh_tri_0280_GPT-5.6 Luna
1,0.8738738894462585,530,ai_giao_duc_0492_gemini-3.7-flash
1,0.8500000238418579,683,ai_van_hoa_0581_GPT-5.6 Luna
0,1.0065360069274902,568,37afbdb391b4a702
1,0.9234449863433838,551,ai_xa_hoi_0651_gemini-3.7-flash
0,0.9604743123054504,768,6ecce7ce8ccb442f
0,1.0125000476837158,696,77d0051864beb40b
1,0.8666666746139526,530,ai_giao_duc_0648_gemini-3.7-flash
1,0.8868613243103027,686,ai_giao_duc_0099_GPT-5.6 Luna
1,0.8286713361740112,685,ai_van_hoa_0136_GPT-5.6 Luna
0,1.0666667222976685,512,62c83d3fcc2c455f
0,1.0833333730697632,616,e0fdd1939eaa776f
1,0.9194915294647216,497,ai_xa_hoi_0440_gemini-3.7-flash
0,0.937062919139862,531,adc6ea67c55f6d80
1,0.8360000252723694,557,ai_van_hoa_0507_gemini-3.7-flash
0,0.9448275566101074,768,57747fc423f6fda1
1,0.9383260011672974,551,ai_van_hoa_0558_gemini-3.7-flash
0,1.037037014961243,512,dc2b2aed3c492fb5
1,0.8695651888847351,685,ai_chinh_tri_0770_GPT-5.6 Luna
0,1.0742357969284058,512,2d58dac167f1f2f4
1,0.8541666865348816,686,ai_the_thao_0469_GPT-5.6 Luna
0,0.9927536249160768,637,e0748aa6118dc5c1
1,0.8905109763145447,684,ai_kinh_te_0807_GPT-5.6 Luna
0,1.029411792755127,737,ce7c069c6fe10d85
1,0.8617021441459656,686,ai_van_hoa_0313_GPT-5.6 Luna
1,0.8777777552604675,684,ai_giao_duc_0609_GPT-5.6 Luna
1,0.8360000252723694,557,ai_van_hoa_0579_gemini-3.7-flash
0,0.9246575236320496,768,9ec8d2b9ad522354
0,1.075187921524048,512,e1a16d8c1d26bab0
1,0.9004328846931458,566,ai_chinh_tri_0590_gemini-3.7-flash
1,0.85447758436203,530,ai_kinh_te_0383_gemini-3.7-flash
0,0.9801324605941772,512,80282b7c605ce3ba
1,0.8678571581840515,684,ai_van_hoa_0287_GPT-5.6 Luna
1,0.8991228342056274,565,ai_chinh_tri_0546_gemini-3.7-flash
1,0.9037036895751952,684,ai_kinh_te_0604_GPT-5.6 Luna
0,0.9701492786407472,754,ce34fd7e8cbf835d
1,0.8586207032203674,685,ai_the_thao_0548_GPT-5.6 Luna
1,0.8561151027679443,684,ai_van_hoa_0171_GPT-5.6 Luna
1,0.8464285731315613,684,ai_kinh_te_0418_GPT-5.6 Luna
1,0.925110161304474,599,ai_giao_duc_0773_gemini-3.7-flash
0,0.9760000109672546,671,bec4bb75e44ef2bb
1,0.8473895788192749,521,ai_the_thao_0292_gemini-3.7-flash
1,0.9234449863433838,551,ai_xa_hoi_0659_gemini-3.7-flash
1,0.8423236608505249,517,ai_giao_duc_0102_gemini-3.7-flash
1,0.881118893623352,686,ai_the_thao_0825_GPT-5.6 Luna
1,0.912350594997406,515,ai_kinh_te_0464_gemini-3.7-flash
1,0.895652174949646,545,ai_chinh_tri_0088_gemini-3.7-flash
0,0.9044585824012756,768,475fa019f3fca87f
0,0.9590908885002136,768,a1276f961cbd479e
0,0.9007633328437804,709,8112c169909e3da9
1,0.8464285731315613,685,ai_van_hoa_0547_GPT-5.6 Luna
1,0.8590308427810669,595,ai_the_thao_0497_gemini-3.7-flash
0,0.9668246507644652,604,db7a12651d041a93
1,0.8333333134651184,530,ai_kinh_te_0379_gemini-3.7-flash
0,0.930656909942627,700,b63224708d830746
0,0.98591548204422,626,ef643f28199cf2e6
1,0.8848921060562134,685,ai_xa_hoi_0681_GPT-5.6 Luna
1,0.9383260011672974,551,ai_van_hoa_0502_gemini-3.7-flash
0,1.1555556058883667,512,dd3e2dfb28c30689
0,1.0402684211730957,768,d80c43bcc67bad00
1,0.9227467775344848,570,ai_xa_hoi_0217_gemini-3.7-flash
0,1.0566037893295288,512,ea71caca67913a8f
0,1.0205761194229126,512,1e94e36cb877df2c
0,1.1014492511749268,572,3a0880de936634d1
0,0.9919678568840028,768,0661fefa56bb9dbe
0,0.970588207244873,576,d87327903f2c42bd
0,0.9869281053543092,445,3eb519f7439e4163
0,1.0,663,a93604c23b4677fd
1,0.8333333134651184,685,ai_van_hoa_0489_GPT-5.6 Luna
0,1.0119521617889404,512,1f06f4e60c109304
0,0.8805969953536987,768,9b4c10b22adfa1e2
0,1.082608699798584,555,acf0c61671adcc3e
1,0.8733624219894409,545,ai_chinh_tri_0228_gemini-3.7-flash
1,0.8860294222831726,684,ai_giao_duc_0233_GPT-5.6 Luna
1,0.8666666746139526,530,ai_giao_duc_0496_gemini-3.7-flash
0,0.9696969985961914,530,66029d026e1b5a7d
1,0.8591549396514893,686,ai_xa_hoi_0269_GPT-5.6 Luna
1,0.8731883764266968,684,ai_chinh_tri_0423_GPT-5.6 Luna
1,0.8591549396514893,687,ai_van_hoa_0388_GPT-5.6 Luna
0,0.9420289993286132,457,7114afba7066eef5
1,0.8840579986572266,686,ai_giao_duc_0215_GPT-5.6 Luna
0,0.9795918464660645,512,93bc45e9d75e9e6c
0,0.9710144996643066,646,95b9be0e7bde8e77
0,1.0068964958190918,562,4b23a9d599428572
0,1.0310077667236328,710,83b54d7b2c19ca95
1,0.8695651888847351,685,ai_chinh_tri_0370_GPT-5.6 Luna
0,0.985401451587677,693,a4278bfdd093a098
0,0.9578059315681458,768,8e33f3ff4d1d4ef7
0,0.946308732032776,512,2b9d88f842ebbb65
0,1.0133928060531616,713,c374727656113ecb
0,1.0086580514907837,667,c90d325eb1072486
0,0.9418604373931884,628,5394dbc849315f23
1,0.8546099066734314,684,ai_van_hoa_0525_GPT-5.6 Luna
1,0.8584070801734924,544,ai_van_hoa_0080_gemini-3.7-flash
0,0.9593495726585388,606,cf5cf0ed1f4f9976
1,0.8473895788192749,521,ai_the_thao_0660_gemini-3.7-flash
1,0.8840579986572266,686,ai_chinh_tri_0024_GPT-5.6 Luna
0,1.0282485485076904,660,acfa0182d74e6994
1,0.8813559412956238,574,ai_van_hoa_0197_gemini-3.7-flash
1,0.8265306353569031,684,ai_the_thao_0831_GPT-5.6 Luna
1,0.8991228342056274,565,ai_chinh_tri_0554_gemini-3.7-flash
0,0.969432294368744,512,69c6347e15467383
1,0.8925926089286804,684,ai_giao_duc_0322_GPT-5.6 Luna
1,0.8584070801734924,544,ai_van_hoa_0744_gemini-3.7-flash
0,1.108433723449707,539,b2d31a90b434467e
1,0.904411792755127,686,ai_giao_duc_0781_GPT-5.6 Luna
1,0.886956512928009,596,ai_the_thao_0461_gemini-3.7-flash
1,0.8799999952316284,554,ai_the_thao_0323_gemini-3.7-flash
0,0.975000023841858,512,ac439c2ba3aa4176
1,0.8859649300575256,518,ai_giao_duc_0162_gemini-3.7-flash
0,0.9926470518112184,628,7560716b04efc9a2
1,0.8531468510627747,686,ai_xa_hoi_0802_GPT-5.6 Luna
0,1.0316455364227295,662,afd1babf697c5c72
0,0.96517413854599,658,13b265af3917c757
1,0.8496503233909607,686,ai_xa_hoi_0186_GPT-5.6 Luna
1,0.8999999761581421,684,ai_kinh_te_0732_GPT-5.6 Luna
1,0.9404255151748656,533,ai_xa_hoi_0418_gemini-3.7-flash
1,0.8840579986572266,685,ai_kinh_te_0587_GPT-5.6 Luna
1,0.8759124279022217,685,ai_chinh_tri_0421_GPT-5.6 Luna
1,0.8439716100692749,684,ai_van_hoa_0493_GPT-5.6 Luna
1,0.9910714030265808,550,ai_van_hoa_0682_gemini-3.7-flash
0,1.0118577480316162,768,506835b703bff3d5
0,0.9392712712287904,551,6761472547dd4c68
1,0.9242424368858336,596,ai_chinh_tri_0705_gemini-3.7-flash
1,0.8473895788192749,521,ai_the_thao_0100_gemini-3.7-flash
1,0.8952381014823914,595,ai_chinh_tri_0597_gemini-3.7-flash
1,0.8859649300575256,518,ai_giao_duc_0314_gemini-3.7-flash
1,0.8859649300575256,518,ai_giao_duc_0074_gemini-3.7-flash
0,0.9487179517745972,353,fd01bb77e9537af0
1,0.8813559412956238,574,ai_van_hoa_0557_gemini-3.7-flash
1,0.8820960521697998,547,ai_van_hoa_0060_gemini-3.7-flash
1,0.8528138399124146,575,ai_van_hoa_0657_gemini-3.7-flash
0,0.9100719690322876,768,f22e1f971c192f03
0,0.9865771532058716,670,238f5b95635db917
0,1.0179641246795654,594,a5cd8263d25fe885
1,0.8141891956329346,684,ai_the_thao_0183_GPT-5.6 Luna
1,0.8713235259056091,684,ai_giao_duc_0241_GPT-5.6 Luna
1,0.9404255151748656,533,ai_xa_hoi_0434_gemini-3.7-flash
0,1.0225564241409302,567,2d80f8da436b86c7
0,1.0,768,4d0fcc55f0d96cc5
0,1.0612244606018066,512,a73c3fe565f730a3
0,1.04453444480896,557,c302dffe495ff870
0,1.00632905960083,619,63ddc78ea0a32f92
0,0.9924812316894532,527,d00e8e7266f4fd6f
1,0.8584070801734924,544,ai_van_hoa_0296_gemini-3.7-flash
1,0.9166666865348816,514,ai_kinh_te_0732_gemini-3.7-flash
0,0.9785714149475098,575,f2544d728e811f65
0,0.9601593613624572,622,f66124c86d026cb6
1,0.9227467775344848,570,ai_xa_hoi_0585_gemini-3.7-flash
1,0.8392857313156128,684,ai_chinh_tri_0630_GPT-5.6 Luna
1,0.8483412265777588,560,ai_giao_duc_0423_gemini-3.7-flash
0,1.02521014213562,619,d742c4be04ac49ba
1,0.9194915294647216,497,ai_xa_hoi_0296_gemini-3.7-flash
1,0.8652482032775879,685,ai_the_thao_0646_GPT-5.6 Luna
1,0.8439716100692749,686,ai_xa_hoi_0101_GPT-5.6 Luna
1,0.85447758436203,530,ai_kinh_te_0799_gemini-3.7-flash
1,0.8601398468017578,684,ai_van_hoa_0399_GPT-5.6 Luna
1,0.85447758436203,530,ai_kinh_te_0735_gemini-3.7-flash
0,0.9642857313156128,529,e651a21a77cceb48
1,0.8991228342056274,565,ai_chinh_tri_0578_gemini-3.7-flash
1,0.8333333134651184,530,ai_kinh_te_0179_gemini-3.7-flash
0,0.962406039237976,768,64decd344954f6c0
0,0.9851484894752502,690,d0c12627cf9e6cd1
1,0.8813559412956238,574,ai_van_hoa_0341_gemini-3.7-flash
0,1.042253494262695,600,610af208838ca62e
0,1.034482717514038,524,2aa9d55b2fad4480
0,1.0,667,19ea1baa98a41082
1,0.8617021441459656,685,ai_giao_duc_0664_GPT-5.6 Luna
1,0.85447758436203,530,ai_kinh_te_0791_gemini-3.7-flash
0,0.9589743614196776,768,025dadecd99fcdf6
1,0.8913043737411499,686,ai_giao_duc_0807_GPT-5.6 Luna
0,0.8893805146217346,608,7db3f85ee71177c5
1,0.85447758436203,530,ai_kinh_te_0199_gemini-3.7-flash
0,0.9605911374092102,768,f47045bab8c10cb8
0,0.9929078221321106,716,13de7b3099927204
1,0.9135338068008424,685,ai_xa_hoi_0175_GPT-5.6 Luna
0,0.9491525292396544,768,e1adbda8e80da569
1,0.8735178112983704,644,ai_kinh_te_0549_gemini-3.7-flash
1,0.8389830589294434,554,ai_the_thao_0007_gemini-3.7-flash
0,1.00421941280365,538,ce2d8bc2aad470a8
0,1.004587173461914,646,82049bcb4802f57b
0,1.075187921524048,742,3b814d9709064df1
1,0.8514492511749268,684,ai_chinh_tri_0798_GPT-5.6 Luna
0,0.9375,768,08b535bab3025cb1
0,1.088435411453247,624,f7aa62874a41c7ea
0,1.0,613,009750c9318502b9
0,0.9928057789802552,636,eb27967809fdc8df
0,0.9203187227249146,768,fe8a73648dd2c54a
0,1.02173912525177,512,dcc021f3aa1a109c
0,1.1789473295211792,512,7e2e1ea863f484a1
1,0.8636363744735718,685,ai_xa_hoi_0033_GPT-5.6 Luna
0,0.99319726228714,508,f3364ecb984db625
1,0.8333333134651184,530,ai_kinh_te_0067_gemini-3.7-flash
0,1.0362318754196167,630,c04642a4e1171e79
1,0.8341013789176941,561,ai_giao_duc_0547_gemini-3.7-flash
1,0.8607142567634583,684,ai_kinh_te_0215_GPT-5.6 Luna
0,0.9912663698196412,512,e391153ea8068817
0,0.9514170289039612,680,4a5bfd52ff5f16e2
1,0.8814814686775208,684,ai_kinh_te_0034_GPT-5.6 Luna
1,0.8723404407501221,685,ai_chinh_tri_0248_GPT-5.6 Luna
1,0.9227467775344848,570,ai_xa_hoi_0073_gemini-3.7-flash
0,1.006666660308838,768,aa742949395f2ebf
0,0.9178743958473206,649,afb0fcd70cd68533
1,0.85447758436203,530,ai_kinh_te_0623_gemini-3.7-flash
0,0.9290780425071716,512,2eae0871ffd7ca44
1,0.8404255509376526,684,ai_van_hoa_0389_GPT-5.6 Luna
1,0.9166666865348816,514,ai_kinh_te_0788_gemini-3.7-flash
1,0.9177489280700684,570,ai_xa_hoi_0833_gemini-3.7-flash
0,0.9704142212867736,768,b21e274d0cada720
0,0.9794520735740662,531,c5a70923c14021f2
1,0.8714285492897034,685,ai_van_hoa_0175_GPT-5.6 Luna
0,1.079470157623291,677,e155d9c1de5f1be4
1,0.8586207032203674,686,ai_the_thao_0001_GPT-5.6 Luna
0,1.0,768,313a6c0743a8e647
0,0.9820627570152284,567,b501ea4fe7258dd4
0,0.9242424368858336,674,32edc1ef6587ab41
0,0.990243911743164,661,81fd425e6c5f984f
0,1.051792860031128,512,d90552512e763660
0,0.9850746393203736,518,1d40adf913902e11
0,0.936046540737152,768,b5dc7b69500da4b2
0,0.986363649368286,512,eb154cfc27ea090a
1,0.9166666865348816,514,ai_kinh_te_0516_gemini-3.7-flash
1,0.85447758436203,530,ai_kinh_te_0479_gemini-3.7-flash
0,1.0559440851211548,768,216577531c1cc330
1,0.8483412265777588,560,ai_giao_duc_0311_gemini-3.7-flash
1,0.8905109763145447,686,ai_giao_duc_0805_GPT-5.6 Luna
0,0.9769230484962464,628,8874dac5d6dd16f7
0,1.0215827226638794,512,5ca1bc9209b0a551
0,0.8715277910232544,574,61a4135dac6b5e43
1,0.8804348111152649,684,ai_chinh_tri_0232_GPT-5.6 Luna
0,0.9288703203201294,521,11b8781151cb951f
1,0.8584070801734924,544,ai_van_hoa_0200_gemini-3.7-flash
0,0.9555555582046508,707,ce77c25b999d8c47
1,0.9234449863433838,551,ai_xa_hoi_0099_gemini-3.7-flash
1,0.8528138399124146,575,ai_van_hoa_0681_gemini-3.7-flash
1,0.8633093237876892,684,ai_van_hoa_0358_GPT-5.6 Luna
0,0.961240291595459,768,b6197f777045c97a
1,0.8623188138008118,684,ai_chinh_tri_0570_GPT-5.6 Luna
1,0.8814814686775208,684,ai_kinh_te_0754_GPT-5.6 Luna
1,0.8991228342056274,565,ai_chinh_tri_0402_gemini-3.7-flash
0,0.9904761910438538,567,e04052c03f7d8de7
1,0.8485915660858154,684,ai_xa_hoi_0736_GPT-5.6 Luna
1,0.8652482032775879,684,ai_the_thao_0203_GPT-5.6 Luna
1,0.8514492511749268,684,ai_kinh_te_0522_GPT-5.6 Luna
1,0.8813559412956238,574,ai_van_hoa_0629_gemini-3.7-flash
1,0.9135338068008424,685,ai_xa_hoi_0415_GPT-5.6 Luna
1,0.8952381014823914,595,ai_chinh_tri_0205_gemini-3.7-flash
0,1.0894737243652344,504,613a026fd957dfdc
1,0.8341013789176941,561,ai_giao_duc_0411_gemini-3.7-flash
0,0.9838056564331056,768,57496b0c15035132
1,0.8453237414360046,684,ai_chinh_tri_0542_GPT-5.6 Luna
1,0.8999999761581421,684,ai_giao_duc_0690_GPT-5.6 Luna
0,0.9677419066429138,709,8dc4776a1e6aa6df
0,0.97826087474823,512,5267473472c5b5ad
1,0.8586956262588501,684,ai_chinh_tri_0682_GPT-5.6 Luna
1,0.8859649300575256,518,ai_giao_duc_0458_gemini-3.7-flash
0,0.9555555582046508,721,10bf84f82ef256d8
1,0.925110161304474,599,ai_giao_duc_0653_gemini-3.7-flash
1,0.8735178112983704,644,ai_kinh_te_0221_gemini-3.7-flash
1,0.9172932505607604,686,ai_giao_duc_0787_GPT-5.6 Luna
0,0.9927007555961608,512,f9e3e37d5eabc8b9
0,0.9772727489471436,653,405b8d46e1612d63
0,1.0416666269302368,546,3c671426ba447d94
0,0.969924807548523,532,95d8d28f1093b6df
0,0.7287449240684509,768,bb49d0087a943876
0,0.90625,645,9972c47da548fde7
1,0.8991228342056274,565,ai_chinh_tri_0810_gemini-3.7-flash
1,0.8341013789176941,561,ai_giao_duc_0083_gemini-3.7-flash
1,0.8617021441459656,684,ai_van_hoa_0282_GPT-5.6 Luna
0,0.984455943107605,646,ca5da956a71935b4
0,0.9748954176902772,512,74ba1ddf906c42bc
0,1.0330578088760376,652,92ffd2d4e9eb2ec3
0,0.912663757801056,362,a24e7ddd6b6c4c37
1,0.866906464099884,684,ai_van_hoa_0654_GPT-5.6 Luna
0,0.98828125,635,d49ee162f2def652
0,1.062200903892517,673,d6527ab8398bbf38
1,0.9060150384902954,684,ai_giao_duc_0290_GPT-5.6 Luna
0,0.9322034120559692,553,62313233287c8ba5
0,0.9683544039726256,674,b68b43fd2136aa9d
1,0.8758864998817444,686,ai_kinh_te_0651_GPT-5.6 Luna
0,0.9824561476707458,512,77940a72dbf53d36
0,1.0516128540039062,768,86a1c5c3a0f3d15f
0,0.9496402740478516,512,2b2ec1e4290cba2b
1,0.8731883764266968,684,ai_xa_hoi_0552_GPT-5.6 Luna
0,0.9030612111091614,605,c6d4154082cb9302
0,0.9675675630569458,661,e6b5afea810f737b
0,1.024999976158142,608,3755df209a783d6f
1,0.9531915187835692,531,ai_xa_hoi_0382_gemini-3.7-flash
1,0.8888888955116272,518,ai_chinh_tri_0011_gemini-3.7-flash
0,0.9572192430496216,628,96dd97f19e4287d0
1,0.8514492511749268,684,ai_van_hoa_0227_GPT-5.6 Luna
1,0.8782608509063721,547,ai_van_hoa_0068_gemini-3.7-flash
0,1.0270270109176636,512,8b9d9fb1f4a4c542
1,0.8623188138008118,684,ai_chinh_tri_0497_GPT-5.6 Luna
1,0.9004328846931458,566,ai_chinh_tri_0630_gemini-3.7-flash
0,0.9677419066429138,529,987509849880d2e2
0,0.9430894255638124,606,ad51aa95777ea1f8
1,0.8723404407501221,684,ai_the_thao_0155_GPT-5.6 Luna
1,0.9172932505607604,686,ai_giao_duc_0547_GPT-5.6 Luna
0,1.04020094871521,512,e866ed46089bc0c4
0,0.9414225816726683,593,20e2924b73c8fb46
0,0.9857819676399232,579,618646e14af493bd
0,1.0980392694473269,512,96bb995b9caf609e
1,0.902255654335022,684,ai_xa_hoi_0719_GPT-5.6 Luna
0,1.0304877758026123,669,932301fc71120cd1
0,1.044585943222046,768,cf42d3c53cc98a94
1,0.8731883764266968,685,ai_chinh_tri_0105_GPT-5.6 Luna
0,0.98828125,768,10562fba28870e18
0,0.9707317352294922,512,bb6360834e7063ad
0,1.0140844583511353,706,67ce30acf06b8ebd
0,0.978102207183838,518,81bc75f5b8ddd47a
0,1.0,581,dee82427f25c19be
0,0.931034505367279,512,63f2d81201149f03
1,0.8525179624557495,684,ai_chinh_tri_0590_GPT-5.6 Luna
1,0.9227467775344848,570,ai_xa_hoi_0081_gemini-3.7-flash
1,0.8723404407501221,686,ai_xa_hoi_0466_GPT-5.6 Luna
1,0.8991228342056274,565,ai_chinh_tri_0490_gemini-3.7-flash
1,0.8483412265777588,560,ai_giao_duc_0175_gemini-3.7-flash
0,1.0,768,4c0bd9df1a395a9f
1,0.8741007447242737,686,ai_giao_duc_0396_GPT-5.6 Luna
0,1.0191082954406738,681,a5710f9d6a9bd294
0,0.943231463432312,612,cb4c89da33f3960a
0,1.021897792816162,653,552d980aab57ef11
0,0.9440298676490784,512,1aee9bc464ee25cc
0,0.8543689250946045,550,0a8c3dcdda1426da
1,0.8546099066734314,684,ai_kinh_te_0255_GPT-5.6 Luna
1,0.8690476417541504,568,ai_kinh_te_0682_gemini-3.7-flash
1,0.925110161304474,599,ai_giao_duc_0365_gemini-3.7-flash
0,1.0259740352630615,768,273488637524b3d9
0,0.9780219793319702,689,41c7ee15e1c5aaa1
1,0.9230769276618958,494,ai_xa_hoi_0660_gemini-3.7-flash
0,0.9615384340286256,644,740716cccb968ca1
1,0.9194915294647216,497,ai_xa_hoi_0488_gemini-3.7-flash
1,0.8483412265777588,560,ai_giao_duc_0743_gemini-3.7-flash
1,0.895652174949646,545,ai_chinh_tri_0216_gemini-3.7-flash
0,0.8884615302085876,667,840bac835491097a
0,0.9850746393203736,675,1340229a55f942b6
1,0.8991228342056274,565,ai_chinh_tri_0274_gemini-3.7-flash
1,0.9279661178588868,569,ai_xa_hoi_0797_gemini-3.7-flash
1,0.828000009059906,529,ai_the_thao_0202_gemini-3.7-flash
1,0.8500000238418579,684,ai_van_hoa_0141_GPT-5.6 Luna
1,0.886956512928009,596,ai_the_thao_0397_gemini-3.7-flash
1,0.8333333134651184,530,ai_kinh_te_0491_gemini-3.7-flash
1,0.8804348111152649,686,ai_kinh_te_0709_GPT-5.6 Luna
1,0.8782608509063721,547,ai_van_hoa_0348_gemini-3.7-flash
1,0.9383260011672974,551,ai_van_hoa_0542_gemini-3.7-flash
1,0.8546099066734314,684,ai_kinh_te_0015_GPT-5.6 Luna
0,0.957692325115204,512,82ca6be8540cc4a5
0,0.9205297827720642,512,79ae7a006850f7ea
1,0.8333333134651184,530,ai_kinh_te_0627_gemini-3.7-flash
1,0.867521345615387,600,ai_giao_duc_0593_gemini-3.7-flash
0,0.9551281929016112,512,ad353b26062d87ff
0,0.8975409865379333,287,6c4507a840d650cd
1,0.8473895788192749,521,ai_the_thao_0228_gemini-3.7-flash
1,0.8500000238418579,684,ai_van_hoa_0207_GPT-5.6 Luna
0,1.0223214626312256,539,1be99e8c6b12316a
0,1.0672268867492676,558,81eab11745a19a3d
1,0.9531915187835692,531,ai_xa_hoi_0342_gemini-3.7-flash
1,0.8483412265777588,560,ai_giao_duc_0015_gemini-3.7-flash
0,0.931034505367279,768,555a1ec004037edf
0,0.9811320900917052,512,bce7fecaa9211121
0,1.0150375366210938,768,41b655132ba72f0d
1,0.9230769276618958,494,ai_xa_hoi_0388_gemini-3.7-flash
0,0.9230769276618958,512,3ebb9027fefc23e7
1,0.8141891956329346,684,ai_the_thao_0543_GPT-5.6 Luna
1,0.8423236608505249,517,ai_giao_duc_0374_gemini-3.7-flash
0,1.0078125,666,aec8b359d51cb67e
0,1.0338983535766602,659,4c031c280dd50cc3
1,0.8821428418159485,686,ai_chinh_tri_0016_GPT-5.6 Luna
1,0.8576388955116272,685,ai_chinh_tri_0004_GPT-5.6 Luna
1,0.8678571581840515,687,ai_van_hoa_0620_GPT-5.6 Luna
1,0.8840579986572266,686,ai_giao_duc_0045_GPT-5.6 Luna
1,0.8813559412956238,574,ai_van_hoa_0533_gemini-3.7-flash
0,0.8104838728904724,643,5eeb4b380e35f999
0,1.037313461303711,512,0b83a43242722e71
1,0.9230769276618958,494,ai_xa_hoi_0140_gemini-3.7-flash
1,0.9383260011672974,551,ai_van_hoa_0358_gemini-3.7-flash
1,0.8652482032775879,685,ai_kinh_te_0603_GPT-5.6 Luna
0,1.044843077659607,675,56e27762f9791036
0,0.964028775691986,512,cc46151b4f53caae
1,0.8723404407501221,685,ai_kinh_te_0731_GPT-5.6 Luna
1,0.8623188138008118,684,ai_chinh_tri_0537_GPT-5.6 Luna
1,0.8785714507102966,685,ai_kinh_te_0297_GPT-5.6 Luna
1,0.9404255151748656,533,ai_xa_hoi_0698_gemini-3.7-flash
0,0.9730769395828248,720,447b7b29cc83fe87
0,0.9905660152435304,512,7c83a2b635de9ed4
1,0.9014084339141846,550,ai_xa_hoi_0439_gemini-3.7-flash
0,0.921875,512,2ce3b6d952c225a5
0,1.0465116500854492,695,3b0f94ea3548c9c7
0,0.9867549538612366,662,c801bcc38cbdb5d0
1,0.8758864998817444,686,ai_the_thao_0557_GPT-5.6 Luna
0,0.978102207183838,714,e18e4957e0e7399d
1,0.8617021441459656,684,ai_van_hoa_0146_GPT-5.6 Luna
0,0.942307710647583,680,1845ade282d02c40
1,0.867521345615387,600,ai_giao_duc_0369_gemini-3.7-flash
0,0.957317054271698,749,d510a1f4a0ca0270
0,1.013071894645691,768,1ddf367917086bfc
0,1.0611110925674438,524,bd4eec7c6bf34242
1,0.8695651888847351,685,ai_xa_hoi_0169_GPT-5.6 Luna
1,0.8759124279022217,686,ai_xa_hoi_0107_GPT-5.6 Luna
0,0.9724137783050536,768,58225b9b887be815
1,0.8586956262588501,684,ai_chinh_tri_0202_GPT-5.6 Luna
0,1.0,673,60964e3f1c3c3481
0,0.9806201457977296,725,ef9a4b9f9a068418
0,1.029411792755127,512,af50fea377bc0217
0,0.8959276080131531,649,fa0822528234ddd4
0,1.0220264196395874,628,f9cb5a9ac65ed4a3
0,0.9230769276618958,666,903c276e808886b3
0,0.9952380657196044,512,41f0d2ebf399bd4e
0,0.9577465057373048,607,3ca339e2f29f8fac
0,0.9502487778663636,512,d97a9501efd4ec22
0,0.991416335105896,512,0b094eedd6b1576a
1,0.8286713361740112,685,ai_chinh_tri_0014_GPT-5.6 Luna
1,0.8804348111152649,685,ai_kinh_te_0429_GPT-5.6 Luna
1,0.8723404407501221,685,ai_giao_duc_0024_GPT-5.6 Luna
0,1.1529412269592283,512,535283aef31f9b6e
1,0.8949275612831116,685,ai_kinh_te_0267_GPT-5.6 Luna
1,0.8410041928291321,531,ai_the_thao_0454_gemini-3.7-flash
1,0.828000009059906,529,ai_the_thao_0178_gemini-3.7-flash
1,0.9004328846931458,566,ai_chinh_tri_0118_gemini-3.7-flash
0,1.0489510297775269,768,01792d485792665c
0,0.7718120813369751,512,c16d09139e022ba5
1,0.8713235259056091,685,ai_chinh_tri_0449_GPT-5.6 Luna
1,0.85447758436203,530,ai_kinh_te_0495_gemini-3.7-flash
0,0.9670329689979552,512,3a3942660eb5282a
0,0.9453125,660,75fedf98f05c7e37
0,1.08713698387146,564,a9eaf27c56e14b50
0,1.018072247505188,561,cf77809fd05abbee
1,0.8733624219894409,545,ai_chinh_tri_0372_gemini-3.7-flash
1,0.886956512928009,596,ai_the_thao_0709_gemini-3.7-flash
1,0.9037036895751952,686,ai_giao_duc_0115_GPT-5.6 Luna
1,0.9531915187835692,531,ai_xa_hoi_0398_gemini-3.7-flash
1,0.881118893623352,686,ai_the_thao_0225_GPT-5.6 Luna
1,0.8458904027938843,685,ai_the_thao_0708_GPT-5.6 Luna
0,1.0546218156814575,683,5a0bf2c98fb1a122
0,0.9160584211349488,512,c76662c74b516e56
0,1.034682035446167,512,d51e43b21fa0e899
0,0.9696969985961914,685,8846d7309ab33fcf
0,1.0772947072982788,404,f468d0199cfc02e8
1,0.9404255151748656,533,ai_xa_hoi_0154_gemini-3.7-flash
0,1.0199004411697388,768,9ff715070119ec51
1,0.8633093237876892,684,ai_van_hoa_0078_GPT-5.6 Luna
1,0.8913043737411499,686,ai_giao_duc_0567_GPT-5.6 Luna
0,1.020618557929993,678,4fc881dca97eded1
0,1.0507246255874634,512,bbaa01e5cc1e636c
1,0.8576388955116272,686,ai_the_thao_0181_GPT-5.6 Luna
1,0.8952381014823914,595,ai_chinh_tri_0365_gemini-3.7-flash
1,0.8586956262588501,684,ai_kinh_te_0090_GPT-5.6 Luna
0,0.9352940917015076,768,c9bcb40deebe9344
1,0.8515625,567,ai_kinh_te_0814_gemini-3.7-flash
1,0.8546099066734314,685,ai_chinh_tri_0568_GPT-5.6 Luna
0,0.970588207244873,512,b09fd88b8a35c81e
0,1.0,630,15d21b67a72795dd
0,0.9926470518112184,694,490146ae25342ce7
1,0.8500000238418579,684,ai_van_hoa_0447_GPT-5.6 Luna
1,0.867521345615387,600,ai_giao_duc_0041_gemini-3.7-flash
0,0.9272727370262146,508,b6f549f38a1efc91
0,0.9666666388511658,768,864109cbd3da5e6c
1,0.9383260011672974,551,ai_van_hoa_0246_gemini-3.7-flash
1,0.895652174949646,545,ai_chinh_tri_0560_gemini-3.7-flash
0,1.0437500476837158,512,a50082732f4528a1
0,0.9620853066444396,555,1d5653b73b713658
0,1.014814853668213,768,957994f79b159e0d
0,1.0666667222976685,503,2320e4e9cd173c90
0,1.02816903591156,512,cb9d3b9c3ec1a6b5
0,1.1452513933181765,529,c8456fa100779e8b
1,0.8892857432365417,686,ai_giao_duc_0190_GPT-5.6 Luna
1,0.9404255151748656,533,ai_xa_hoi_0762_gemini-3.7-flash
1,0.8649635314941406,684,ai_kinh_te_0650_GPT-5.6 Luna
0,1.0467289686203003,512,1664df086a82b32c
1,0.866906464099884,685,ai_giao_duc_0476_GPT-5.6 Luna
0,1.0141843557357788,768,e99dd13a873d866f
1,0.828000009059906,529,ai_the_thao_0530_gemini-3.7-flash
1,0.9279661178588868,569,ai_xa_hoi_0437_gemini-3.7-flash
1,0.8591549396514893,685,ai_the_thao_0278_GPT-5.6 Luna
1,0.8731883764266968,684,ai_chinh_tri_0413_GPT-5.6 Luna
1,0.8590308427810669,595,ai_the_thao_0585_gemini-3.7-flash
0,1.146198868751526,512,5e9eca8c2e624e9a
1,0.8848921060562134,686,ai_giao_duc_0543_GPT-5.6 Luna
1,0.8755555748939514,513,ai_chinh_tri_0023_gemini-3.7-flash
0,0.9509202241897584,659,d5f902e32900ed11
0,0.9605262875556946,768,1d45923a7206f072
1,0.8690476417541504,568,ai_kinh_te_0306_gemini-3.7-flash
1,0.8473895788192749,521,ai_the_thao_0724_gemini-3.7-flash
0,0.9852941036224364,512,284e89737696b5f0
1,0.9230769276618958,494,ai_xa_hoi_0500_gemini-3.7-flash
0,1.074626922607422,512,03e2d322b2c446e0
1,0.8840579986572266,686,ai_giao_duc_0671_GPT-5.6 Luna
1,0.9383260011672974,551,ai_van_hoa_0398_gemini-3.7-flash
1,0.8804348111152649,686,ai_giao_duc_0540_GPT-5.6 Luna
1,0.8755555748939514,513,ai_chinh_tri_0647_gemini-3.7-flash
1,0.8804348111152649,686,ai_giao_duc_0477_GPT-5.6 Luna
0,0.962406039237976,512,d667d496873c7133
0,1.004629611968994,512,7aa5c6674f3c4d3e
0,1.074561357498169,557,f9c4144e2ad26c16
0,0.9409449100494384,512,e7154e4e292def23
1,0.8473895788192749,521,ai_the_thao_0164_gemini-3.7-flash
1,0.8738738894462585,530,ai_giao_duc_0156_gemini-3.7-flash
1,0.8848921060562134,686,ai_giao_duc_0663_GPT-5.6 Luna
1,0.875,686,ai_the_thao_0697_GPT-5.6 Luna
1,0.8733624219894409,545,ai_chinh_tri_0396_gemini-3.7-flash
1,0.8525179624557495,684,ai_van_hoa_0637_GPT-5.6 Luna
0,0.9776119589805604,741,bedca45c2c974a48
1,0.8713235259056091,684,ai_chinh_tri_0833_GPT-5.6 Luna
1,0.8785714507102966,686,ai_van_hoa_0644_GPT-5.6 Luna
1,0.8389830589294434,554,ai_the_thao_0567_gemini-3.7-flash
0,0.9852216839790344,768,fc04cb4f0efb7c00
1,0.8799999952316284,554,ai_the_thao_0235_gemini-3.7-flash
0,1.0,512,ca36dcd61ad2f7ea
1,0.8617021441459656,685,ai_kinh_te_0453_GPT-5.6 Luna
0,1.0514706373214722,647,bc5be0551f479c5a
1,0.8546099066734314,686,ai_xa_hoi_0522_GPT-5.6 Luna
0,1.0655021667480469,768,fb0178ba97f84c77
1,0.8735178112983704,644,ai_kinh_te_0557_gemini-3.7-flash
0,1.0046511888504028,543,cdd96304fe08e4e4
0,0.9637305736541748,650,07122f13830f70cc
1,0.8695651888847351,685,ai_giao_duc_0740_GPT-5.6 Luna
0,0.9635036587715148,600,3af2f74e1ccd5b91
1,0.867521345615387,600,ai_giao_duc_0105_gemini-3.7-flash
1,0.8617021441459656,685,ai_the_thao_0198_GPT-5.6 Luna
0,1.046979904174805,561,4712adebb8ac04b5
1,0.828000009059906,529,ai_the_thao_0754_gemini-3.7-flash
1,0.8905109763145447,684,ai_van_hoa_0830_GPT-5.6 Luna
0,1.07798171043396,625,ef8bf312fe546739
1,0.9014084339141846,550,ai_xa_hoi_0639_gemini-3.7-flash
0,0.969924807548523,254,d777ea1f734a5e3e
1,0.8735178112983704,644,ai_kinh_te_0589_gemini-3.7-flash
1,0.8590308427810669,595,ai_the_thao_0033_gemini-3.7-flash
1,0.9234449863433838,551,ai_xa_hoi_0171_gemini-3.7-flash
1,0.9111111164093018,685,ai_kinh_te_0516_GPT-5.6 Luna
0,1.0240963697433472,504,18442d40d61902a8
0,1.0538461208343506,680,b9bca7b48b5fbfbc
1,0.8510638475418091,684,ai_xa_hoi_0720_GPT-5.6 Luna
1,0.9242424368858336,596,ai_chinh_tri_0729_gemini-3.7-flash
0,1.0,512,ade72418dfdeb59b
0,0.9536082744598388,654,7ef7b5058d065fa3
1,0.8949275612831116,685,ai_kinh_te_0507_GPT-5.6 Luna
0,1.096296310424805,506,a51fba72fec64c9a
1,0.895652174949646,545,ai_chinh_tri_0504_gemini-3.7-flash
1,0.8360000252723694,557,ai_van_hoa_0091_gemini-3.7-flash
1,0.8661971688270569,686,ai_xa_hoi_0634_GPT-5.6 Luna
0,0.9627906680107116,512,db07ce80251cdd96
1,0.8527397513389587,685,ai_the_thao_0748_GPT-5.6 Luna
0,0.9205297827720642,543,2bfd23ae8a71cfd4
0,1.115702509880066,512,0c7ed03bd2db7a6e
0,0.991631805896759,602,3f559797e94e2eed
0,0.8951048851013184,512,25f5576b3c9c2b9f
0,0.92946058511734,665,443dc9f0931bd32b
1,0.9227467775344848,570,ai_xa_hoi_0625_gemini-3.7-flash
1,0.8888888955116272,684,ai_kinh_te_0674_GPT-5.6 Luna
1,0.9234449863433838,551,ai_xa_hoi_0275_gemini-3.7-flash
1,0.8510638475418091,684,ai_xa_hoi_0120_GPT-5.6 Luna
1,0.8722627758979797,683,ai_van_hoa_0726_GPT-5.6 Luna
0,1.0119760036468506,504,668c7515cc94a2cb
0,0.8413461446762085,512,6c7e1b0f3ae8c374
1,0.8821428418159485,685,ai_the_thao_0812_GPT-5.6 Luna
1,0.8652482032775879,685,ai_the_thao_0123_GPT-5.6 Luna
0,1.0140186548233032,578,27fab1b14b863a07
1,0.8607142567634583,684,ai_giao_duc_0680_GPT-5.6 Luna
0,0.9751037359237672,768,949af4125cab2692
0,0.9686274528503418,512,d92cc163e0fa85be
0,1.0502091646194458,607,6c00738228c63e14
1,0.9014598727226256,686,ai_giao_duc_0461_GPT-5.6 Luna
1,0.8804348111152649,685,ai_kinh_te_0799_GPT-5.6 Luna
0,0.8695651888847351,512,d9a5e64ae6e72130
1,0.8404255509376526,684,ai_van_hoa_0149_GPT-5.6 Luna
0,0.935714304447174,675,ee80636998fb21fe
1,0.84375,686,ai_van_hoa_0049_GPT-5.6 Luna
1,0.8546099066734314,685,ai_giao_duc_0616_GPT-5.6 Luna
0,0.9855072498321532,640,7b2202871983cefb
0,0.976047933101654,768,0b7027e43047c1e8
0,1.0283688306808472,673,9c3e28c0cbee79ac
0,0.9813953638076782,512,b471c5753c3f8394
0,0.9679487347602844,674,a06af91b65759506
1,0.8888888955116272,518,ai_chinh_tri_0515_gemini-3.7-flash
0,0.9572192430496216,768,4d56fcb808587165
1,0.9194915294647216,497,ai_xa_hoi_0744_gemini-3.7-flash
1,0.8584070801734924,544,ai_van_hoa_0640_gemini-3.7-flash
0,1.0226244926452637,512,28263efc62bd66a3
1,0.8840579986572266,684,ai_van_hoa_0270_GPT-5.6 Luna
1,0.8905109763145447,686,ai_chinh_tri_0081_GPT-5.6 Luna
0,1.0067567825317385,768,23d7c7abfe905939
0,0.946666657924652,512,75d65543bec842e6
0,0.9589743614196776,768,4aef07b2c1fe4d72
0,0.972332000732422,721,775fcf2014dd02d0
1,0.8527397513389587,686,ai_the_thao_0749_GPT-5.6 Luna
0,0.9655172228813172,512,761de4873f4d422a
1,0.9037036895751952,686,ai_giao_duc_0235_GPT-5.6 Luna
0,0.9956140518188475,668,dc6dca0f2045b16b
1,0.8515625,567,ai_kinh_te_0422_gemini-3.7-flash
1,0.8913043737411499,686,ai_giao_duc_0797_GPT-5.6 Luna
1,0.8905109763145447,686,ai_giao_duc_0732_GPT-5.6 Luna
1,0.8617021441459656,685,ai_giao_duc_0184_GPT-5.6 Luna
1,0.895652174949646,545,ai_chinh_tri_0640_gemini-3.7-flash
1,0.8758864998817444,685,ai_the_thao_0132_GPT-5.6 Luna
1,0.9166666865348816,514,ai_kinh_te_0172_gemini-3.7-flash
1,0.829365074634552,523,ai_the_thao_0624_gemini-3.7-flash
1,0.8840579986572266,685,ai_kinh_te_0607_GPT-5.6 Luna
1,0.904411792755127,684,ai_kinh_te_0812_GPT-5.6 Luna
0,0.991525411605835,512,9fc43f176989a34f
1,0.8680555820465088,686,ai_the_thao_0129_GPT-5.6 Luna
0,0.8519999980926514,648,e56ca612f960248e
1,0.8888888955116272,518,ai_chinh_tri_0059_gemini-3.7-flash
1,0.8636363744735718,686,ai_the_thao_0605_GPT-5.6 Luna
1,0.8219696879386902,555,ai_van_hoa_0351_gemini-3.7-flash
1,0.8821428418159485,686,ai_giao_duc_0590_GPT-5.6 Luna
1,0.8723404407501221,685,ai_giao_duc_0808_GPT-5.6 Luna
1,0.8633093237876892,685,ai_the_thao_0702_GPT-5.6 Luna
0,0.9281437397003174,768,e8e11644d6e35d61
0,1.1009174585342407,650,b6bd9d9a1ba683d0
1,0.8219696879386902,555,ai_van_hoa_0071_gemini-3.7-flash
1,0.828000009059906,529,ai_the_thao_0162_gemini-3.7-flash
1,0.8576388955116272,686,ai_the_thao_0013_GPT-5.6 Luna
0,0.8944723606109619,703,ae483bd486cb3672
1,0.8714285492897034,686,ai_xa_hoi_0297_GPT-5.6 Luna
1,0.8913043737411499,686,ai_giao_duc_0573_GPT-5.6 Luna
1,0.8823529481887817,686,ai_chinh_tri_0729_GPT-5.6 Luna
1,0.8286713361740112,685,ai_van_hoa_0256_GPT-5.6 Luna
1,0.9004328846931458,566,ai_chinh_tri_0414_gemini-3.7-flash
1,0.8697183132171631,686,ai_xa_hoi_0428_GPT-5.6 Luna
0,1.077419400215149,512,c2493b5e70f5516e
0,0.992094874382019,654,83c208391cfe7492
1,0.8617021441459656,684,ai_xa_hoi_0433_GPT-5.6 Luna
0,0.932835817337036,554,2d25c7526ca25107
0,1.076923131942749,512,3278c0b28b86108a
1,0.8829787373542786,686,ai_giao_duc_0150_GPT-5.6 Luna
0,0.9476743936538696,638,293a5ba3acd801c6
1,0.9404255151748656,533,ai_xa_hoi_0146_gemini-3.7-flash
0,1.105263113975525,512,0b350a7ef1864331
1,0.8823529481887817,684,ai_giao_duc_0761_GPT-5.6 Luna
1,0.8731883764266968,686,ai_chinh_tri_0544_GPT-5.6 Luna
1,0.8666666746139526,530,ai_giao_duc_0512_gemini-3.7-flash
1,0.8546099066734314,687,ai_van_hoa_0700_GPT-5.6 Luna
0,0.951127827167511,592,1d25d3163ce946e5
1,0.8586956262588501,684,ai_kinh_te_0210_GPT-5.6 Luna
1,0.9234449863433838,551,ai_xa_hoi_0147_gemini-3.7-flash
0,0.940928280353546,512,5c94fc629329c1a0
0,0.9071729779243468,768,d324102e9212e314
0,0.970802903175354,680,967f3ce776f8bde2
0,1.0894309282302856,620,b99159a142db75a8
0,0.9509202241897584,768,9a1669b8e5a10d2e
1,0.8813559412956238,574,ai_van_hoa_0645_gemini-3.7-flash
0,1.1889400482177734,512,dbaeb02e5bed647b
1,0.8735178112983704,644,ai_kinh_te_0693_gemini-3.7-flash
0,0.9402984976768494,523,705e950954fdb431
0,0.921658992767334,512,9265234ea7bba84e
1,0.8804348111152649,686,ai_van_hoa_0532_GPT-5.6 Luna
0,1.013574719429016,527,f443164dab49a482
1,0.9242424368858336,596,ai_chinh_tri_0489_gemini-3.7-flash
0,1.02717387676239,482,9ac17f1a5aa6794a
1,0.8623188138008118,684,ai_chinh_tri_0703_GPT-5.6 Luna
1,0.8782608509063721,547,ai_van_hoa_0468_gemini-3.7-flash
1,0.8804348111152649,686,ai_xa_hoi_0337_GPT-5.6 Luna
1,0.8389830589294434,554,ai_the_thao_0383_gemini-3.7-flash
1,0.8623188138008118,685,ai_xa_hoi_0611_GPT-5.6 Luna
0,0.9626865386962892,512,e86798b33c09bff5
1,0.8758864998817444,685,ai_kinh_te_0038_GPT-5.6 Luna
1,0.8859649300575256,518,ai_giao_duc_0234_gemini-3.7-flash
1,0.828000009059906,529,ai_the_thao_0290_gemini-3.7-flash
0,1.0270270109176636,512,29a7dd0c290c9070
1,0.8483412265777588,560,ai_giao_duc_0351_gemini-3.7-flash
0,0.995192289352417,512,27505d2eab361fd0
1,0.8633093237876892,684,ai_chinh_tri_0687_GPT-5.6 Luna
1,0.8784722089767456,686,ai_the_thao_0417_GPT-5.6 Luna
0,0.967346966266632,512,86cd8d9c157d5740
0,0.8757396340370178,653,e9eb90343d755304
1,0.8360000252723694,557,ai_van_hoa_0603_gemini-3.7-flash
1,0.9166666865348816,514,ai_kinh_te_0508_gemini-3.7-flash
1,0.9111111164093018,685,ai_kinh_te_0276_GPT-5.6 Luna
0,1.0125786066055298,657,d43730edd2aa74e2
0,0.9650654792785645,609,4256f5c84e18200e
1,0.8623188138008118,686,ai_kinh_te_0664_GPT-5.6 Luna
1,0.8546099066734314,686,ai_kinh_te_0403_GPT-5.6 Luna
1,0.8510638475418091,685,ai_van_hoa_0097_GPT-5.6 Luna
0,1.0,636,bef9ff6308546a18
1,0.8531468510627747,686,ai_the_thao_0614_GPT-5.6 Luna
0,1.01036274433136,515,50503dd568a46302
1,0.9242424368858336,596,ai_chinh_tri_0673_gemini-3.7-flash
0,1.0,532,7557d28200c0a2c7
0,0.8432432413101196,655,2109089d39616bb6
0,1.0740740299224854,512,60e0c8286e11a5f3
1,0.925110161304474,599,ai_giao_duc_0221_gemini-3.7-flash
0,1.0416666269302368,692,493485290d441c90
0,1.0,768,78805ebc7fac1734
0,1.0136054754257202,670,c29ab2610c4cdbe0
1,0.8848921060562134,686,ai_xa_hoi_0180_GPT-5.6 Luna
0,1.022471904754639,512,a40f2f302e80aa0b
0,1.0,570,6e570ed243e9bb7e
1,0.8500000238418579,684,ai_the_thao_0360_GPT-5.6 Luna
0,0.9094488024711608,656,9dc69a3ab4a833f4
1,0.9166666865348816,514,ai_kinh_te_0644_gemini-3.7-flash
0,0.9919999837875366,633,d381a891b7b0bce1
1,0.9910714030265808,550,ai_van_hoa_0706_gemini-3.7-flash
1,0.8586207032203674,685,ai_the_thao_0788_GPT-5.6 Luna
1,0.9910714030265808,550,ai_van_hoa_0378_gemini-3.7-flash
0,0.95703125,768,a4ec1ddb0b89d8f0
1,0.9279661178588868,569,ai_xa_hoi_0061_gemini-3.7-flash
1,0.8531468510627747,685,ai_the_thao_0531_GPT-5.6 Luna
0,1.0,512,be89349e74d292dc
1,0.8591549396514893,686,ai_van_hoa_0273_GPT-5.6 Luna
0,1.0272108316421509,632,3599808a9d7de811
0,0.9477611780166626,621,6ceea7163181db85
0,1.1329786777496338,768,a0854463ba7582f1
1,0.8623188138008118,687,ai_kinh_te_0616_GPT-5.6 Luna
1,0.85447758436203,530,ai_kinh_te_0391_gemini-3.7-flash
1,0.8219696879386902,555,ai_van_hoa_0631_gemini-3.7-flash
0,1.0145984888076782,541,6d739a894c86c3d8
0,0.925000011920929,768,dd6273b0c53f69d0
1,0.8219696879386902,555,ai_van_hoa_0359_gemini-3.7-flash
0,0.9728682041168212,768,980d994fb27919d5
0,0.9765625,512,3d40d6a1a592f481
1,0.828000009059906,529,ai_the_thao_0258_gemini-3.7-flash
0,1.0748299360275269,538,23e6fe1ba8f1330d
1,0.8678571581840515,684,ai_van_hoa_0527_GPT-5.6 Luna
0,0.976190447807312,720,55fcaad740907af7
0,1.020134210586548,603,6b91dfc3fcd4cc42
1,0.8620689511299133,686,ai_the_thao_0364_GPT-5.6 Luna
1,0.8633093237876892,685,ai_the_thao_0102_GPT-5.6 Luna
1,0.8426573276519775,684,ai_chinh_tri_0052_GPT-5.6 Luna
0,0.8966942429542542,658,4e14d44afe09f612
1,0.8333333134651184,530,ai_kinh_te_0507_gemini-3.7-flash
0,0.9545454382896424,768,4c97ac3301249d58
1,0.8528138399124146,575,ai_van_hoa_0113_gemini-3.7-flash
0,1.0068964958190918,645,97570c333a84d662
0,0.8984962701797485,509,0e975379aa4b1e9f
0,0.9635036587715148,712,ed089098d1dd0f5f
0,1.0248756408691406,674,06d0bc8c93b8640f
0,0.9166666865348816,564,a80c97c8851ce427
0,0.9230769276618958,512,a6a49a65d9292ce5
1,0.8888888955116272,518,ai_chinh_tri_0107_gemini-3.7-flash
0,0.9510869383811952,501,10d9aad413a028fc
0,1.078787922859192,512,0ac9b5ef593e6adf
1,0.8888888955116272,643,ai_kinh_te_0273_gemini-3.7-flash
0,0.9722222089767456,512,4b2bc3463755352b
1,0.8391608595848083,684,ai_the_thao_0656_GPT-5.6 Luna
1,0.8410041928291321,531,ai_the_thao_0286_gemini-3.7-flash
1,0.8888888955116272,518,ai_chinh_tri_0715_gemini-3.7-flash
0,0.9541666507720948,641,287ed706249e0daa
1,0.8695651888847351,684,ai_chinh_tri_0341_GPT-5.6 Luna
0,0.98828125,512,d611197ab2e98905
1,0.8840579986572266,686,ai_giao_duc_0103_GPT-5.6 Luna
1,0.8219696879386902,555,ai_van_hoa_0087_gemini-3.7-flash
1,0.8738738894462585,530,ai_giao_duc_0468_gemini-3.7-flash
1,0.8531468510627747,685,ai_the_thao_0171_GPT-5.6 Luna
1,0.8333333134651184,530,ai_kinh_te_0747_gemini-3.7-flash
1,0.9204545617103576,685,ai_xa_hoi_0207_GPT-5.6 Luna
1,0.886956512928009,596,ai_the_thao_0237_gemini-3.7-flash
1,0.8680555820465088,686,ai_the_thao_0649_GPT-5.6 Luna
0,1.0384615659713743,512,1b0c1b08141c30ee
0,0.8918918967247009,762,7fd7604aec00c8d4
0,0.943319857120514,588,1ec0584f296e5c47
0,1.0963302850723269,594,cb5410c7e2d552a2
0,0.9764705896377563,512,dc27960b1e646014
0,1.029850721359253,560,88440b78f6930dd1
0,1.006666660308838,768,8d64e457dc212d26
1,0.8263888955116272,684,ai_the_thao_0224_GPT-5.6 Luna
0,1.051724195480347,671,8dbcbdfe2715bcfb
1,0.8758864998817444,685,ai_van_hoa_0615_GPT-5.6 Luna
1,0.8561151027679443,686,ai_kinh_te_0600_GPT-5.6 Luna
0,0.966292142868042,512,474caba536c02e9c
0,0.9958847761154176,572,f5ac59ae90b66d29
0,0.96276593208313,768,b8f627a27c998791
1,0.8590308427810669,595,ai_the_thao_0305_gemini-3.7-flash
0,1.0314960479736328,598,2784ed059865b566
1,0.8401360511779785,684,ai_the_thao_0239_GPT-5.6 Luna
0,1.0,672,eef7b6c16d33664a
1,0.8865247964859009,686,ai_giao_duc_0318_GPT-5.6 Luna
1,0.9004328846931458,566,ai_chinh_tri_0246_gemini-3.7-flash
0,0.9720279574394226,768,0815bf309cc5b615
1,0.912350594997406,515,ai_kinh_te_0600_gemini-3.7-flash
1,0.829365074634552,523,ai_the_thao_0560_gemini-3.7-flash
0,1.0,622,7003cb93c7c22b2e
1,0.866906464099884,686,ai_kinh_te_0541_GPT-5.6 Luna
1,0.8360000252723694,557,ai_van_hoa_0819_gemini-3.7-flash
0,1.029850721359253,639,26cb9da132f7b29b
1,0.866906464099884,685,ai_xa_hoi_0606_GPT-5.6 Luna
0,1.051724195480347,630,78b176316e6de6be
1,0.8888888955116272,518,ai_chinh_tri_0227_gemini-3.7-flash
1,0.8652482032775879,686,ai_xa_hoi_0333_GPT-5.6 Luna
0,0.9115384817123412,643,3a0b7de6650813c6
0,0.9720930457115172,768,50f95e1f89e1bb09
0,0.9032257795333862,768,f70d6b3021f1fb9d
1,0.827464759349823,684,ai_van_hoa_0669_GPT-5.6 Luna
1,0.925110161304474,599,ai_giao_duc_0197_gemini-3.7-flash
1,0.85447758436203,530,ai_kinh_te_0263_gemini-3.7-flash
1,0.912350594997406,515,ai_kinh_te_0376_gemini-3.7-flash
1,0.8733624219894409,545,ai_chinh_tri_0300_gemini-3.7-flash
1,0.8590308427810669,595,ai_the_thao_0625_gemini-3.7-flash
0,1.0,768,fc8e268bbd37e772
1,0.8528138399124146,575,ai_van_hoa_0633_gemini-3.7-flash
0,1.0179641246795654,768,1c762d5b4bf944de
0,1.0827068090438845,512,22e10c634f562491
1,0.8723404407501221,686,ai_kinh_te_0697_GPT-5.6 Luna
1,0.9910714030265808,550,ai_van_hoa_0410_gemini-3.7-flash
1,0.8607142567634583,686,ai_xa_hoi_0605_GPT-5.6 Luna
0,0.9631578922271729,634,aadc92fb3dfd6017
0,0.9635036587715148,768,54f3b04605bbaffb
0,1.0,604,22b24e2e03d2acfb
1,0.8782608509063721,547,ai_van_hoa_0108_gemini-3.7-flash
1,0.9404255151748656,533,ai_xa_hoi_0450_gemini-3.7-flash
1,0.8823529481887817,684,ai_giao_duc_0497_GPT-5.6 Luna
1,0.8410041928291321,531,ai_the_thao_0014_gemini-3.7-flash
0,0.9930555820465088,441,5e215385cc0e94d5
1,0.9531915187835692,531,ai_xa_hoi_0158_gemini-3.7-flash
0,0.9747899174690248,687,1cafe0c169c8b39b
0,1.013071894645691,512,9cf3fce923c725af
0,1.0,669,c83cf9275c327849
0,1.0136985778808594,512,c85ca605711f15c6
0,0.9806201457977296,768,de1a698650f45c42
0,0.9683544039726256,666,802523666e2be985
0,0.9338235259056092,605,9056972ae53ddc6f
0,0.9866666793823242,768,9b22b76adc72e085
1,0.8905109763145447,684,ai_kinh_te_0327_GPT-5.6 Luna
0,1.0275862216949463,768,ce122071f77594cc
1,0.8556337952613831,686,ai_van_hoa_0745_GPT-5.6 Luna
0,1.0,512,1bff8016f680bacb
1,0.9230769276618958,494,ai_xa_hoi_0300_gemini-3.7-flash
1,0.925110161304474,599,ai_giao_duc_0141_gemini-3.7-flash
0,0.9436089992523192,512,56c436695be90412
0,0.9855072498321532,768,42b2f3dc12ce4de4
0,1.1194030046463013,552,54a2e0db71c3c861
1,0.8623188138008118,685,ai_chinh_tri_0577_GPT-5.6 Luna
1,0.8333333134651184,530,ai_kinh_te_0299_gemini-3.7-flash
0,0.9370370507240297,660,bc4b5a06050696e1
1,0.8999999761581421,686,ai_giao_duc_0075_GPT-5.6 Luna
1,0.8623188138008118,684,ai_chinh_tri_0103_GPT-5.6 Luna
1,0.8799999952316284,554,ai_the_thao_0491_gemini-3.7-flash
0,1.0227272510528564,512,c41f5e3dac2ad40b
1,0.8556337952613831,686,ai_xa_hoi_0477_GPT-5.6 Luna
0,0.9958506226539612,686,04bf2a91c4e03098
1,0.9242424368858336,596,ai_chinh_tri_0369_gemini-3.7-flash
1,0.8799999952316284,554,ai_the_thao_0707_gemini-3.7-flash
0,0.9411764740943908,512,ea94498512efd4a1
0,0.98046875,655,de2e1b80a054510e
0,0.9090909361839294,532,00a3de8c82ee3430
0,1.0,512,444d1414dd249e0e
0,0.9559999704360962,677,6122d82b53b01ffa
0,0.992094874382019,768,1d96753723ba5c90
1,0.9910714030265808,550,ai_van_hoa_0666_gemini-3.7-flash
0,0.9534883499145508,514,865c8f9b117eb06c
1,0.8473895788192749,521,ai_the_thao_0180_gemini-3.7-flash
0,0.9288889169692992,636,1a6eccbd36df05f8
0,0.9729729890823364,512,15259704b1b3422a
1,0.8445945978164673,684,ai_the_thao_0511_GPT-5.6 Luna
1,0.8527397513389587,686,ai_the_thao_0029_GPT-5.6 Luna
1,0.8804348111152649,685,ai_chinh_tri_0161_GPT-5.6 Luna
1,0.8623188138008118,684,ai_chinh_tri_0463_GPT-5.6 Luna
0,0.95652174949646,656,06bedc06cab63fc3
0,0.966216206550598,643,b1f82ae4dfbc6df6
1,0.8590308427810669,595,ai_the_thao_0753_gemini-3.7-flash
1,0.8333333134651184,530,ai_kinh_te_0243_gemini-3.7-flash
0,0.9645389914512634,768,da6a241e1efc4f30
0,0.980861246585846,697,72ddc27ac0f4c020
1,0.9279661178588868,569,ai_xa_hoi_0645_gemini-3.7-flash
0,0.97183096408844,643,f7f4d131848ab4aa
1,0.8360000252723694,557,ai_van_hoa_0811_gemini-3.7-flash
0,0.9282868504524232,768,1fa5246870deed99
1,0.8731883764266968,686,ai_chinh_tri_0704_GPT-5.6 Luna
0,1.0583332777023315,652,1c6ee6afe2efc7c7
1,0.8556337952613831,686,ai_kinh_te_0595_GPT-5.6 Luna
0,0.947580635547638,634,958d90bf3626551b
0,1.021897792816162,512,257147a59d465e59
0,1.009174346923828,512,031100eecbbcc6ff
0,0.992424249649048,768,ec1d5f14148240fc
0,0.9847328066825868,768,f5b0ebe5a31241c3
0,1.0387096405029297,635,4c5e9da824617dfa
1,0.8731883764266968,686,ai_kinh_te_0232_GPT-5.6 Luna
1,0.8991228342056274,565,ai_chinh_tri_0410_gemini-3.7-flash
1,0.8799999952316284,554,ai_the_thao_0771_gemini-3.7-flash
1,0.8776978254318237,686,ai_chinh_tri_0826_GPT-5.6 Luna
1,0.8591549396514893,685,ai_the_thao_0710_GPT-5.6 Luna
0,1.0,768,65fef0987a792de8
0,0.9263566136360168,512,e8dfa083ea77817f
1,0.8758864998817444,685,ai_van_hoa_0135_GPT-5.6 Luna
1,0.8956834673881531,686,ai_xa_hoi_0820_GPT-5.6 Luna
0,0.9290780425071716,512,53eeac5eba767a1a
0,0.9386792182922364,768,08d70effdfb95377
1,0.828000009059906,529,ai_the_thao_0634_gemini-3.7-flash
1,0.9004328846931458,566,ai_chinh_tri_0574_gemini-3.7-flash
0,0.9172661900520324,408,d531b4944eb5cbb5
0,1.0397350788116455,590,3e0a65aa0a9e709d
0,0.9824561476707458,512,8ac784456a9b5811
1,0.8633093237876892,684,ai_chinh_tri_0087_GPT-5.6 Luna
0,1.0285714864730835,512,42a75d37aa4f7320
0,0.934883713722229,768,eb61af6b3f8c4af6
0,0.9642857313156128,536,8e3a1fa147485a34
0,0.9722222089767456,768,a129eb9183ed8fd7
0,0.9925925731658936,512,35ce10844b3a6e03
0,1.073275804519653,512,e1a84a7156dc5aba
1,0.828000009059906,529,ai_the_thao_0746_gemini-3.7-flash
0,1.0833333730697632,688,1843ce7a8f13c86d
1,0.8510638475418091,686,ai_xa_hoi_0254_GPT-5.6 Luna
0,0.9513513445854188,768,11e2bca683b717ab
0,0.935606062412262,661,13088f249eb3915a
1,0.8617021441459656,684,ai_the_thao_0499_GPT-5.6 Luna
1,0.8695651888847351,684,ai_giao_duc_0296_GPT-5.6 Luna
0,1.0406503677368164,684,e0e927ffebe65adc
1,0.9014084339141846,550,ai_xa_hoi_0279_gemini-3.7-flash
1,0.8423236608505249,517,ai_giao_duc_0438_gemini-3.7-flash
1,0.8483412265777588,560,ai_giao_duc_0767_gemini-3.7-flash
0,1.0242915153503418,512,1cc45208e1d36132
1,0.8755555748939514,513,ai_chinh_tri_0319_gemini-3.7-flash
1,0.8590308427810669,595,ai_the_thao_0529_gemini-3.7-flash
1,0.8661971688270569,686,ai_xa_hoi_0274_GPT-5.6 Luna
0,1.0,616,201651529e4e3508
1,0.8607142567634583,684,ai_giao_duc_0560_GPT-5.6 Luna
1,0.8515625,567,ai_kinh_te_0326_gemini-3.7-flash
0,1.1082251071929932,512,15ca667887fdfbd3
0,0.9571428298950196,512,3e5f98a289158c8d
1,0.89552241563797,684,ai_xa_hoi_0391_GPT-5.6 Luna
1,0.8510638475418091,684,ai_van_hoa_0561_GPT-5.6 Luna
0,0.9649122953414916,649,9d3468a67af15877
0,0.9716312289237976,757,24e0a3df900352be
0,0.9754098653793336,512,b772455892318730
1,0.828000009059906,529,ai_the_thao_0722_gemini-3.7-flash
1,0.8888888955116272,518,ai_chinh_tri_0571_gemini-3.7-flash
1,0.8661971688270569,685,ai_kinh_te_0230_GPT-5.6 Luna
0,0.990783393383026,512,e2cb72c1af2fc831
1,0.8423236608505249,517,ai_giao_duc_0406_gemini-3.7-flash
1,0.8617021441459656,684,ai_the_thao_0643_GPT-5.6 Luna
0,1.0650407075881958,525,f7d20341b6ad59f4
1,0.8623188138008118,686,ai_chinh_tri_0787_GPT-5.6 Luna
1,0.8360000252723694,557,ai_van_hoa_0435_gemini-3.7-flash
1,0.83984375,555,ai_van_hoa_0031_gemini-3.7-flash
0,1.0150375366210938,512,e1813f59ce7aef28
1,0.867521345615387,600,ai_giao_duc_0777_gemini-3.7-flash
1,0.8888888955116272,518,ai_chinh_tri_0587_gemini-3.7-flash
1,0.8617021441459656,685,ai_van_hoa_0177_GPT-5.6 Luna
1,0.8482758402824402,685,ai_chinh_tri_0244_GPT-5.6 Luna
0,1.0372092723846436,768,bbdafb5d7d0ef0ea
1,0.8546099066734314,686,ai_chinh_tri_0331_GPT-5.6 Luna
1,0.9166666865348816,514,ai_kinh_te_0372_gemini-3.7-flash
0,0.9626556038856506,606,d20f54489ec270bf
0,0.90625,768,579ad7b81018e02b
1,0.8345070481300354,684,ai_xa_hoi_0440_GPT-5.6 Luna
1,0.8690476417541504,568,ai_kinh_te_0610_gemini-3.7-flash
1,0.8423236608505249,517,ai_giao_duc_0486_gemini-3.7-flash
0,0.9135338068008424,559,db924611e2017ba1
0,1.045454502105713,638,c03992d1719d2cf9
1,0.8636363744735718,685,ai_the_thao_0539_GPT-5.6 Luna
0,0.9150943160057068,680,a17e28155074e534
0,1.08713698387146,600,347797a94a0cc22e
1,0.8759124279022217,684,ai_van_hoa_0086_GPT-5.6 Luna
0,0.9955357313156128,768,468c82e3ecaa15d9
0,0.9677419066429138,444,080755f61de53a92
1,0.8991228342056274,565,ai_chinh_tri_0698_gemini-3.7-flash
0,0.8868613243103027,512,c0dbf488fdb55f8c
1,0.8368055820465088,686,ai_xa_hoi_0266_GPT-5.6 Luna
1,0.8905109763145447,686,ai_chinh_tri_0481_GPT-5.6 Luna
0,0.9230769276618958,698,921b0e0783fb9c47
1,0.8617021441459656,685,ai_the_thao_0770_GPT-5.6 Luna
0,0.9836065769195556,768,e843ba348cb09d1b
0,1.076923131942749,651,af6c24805aa16c88
1,0.8590308427810669,595,ai_the_thao_0457_gemini-3.7-flash
0,0.939226508140564,512,b5e039afaddfaefb
0,1.0456432104110718,768,b236da12683d333b
1,0.8785714507102966,685,ai_kinh_te_0582_GPT-5.6 Luna
0,0.935897409915924,672,e37b2590e3c7fbf7
0,0.8882352709770203,657,f46b7c1219f5d0d6
0,0.9768518805503844,567,7a7655d8d733e235
1,0.866906464099884,686,ai_kinh_te_0061_GPT-5.6 Luna
1,0.8686131238937378,684,ai_giao_duc_0449_GPT-5.6 Luna
1,0.925110161304474,599,ai_giao_duc_0053_gemini-3.7-flash
1,0.8450704216957092,684,ai_xa_hoi_0544_GPT-5.6 Luna
1,0.8723404407501221,685,ai_the_thao_0338_GPT-5.6 Luna
1,0.85447758436203,530,ai_kinh_te_0663_gemini-3.7-flash
1,0.8527397513389587,686,ai_the_thao_0053_GPT-5.6 Luna
0,1.0170212984085083,672,ef1f21b62ec168be
0,1.0,665,5e3881dc4d668fb7
0,1.0428571701049805,512,370135e0131de9cb
0,0.9713114500045776,768,e8b5606610ae5b67
0,0.9585062265396118,512,d20c6d0d747aa5ce
1,0.8639705777168274,684,ai_giao_duc_0145_GPT-5.6 Luna
1,0.9279661178588868,569,ai_xa_hoi_0277_gemini-3.7-flash
1,0.8859649300575256,518,ai_giao_duc_0370_gemini-3.7-flash
0,1.0123456716537476,512,d1de7421131766f6
0,1.0230768918991089,646,0ea231f52faf5645
0,1.0137615203857422,703,aed1a07d88e67eba
0,0.9336099624633788,753,18e17176d4654d49
1,0.8514492511749268,684,ai_chinh_tri_0522_GPT-5.6 Luna
0,1.0131003856658936,672,5f1b486ac53f2cc9
0,0.9932432174682616,768,1eb2277283d9ae12
0,0.991416335105896,512,19ae1c06665b9b8d
1,0.8741007447242737,685,ai_kinh_te_0574_GPT-5.6 Luna
1,0.8731883764266968,684,ai_van_hoa_0302_GPT-5.6 Luna
0,0.9922480583190918,512,45cf3dab7236d7a8
1,0.8423236608505249,517,ai_giao_duc_0262_gemini-3.7-flash
0,1.0627615451812744,509,5f8b22a83ce33d15
1,0.8741007447242737,686,ai_kinh_te_0248_GPT-5.6 Luna
0,0.931818187236786,512,486b4da4ff6ba4ef
1,0.8590308427810669,595,ai_the_thao_0649_gemini-3.7-flash
1,0.8713235259056091,684,ai_giao_duc_0777_GPT-5.6 Luna
1,0.8500000238418579,686,ai_xa_hoi_0325_GPT-5.6 Luna
0,0.9774436354637146,639,f9b44d4412741514
0,1.0127118825912476,768,f163b586d06ffa2a
1,0.9404255151748656,533,ai_xa_hoi_0170_gemini-3.7-flash
1,0.886956512928009,596,ai_the_thao_0645_gemini-3.7-flash
0,1.0041322708129885,574,0d1da7773bb2da12
1,0.912350594997406,515,ai_kinh_te_0280_gemini-3.7-flash
0,1.0039682388305664,768,6e9ece726319d74d
1,0.8991228342056274,565,ai_chinh_tri_0506_gemini-3.7-flash
0,0.9794238805770874,512,d5cb5f13d7ea38ca
1,0.8784722089767456,686,ai_the_thao_0385_GPT-5.6 Luna
1,0.8649635314941406,684,ai_chinh_tri_0785_GPT-5.6 Luna
1,0.8723404407501221,685,ai_kinh_te_0198_GPT-5.6 Luna
0,0.9465240836143494,569,21e0cb17a5a9d585
1,0.8652482032775879,685,ai_giao_duc_0720_GPT-5.6 Luna
0,0.969465672969818,680,3746cd05737930d8
0,0.9725490212440492,768,5fbdf94c85876edf
0,0.9724409580230712,541,331a39051ae4d898
0,1.058823585510254,539,2a6d8472583b5a62
0,0.7481481432914734,553,b6d159576ef3dbc4
0,0.942148745059967,512,05b3773acfd1a575
0,0.9934640526771544,727,0ecb3086d0535a1a
1,0.8354430198669434,554,ai_the_thao_0823_gemini-3.7-flash
0,0.9857142567634584,699,abbc2d2a9a5bf525
1,0.8423236608505249,517,ai_giao_duc_0718_gemini-3.7-flash
1,0.8571428656578064,686,ai_kinh_te_0808_GPT-5.6 Luna
1,0.886956512928009,596,ai_the_thao_0477_gemini-3.7-flash
0,0.9503546357154846,666,65ecfe9bd315bcf4
0,1.0215517282485962,512,b17bcbc54ffa1020
1,0.8661971688270569,685,ai_the_thao_0380_GPT-5.6 Luna
0,0.9363057613372804,659,607023aeada54acf
0,1.0,613,422e0527b3025e76
1,0.8423236608505249,517,ai_giao_duc_0518_gemini-3.7-flash
1,0.8633093237876892,684,ai_chinh_tri_0573_GPT-5.6 Luna
1,0.8623188138008118,686,ai_kinh_te_0544_GPT-5.6 Luna
0,1.0620155334472656,512,027c321d527aa962
0,0.9926470518112184,704,78468b4e45845240
1,0.8713235259056091,684,ai_kinh_te_0594_GPT-5.6 Luna
0,0.918367326259613,666,d46aa586b9b39a26
0,0.9846153855323792,512,a07e8dd0ee95bf3c
1,0.8723404407501221,686,ai_kinh_te_0673_GPT-5.6 Luna
0,0.9818181991577148,660,2218de156b94b390
0,0.9664429426193236,768,89d7142341fa22f9
1,0.8525179624557495,684,ai_chinh_tri_0230_GPT-5.6 Luna
1,0.8423236608505249,517,ai_giao_duc_0398_gemini-3.7-flash
1,0.8617021441459656,684,ai_the_thao_0043_GPT-5.6 Luna
0,1.035398244857788,512,c6a033bf85aab83b
0,0.9819004535675048,768,8702ef40d9257313
1,0.8782608509063721,547,ai_van_hoa_0436_gemini-3.7-flash
0,1.0,698,8db6e5f6ee4f790a
1,0.8733624219894409,545,ai_chinh_tri_0684_gemini-3.7-flash
1,0.8723404407501221,685,ai_the_thao_0412_GPT-5.6 Luna
1,0.8848921060562134,686,ai_giao_duc_0423_GPT-5.6 Luna
1,0.8219696879386902,555,ai_van_hoa_0551_gemini-3.7-flash
0,1.020100474357605,545,a25c6d52c0448d9b
1,0.8355704545974731,684,ai_the_thao_0703_GPT-5.6 Luna
1,0.8496503233909607,684,ai_van_hoa_0023_GPT-5.6 Luna
0,1.049723744392395,655,03688672316d447d
1,0.8690476417541504,568,ai_kinh_te_0298_gemini-3.7-flash
1,0.8714285492897034,685,ai_the_thao_0302_GPT-5.6 Luna
0,1.0289855003356934,512,88bf0010f4f71aa7
0,0.8937007784843445,668,f35347cb5061c9fb
1,0.8389830589294434,554,ai_the_thao_0535_gemini-3.7-flash
0,1.017699122428894,512,181e5313fa748813
0,1.071005940437317,512,44336d92f12240f5
1,0.8888888955116272,518,ai_chinh_tri_0411_gemini-3.7-flash
0,1.0305343866348269,523,47fd88fca33a5984
0,0.9659863710403442,661,7297e5e6388aee0d
0,0.957446813583374,768,f64c8ae77d1548ae
0,0.9929078221321106,512,d3448e20e244e82b
1,0.8888888955116272,518,ai_chinh_tri_0563_gemini-3.7-flash
1,0.9014084339141846,550,ai_xa_hoi_0343_gemini-3.7-flash
1,0.9531915187835692,531,ai_xa_hoi_0038_gemini-3.7-flash
1,0.8333333134651184,530,ai_kinh_te_0195_gemini-3.7-flash
0,0.9409449100494384,555,881277a189124fe2
1,0.8695651888847351,684,ai_chinh_tri_0695_GPT-5.6 Luna
1,0.8571428656578064,685,ai_van_hoa_0803_GPT-5.6 Luna
1,0.8678571581840515,685,ai_chinh_tri_0831_GPT-5.6 Luna
0,1.092105269432068,512,ee375f2ae6779663
1,0.8576388955116272,685,ai_the_thao_0676_GPT-5.6 Luna
0,0.9264705777168274,512,ad9b89e85e47409f
1,0.8410041928291321,531,ai_the_thao_0710_gemini-3.7-flash
1,0.8652482032775879,686,ai_van_hoa_0720_GPT-5.6 Luna
0,0.9904305934906006,748,3e904b6fdd23fd17
0,1.0,656,c06d8d5007d2dea8
0,0.9411764740943908,697,d9925625a27f1638
1,0.866906464099884,685,ai_kinh_te_0506_GPT-5.6 Luna
1,0.8623188138008118,686,ai_chinh_tri_0187_GPT-5.6 Luna
1,0.8500000238418579,685,ai_chinh_tri_0094_GPT-5.6 Luna
1,0.866906464099884,686,ai_kinh_te_0301_GPT-5.6 Luna
0,0.8933823704719543,559,d2257fb33186b3dc
1,0.867521345615387,600,ai_giao_duc_0489_gemini-3.7-flash
1,0.8888888955116272,643,ai_kinh_te_0321_gemini-3.7-flash
1,0.84375,684,ai_chinh_tri_0468_GPT-5.6 Luna
1,0.9910714030265808,550,ai_van_hoa_0538_gemini-3.7-flash
0,0.9269230961799622,665,d7e84726d858499a
0,0.9728682041168212,512,513cfde2f0345af8
0,0.97183096408844,566,16f4d3817b6991ad
1,0.9234449863433838,551,ai_xa_hoi_0155_gemini-3.7-flash
1,0.8652482032775879,685,ai_the_thao_0766_GPT-5.6 Luna
1,0.8576388955116272,686,ai_the_thao_0164_GPT-5.6 Luna
0,1.0,768,43b8e903d557666e
0,0.952054798603058,521,fcf2034f791280ee
1,0.828000009059906,529,ai_the_thao_0066_gemini-3.7-flash
0,0.9722222089767456,512,e25797c62786a480
1,0.8367347121238708,684,ai_the_thao_0199_GPT-5.6 Luna
0,1.0071429014205933,768,6a4c3867b9b011b2
1,0.8652482032775879,685,ai_kinh_te_0003_GPT-5.6 Luna
0,1.0993376970291138,512,7e03c4a86b49cd52
0,1.0289855003356934,642,82eb099978fae961
1,0.8813559412956238,574,ai_van_hoa_0093_gemini-3.7-flash
1,0.8735178112983704,644,ai_kinh_te_0245_gemini-3.7-flash
0,0.9313304424285888,655,5a2cfef092b4902d
1,0.8586956262588501,684,ai_chinh_tri_0802_GPT-5.6 Luna
1,0.8759124279022217,686,ai_xa_hoi_0707_GPT-5.6 Luna
1,0.912350594997406,515,ai_kinh_te_0144_gemini-3.7-flash
1,0.8840579986572266,684,ai_van_hoa_0150_GPT-5.6 Luna
1,0.8741007447242737,685,ai_xa_hoi_0651_GPT-5.6 Luna
1,0.9242424368858336,596,ai_chinh_tri_0697_gemini-3.7-flash
0,0.908450722694397,513,fa3b57269882c71c
1,0.8690476417541504,568,ai_kinh_te_0130_gemini-3.7-flash
1,0.8584070801734924,544,ai_van_hoa_0328_gemini-3.7-flash
0,1.218181848526001,508,dbaca89b4839f7d6
1,0.925110161304474,599,ai_giao_duc_0117_gemini-3.7-flash
1,0.8652482032775879,686,ai_van_hoa_0120_GPT-5.6 Luna
1,0.912350594997406,515,ai_kinh_te_0288_gemini-3.7-flash
0,0.8947368264198303,628,c76ed7d933899e2f
1,0.8695651888847351,684,ai_giao_duc_0656_GPT-5.6 Luna
0,0.9477611780166626,512,b60d146d6220fda9
0,1.0263158082962036,544,a57c72b436ecca9c
1,0.8804348111152649,685,ai_kinh_te_0309_GPT-5.6 Luna
0,0.9158878326416016,683,1ef81460f3c05797
0,0.9754601120948792,512,e8821e11030d3e11
0,0.9729729890823364,724,d2d19568fe3c41e5
0,1.04020094871521,562,117e5e963c6d0a53
0,1.009615421295166,539,9e90d43dcb7c2a80
0,0.9475982785224916,657,824e093c4c5a51b9
1,0.8458904027938843,685,ai_the_thao_0348_GPT-5.6 Luna
1,0.8528138399124146,575,ai_van_hoa_0337_gemini-3.7-flash
0,0.9824561476707458,538,9a9cc2215158a994
0,1.0384615659713743,563,424d5b9153f59039
0,1.0,768,d4d5da08d92e717c
0,0.9242424368858336,512,e0bc3255183bc588
1,0.866906464099884,684,ai_chinh_tri_0125_GPT-5.6 Luna
1,0.8485915660858154,685,ai_van_hoa_0096_GPT-5.6 Luna
0,1.0596026182174685,601,a69bfd7912511c9c
0,0.9567099809646606,512,ac9a539bb195b022
0,0.9306122660636902,768,d856695fd0bf7e06
0,1.045918345451355,512,28ea016fd02a26d1
1,0.9242424368858336,596,ai_chinh_tri_0193_gemini-3.7-flash
0,0.8726415038108826,647,e3ce5e935270d8ab
1,0.8515625,567,ai_kinh_te_0278_gemini-3.7-flash
0,1.1203320026397705,614,8745a8ada3c3b97e
1,0.8500000238418579,686,ai_chinh_tri_0114_GPT-5.6 Luna
0,0.9360902309417723,566,5e9fc7757cc94b7f
0,0.9280575513839722,650,3c2007232ee4da1f
0,0.9936708807945251,512,bc7cf220c9ab5293
1,0.8755555748939514,513,ai_chinh_tri_0207_gemini-3.7-flash
1,0.9531915187835692,531,ai_xa_hoi_0622_gemini-3.7-flash
1,0.8652482032775879,685,ai_the_thao_0246_GPT-5.6 Luna
1,0.9383260011672974,551,ai_van_hoa_0478_gemini-3.7-flash
1,0.8219696879386902,555,ai_van_hoa_0199_gemini-3.7-flash
1,0.8652482032775879,685,ai_the_thao_0006_GPT-5.6 Luna
0,0.9595375657081604,768,9c0f23fe98c810ff
1,0.828000009059906,529,ai_the_thao_0074_gemini-3.7-flash
1,0.827464759349823,684,ai_van_hoa_0549_GPT-5.6 Luna
0,1.0112359523773191,512,cf6d71d931c424e4
0,1.0439560413360596,650,ebf6120534627bf0
0,0.925000011920929,595,609e1fb3243f072f
1,0.8426573276519775,686,ai_xa_hoi_0410_GPT-5.6 Luna
0,1.0,623,d5cbdfff063b22c1
1,0.9910714030265808,550,ai_van_hoa_0098_gemini-3.7-flash
0,0.9664429426193236,768,12fdf150983e8047
0,0.9554656147956848,512,6e9328e1bd4980a1
1,0.9166666865348816,514,ai_kinh_te_0692_gemini-3.7-flash
0,1.0234375,600,8fe52d53b851da62
0,1.0214592218399048,520,cea95a6272c90e66
1,0.8561151027679443,684,ai_van_hoa_0531_GPT-5.6 Luna
1,0.8888888955116272,518,ai_chinh_tri_0243_gemini-3.7-flash
1,0.8391608595848083,684,ai_the_thao_0688_GPT-5.6 Luna
0,1.059999942779541,748,e4677228f70fcb32
0,0.9149797558784484,512,9b1c2b55e7c5241b
0,1.0390625,768,f6e906b781863832
0,0.9923664331436156,512,179b03f4f63330f9
0,0.9795082211494446,613,e02af27d16cacccf
1,0.8735178112983704,644,ai_kinh_te_0045_gemini-3.7-flash
1,0.8389830589294434,554,ai_the_thao_0607_gemini-3.7-flash
0,0.9107142686843872,748,4b23bc5c25f3c2a3
1,0.8905109763145447,686,ai_chinh_tri_0441_GPT-5.6 Luna
0,1.0,577,07297f27c54a1dd7
1,0.8859649300575256,518,ai_giao_duc_0154_gemini-3.7-flash
1,0.9404255151748656,533,ai_xa_hoi_0466_gemini-3.7-flash
1,0.886956512928009,596,ai_the_thao_0637_gemini-3.7-flash
1,0.8913043737411499,686,ai_giao_duc_0213_GPT-5.6 Luna
1,0.867521345615387,600,ai_giao_duc_0761_gemini-3.7-flash
0,0.9773755669593812,641,6bae8e63c98d39be
0,0.9502487778663636,613,507c63a5c192d068
0,0.9936708807945251,684,c9cc251f9a211945
1,0.8401360511779785,684,ai_the_thao_0143_GPT-5.6 Luna
1,0.8546099066734314,686,ai_chinh_tri_0811_GPT-5.6 Luna
0,0.962499976158142,768,1efb6ae1aa60fff3
1,0.8678571581840515,686,ai_van_hoa_0475_GPT-5.6 Luna
1,0.8799999952316284,554,ai_the_thao_0827_gemini-3.7-flash
1,0.9227467775344848,570,ai_xa_hoi_0593_gemini-3.7-flash
0,1.0809524059295654,639,3bba1092c2139fcc
0,1.1015625,768,b666b42387011686
1,0.8714285492897034,685,ai_xa_hoi_0454_GPT-5.6 Luna
1,0.9222221970558168,685,ai_kinh_te_0556_GPT-5.6 Luna
0,0.9848484992980956,580,63795c2dbc034519
0,0.9806201457977296,662,6c3193739040c432
1,0.828000009059906,529,ai_the_thao_0650_gemini-3.7-flash
0,1.0315788984298706,512,34367b60b45445ef
1,0.8759124279022217,685,ai_chinh_tri_0273_GPT-5.6 Luna
0,0.9741935729980468,768,42f6df43d9dc9867
1,0.8360000252723694,557,ai_van_hoa_0571_gemini-3.7-flash
1,0.9194915294647216,497,ai_xa_hoi_0696_gemini-3.7-flash
0,0.9959839582443236,768,4ac28664433fe9a3
1,0.8561151027679443,684,ai_van_hoa_0291_GPT-5.6 Luna
0,1.0703517198562622,512,1b27dfeae03a3358
1,0.8584070801734924,544,ai_van_hoa_0136_gemini-3.7-flash
0,1.00421941280365,512,80d97fd9fe36bc9b
1,0.8905109763145447,684,ai_van_hoa_0710_GPT-5.6 Luna
0,0.9794238805770874,693,93197ac5a804f149
1,0.8391608595848083,684,ai_the_thao_0784_GPT-5.6 Luna
0,1.13043475151062,697,e322186e4058f460
0,0.9779411554336548,503,e3003f31bd3d27a9
0,0.9390863180160522,698,07687ceafada337c
1,0.9194915294647216,497,ai_xa_hoi_0344_gemini-3.7-flash
1,0.9194915294647216,497,ai_xa_hoi_0352_gemini-3.7-flash
1,0.8859649300575256,518,ai_giao_duc_0650_gemini-3.7-flash
0,0.9858155846595764,768,70208d24615605bd
1,0.8714285492897034,686,ai_van_hoa_0123_GPT-5.6 Luna
0,0.9710144996643066,608,6ab4fb21a3da435c
0,0.9282700419425964,768,75015da8ebc584cb
1,0.9242424368858336,596,ai_chinh_tri_0161_gemini-3.7-flash
1,0.8859649300575256,518,ai_giao_duc_0306_gemini-3.7-flash
0,0.9925925731658936,635,2220a4dc41d1a123
0,1.058394193649292,550,c343af768242a9ec
0,0.9473684430122375,566,e04918c7f2a7be93
0,1.0177514553070068,682,e8b56d290df1ca2c
0,0.9027026891708374,697,172f05fc15a4c394
1,0.8888888955116272,518,ai_chinh_tri_0123_gemini-3.7-flash
1,0.8735178112983704,644,ai_kinh_te_0141_gemini-3.7-flash
1,0.9242424368858336,596,ai_chinh_tri_0393_gemini-3.7-flash
0,0.9606741666793824,629,fe2e179d7f98c1df
1,0.8630136847496033,685,ai_chinh_tri_0476_GPT-5.6 Luna
0,0.9719626307487488,512,5822e0420292eedd
0,1.04347825050354,624,8704ffaf11d67538
0,0.9333333373069764,693,30f72975982e2fc4
1,0.8733624219894409,545,ai_chinh_tri_0236_gemini-3.7-flash
0,1.0274510383605957,512,173c8ebeac61bcdf
0,0.9071038365364076,644,8c776e6508af7bd4
1,0.867521345615387,600,ai_giao_duc_0521_gemini-3.7-flash
0,1.1061947345733645,512,2eb26fdc75726e56
1,0.8741007447242737,686,ai_xa_hoi_0590_GPT-5.6 Luna
1,0.925110161304474,599,ai_giao_duc_0757_gemini-3.7-flash
1,0.8417266011238098,684,ai_chinh_tri_0118_GPT-5.6 Luna
1,0.8785714507102966,686,ai_van_hoa_0044_GPT-5.6 Luna
0,1.0740740299224854,512,6347ea083553c7a0
1,0.8767605423927307,686,ai_giao_duc_0382_GPT-5.6 Luna
1,0.9166666865348816,514,ai_kinh_te_0076_gemini-3.7-flash
1,0.8755555748939514,513,ai_chinh_tri_0679_gemini-3.7-flash
1,0.8695651888847351,684,ai_van_hoa_0614_GPT-5.6 Luna
1,0.875,686,ai_the_thao_0097_GPT-5.6 Luna
1,0.8680555820465088,686,ai_the_thao_0289_GPT-5.6 Luna
1,0.925110161304474,599,ai_giao_duc_0421_gemini-3.7-flash
0,0.920634925365448,512,45e14d1e008414c8
0,0.9579831957817078,512,72548c00d3484614
0,0.9858155846595764,579,db808e263b8d7300
0,0.9777777791023254,512,5a0874293e755e98
0,0.9679144620895386,512,e89aa76f62f09068
0,0.9905213117599488,512,a8a9c30cf900c089
1,0.8360000252723694,557,ai_van_hoa_0179_gemini-3.7-flash
0,1.0141843557357788,768,2503c4082b6c2e92
1,0.8584070801734924,544,ai_van_hoa_0720_gemini-3.7-flash
1,0.8500000238418579,684,ai_van_hoa_0041_GPT-5.6 Luna
1,0.8758864998817444,685,ai_the_thao_0099_GPT-5.6 Luna
1,0.8848921060562134,685,ai_the_thao_0642_GPT-5.6 Luna
0,1.021897792816162,720,f47d71e289dda67e
0,0.9703390002250672,610,0aa6734fffae939f
1,0.8741007447242737,686,ai_van_hoa_0364_GPT-5.6 Luna
1,0.8978102207183838,686,ai_giao_duc_0003_GPT-5.6 Luna
0,0.9928571581840516,609,fcbf3f4220b548e9
0,0.9324324131011964,512,869a8eeb3a987650
1,0.8601398468017578,686,ai_van_hoa_0568_GPT-5.6 Luna
1,0.8633093237876892,687,ai_kinh_te_0696_GPT-5.6 Luna
1,0.9404255151748656,533,ai_xa_hoi_0442_gemini-3.7-flash
0,1.0827068090438845,512,c724ef8de7720227
0,1.1428571939468384,673,3689d18791a666c7
0,1.020689606666565,682,79a8ce282a51ac6f
0,1.0307692289352417,512,033d7c2fe0adf2c8
0,0.9855769276618958,642,b99bef0dc55c2bb3
1,0.8500000238418579,686,ai_chinh_tri_0714_GPT-5.6 Luna
0,1.0068492889404297,512,470cbf1a2aa00d51
1,0.8360000252723694,557,ai_van_hoa_0787_gemini-3.7-flash
0,1.0423280000686646,768,49fb13fd2ba3a5c0
1,0.8829787373542786,685,ai_kinh_te_0579_GPT-5.6 Luna
0,0.8711110949516296,768,4c7470807044cec7
1,0.921641767024994,686,ai_giao_duc_0827_GPT-5.6 Luna
1,0.8785714507102966,686,ai_xa_hoi_0405_GPT-5.6 Luna
0,0.9959016442298888,512,26e7f4ebf6efe917
0,0.9264705777168274,709,ea6f954a06fff640
0,0.9121951460838318,512,5d50a9e2c0069535
1,0.8884891867637634,686,ai_giao_duc_0383_GPT-5.6 Luna
1,0.8219696879386902,555,ai_van_hoa_0215_gemini-3.7-flash
0,0.9914529919624328,554,3626122fb848cfcd
1,0.8510638475418091,686,ai_chinh_tri_0115_GPT-5.6 Luna
0,1.0358744859695437,512,ace2de0887f36e40
0,0.9885714054107666,768,a979c90fd5aa6914
0,0.994709014892578,512,38c257db905f3243
0,0.9906103014945984,512,3e206b7ef96e587e
0,0.9208333492279052,699,28899129d5ec887b
0,1.047619104385376,574,e2324f68c89b6160
0,1.029940128326416,653,ec183e0efafa1f75
1,0.8571428656578064,544,ai_van_hoa_0776_gemini-3.7-flash
1,0.9279661178588868,569,ai_xa_hoi_0597_gemini-3.7-flash
0,0.9754098653793336,675,cd12c7c8b457f4bd
1,0.8952381014823914,595,ai_chinh_tri_0749_gemini-3.7-flash
0,0.9568345546722412,562,487d2cfb03b76a4b
1,0.8755555748939514,513,ai_chinh_tri_0351_gemini-3.7-flash
1,0.9194915294647216,497,ai_xa_hoi_0472_gemini-3.7-flash
0,0.9730769395828248,664,f90e19c44bb44916
0,0.9927007555961608,512,54b009954b4f85ea
0,0.9620853066444396,512,9b4d9b1ba1764f74
0,0.9163179993629456,668,f9dfd82dc4fda8f4
1,0.9194915294647216,497,ai_xa_hoi_0432_gemini-3.7-flash
0,1.090909123420715,633,2c97bf65fb644903
1,0.9234449863433838,551,ai_xa_hoi_0747_gemini-3.7-flash
1,0.8735178112983704,644,ai_kinh_te_0125_gemini-3.7-flash
1,0.8528138399124146,575,ai_van_hoa_0273_gemini-3.7-flash
0,0.9933775067329408,512,8147fc3e2fb3d73d
1,0.8733624219894409,545,ai_chinh_tri_0148_gemini-3.7-flash
0,0.9458128213882446,635,b928b9111287dc0f
0,0.9727891087532043,733,39436647a04636eb
0,0.9591836929321288,768,c7839c1d8591246c
0,0.9492753744125366,512,94e701bbf47c6d44
1,0.8888888955116272,643,ai_kinh_te_0225_gemini-3.7-flash
0,0.988304078578949,512,1d30d6af8b2e9df5
1,0.875,686,ai_the_thao_0457_GPT-5.6 Luna
1,0.9242424368858336,596,ai_chinh_tri_0457_gemini-3.7-flash
0,0.9264705777168274,559,fab6d9364bda3726
0,0.9502074718475342,561,6a09a122fe5f02d1
0,0.9648241400718688,596,287c4bba17425c81
0,0.9521738886833192,722,d1fa54eb6e7d353e
1,0.8360000252723694,557,ai_van_hoa_0139_gemini-3.7-flash
1,0.8601398468017578,686,ai_the_thao_0637_GPT-5.6 Luna
1,0.9234449863433838,551,ai_xa_hoi_0307_gemini-3.7-flash
0,1.037313461303711,768,fc9a41210165ec06
1,0.8888888955116272,518,ai_chinh_tri_0531_gemini-3.7-flash
1,0.8389830589294434,554,ai_the_thao_0719_gemini-3.7-flash
1,0.8219696879386902,555,ai_van_hoa_0383_gemini-3.7-flash
1,0.8848921060562134,685,ai_xa_hoi_0201_GPT-5.6 Luna
0,0.9925373196601868,504,d84e2c4990d92148
0,1.0661157369613647,512,f3e30bfd90a4b2ac
1,0.8515625,567,ai_kinh_te_0726_gemini-3.7-flash
0,1.0129032135009766,512,02d9fa02714d0c77
1,0.8804348111152649,686,ai_giao_duc_0004_GPT-5.6 Luna
1,0.8888888955116272,643,ai_kinh_te_0809_gemini-3.7-flash
0,0.9580419659614564,512,b840657927747abe
0,0.9270073175430298,512,caf5d57069349c7b
0,0.9707602262496948,693,cf63ce18328c9bb1
0,1.0392156839370728,768,31414fcf8d6cd43a
0,0.949999988079071,668,3fda41cdc7406c4c
0,0.8622754216194153,768,da42b981c89108c0
1,0.925110161304474,599,ai_giao_duc_0741_gemini-3.7-flash
1,0.8410041928291321,531,ai_the_thao_0390_gemini-3.7-flash
1,0.9531915187835692,531,ai_xa_hoi_0678_gemini-3.7-flash
0,1.0378787517547607,600,91c45abe29a7a775
0,0.9800000190734864,512,24e3597ce4e7dcd9
1,0.8410041928291321,531,ai_the_thao_0630_gemini-3.7-flash
0,0.985185205936432,574,fe2ae54439e56143
1,0.9230769276618958,494,ai_xa_hoi_0172_gemini-3.7-flash
0,1.0331491231918335,629,8eed3fad7147b2ff
1,0.8978102207183838,686,ai_giao_duc_0261_GPT-5.6 Luna
1,0.9111111164093018,686,ai_giao_duc_0251_GPT-5.6 Luna
1,0.8991228342056274,565,ai_chinh_tri_0098_gemini-3.7-flash
1,0.8341013789176941,561,ai_giao_duc_0387_gemini-3.7-flash
1,0.912350594997406,515,ai_kinh_te_0608_gemini-3.7-flash
0,1.0137931108474731,646,fd41418ca13868fe
0,1.0358566045761108,512,52c24cb990cfdcea
0,0.9929078221321106,512,862ed98c106454e4
1,0.9531915187835692,531,ai_xa_hoi_0718_gemini-3.7-flash
1,0.8500000238418579,684,ai_kinh_te_0738_GPT-5.6 Luna
1,0.8785714507102966,685,ai_the_thao_0146_GPT-5.6 Luna
1,0.8888888955116272,518,ai_chinh_tri_0387_gemini-3.7-flash
0,0.9576719403266908,768,ef73bdd8183f5659
1,0.9227467775344848,570,ai_xa_hoi_0665_gemini-3.7-flash
1,0.9194915294647216,497,ai_xa_hoi_0576_gemini-3.7-flash
1,0.8723404407501221,686,ai_chinh_tri_0096_GPT-5.6 Luna
1,0.9404255151748656,533,ai_xa_hoi_0042_gemini-3.7-flash
1,0.8571428656578064,544,ai_van_hoa_0824_gemini-3.7-flash
0,1.083798885345459,512,d632764f03af12c6
1,0.8607142567634583,685,ai_xa_hoi_0569_GPT-5.6 Luna
0,0.9481481313705444,527,e71a7fd6da736960
1,0.8367347121238708,684,ai_the_thao_0311_GPT-5.6 Luna
1,0.9234449863433838,551,ai_xa_hoi_0211_gemini-3.7-flash
1,0.8714285492897034,686,ai_van_hoa_0483_GPT-5.6 Luna
1,0.8695651888847351,685,ai_xa_hoi_0049_GPT-5.6 Luna
1,0.925110161304474,599,ai_giao_duc_0101_gemini-3.7-flash
0,0.9266666769981384,512,19989c5df6c101a1
1,0.8571428656578064,684,ai_chinh_tri_0048_GPT-5.6 Luna
1,0.85447758436203,530,ai_kinh_te_0423_gemini-3.7-flash
0,1.078260898590088,512,b0cbc3975ae6f28f
1,0.8731883764266968,685,ai_kinh_te_0317_GPT-5.6 Luna
0,1.0399999618530271,639,86a86c671d62582d
1,0.8576388955116272,685,ai_the_thao_0516_GPT-5.6 Luna
0,0.9370370507240297,675,1fab23b52f7d60e3
1,0.9104477763175964,686,ai_giao_duc_0507_GPT-5.6 Luna
1,0.9404255151748656,533,ai_xa_hoi_0346_gemini-3.7-flash
1,0.8410041928291321,531,ai_the_thao_0734_gemini-3.7-flash
0,1.0,693,932419dfb771eda5
0,1.0076923370361328,768,97853ec4ab6dcd53
1,0.8500000238418579,685,ai_kinh_te_0245_GPT-5.6 Luna
1,0.8584070801734924,544,ai_van_hoa_0168_gemini-3.7-flash
1,0.867521345615387,600,ai_giao_duc_0033_gemini-3.7-flash
1,0.895652174949646,545,ai_chinh_tri_0752_gemini-3.7-flash
0,0.949367105960846,510,6394d9ad38f22730
1,0.8799999952316284,554,ai_the_thao_0243_gemini-3.7-flash
1,0.8633093237876892,686,ai_chinh_tri_0059_GPT-5.6 Luna
1,0.8799999952316284,554,ai_the_thao_0515_gemini-3.7-flash
1,0.8584070801734924,544,ai_van_hoa_0128_gemini-3.7-flash
1,0.8865247964859009,686,ai_giao_duc_0606_GPT-5.6 Luna
0,0.949999988079071,621,271b0bc6c51b5c7e
0,0.9403669834136964,512,2585f6ac0bb716bf
0,1.0076923370361328,512,410d22cd6f7f8989
0,1.026737928390503,553,100b8e5a6914230c
1,0.828000009059906,529,ai_the_thao_0522_gemini-3.7-flash
1,0.8859649300575256,518,ai_giao_duc_0722_gemini-3.7-flash
0,1.051383376121521,660,396dd84e17dfe9cd
1,0.8515625,567,ai_kinh_te_0758_gemini-3.7-flash
0,0.7562500238418579,708,6c2ef66a77ea2ad5
0,0.9919028282165528,653,adc7388ac01523c0
1,0.8888888955116272,684,ai_kinh_te_0314_GPT-5.6 Luna
1,0.8991228342056274,565,ai_chinh_tri_0618_gemini-3.7-flash
0,1.1307692527770996,673,a8daa60e4ce3751c
0,0.908695638179779,512,0dec00162c1252c8
0,0.978102207183838,512,e46a0a833060edf2
0,1.0570175647735596,512,dcd742f5649b3df4
0,1.02816903591156,638,b5a112aee3d4b4ef
0,1.0190476179122925,512,2353fa1a9dbf4dda
1,0.8423236608505249,517,ai_giao_duc_0662_gemini-3.7-flash
0,0.954356849193573,665,f17af9fe48c26935
1,0.8472222089767456,686,ai_the_thao_0045_GPT-5.6 Luna
1,0.912350594997406,515,ai_kinh_te_0808_gemini-3.7-flash
1,0.8389830589294434,554,ai_the_thao_0575_gemini-3.7-flash
0,0.9730769395828248,649,645150aeb91cd883
0,0.9662446975708008,523,4bc21ace588ba0e6
0,0.8961039185523987,512,7040629bcbbc03cb
1,0.8630136847496033,685,ai_chinh_tri_0356_GPT-5.6 Luna
1,0.8991228342056274,565,ai_chinh_tri_0290_gemini-3.7-flash
0,0.9866666793823242,629,93fdc6e365d581fb
1,0.8713235259056091,684,ai_giao_duc_0177_GPT-5.6 Luna
0,0.9111111164093018,668,c7a0ebb549cc11f1
0,1.0458015203475952,571,8b432a604aa18ff1
0,1.007575750350952,512,fafc84ffc3889aa8
1,0.8731883764266968,686,ai_chinh_tri_0664_GPT-5.6 Luna
0,1.0234375,512,aeeacfc774bdc2e4
1,0.895652174949646,545,ai_chinh_tri_0736_gemini-3.7-flash
1,0.8368055820465088,685,ai_kinh_te_0185_GPT-5.6 Luna
1,0.8584070801734924,544,ai_van_hoa_0240_gemini-3.7-flash
0,0.9481481313705444,512,5e71d33a51937469
0,1.0389610528945925,768,c020fd67a9e7e61d
0,1.0686274766921997,617,bfec3088f5849dbc
1,0.8500000238418579,685,ai_van_hoa_0691_GPT-5.6 Luna
0,1.0846561193466189,547,a9ddd5c34689b63e
0,1.2000000476837158,768,a2f2a4b152ad2d9f
0,1.0578511953353882,538,f5272b05f1d8d924
0,1.008583664894104,634,d40be4dcddedfc74
0,1.0177514553070068,512,a5a7ab0b48ec4c7a
0,0.976331353187561,629,d0630fc1d5e622b8
1,0.8695651888847351,686,ai_xa_hoi_0595_GPT-5.6 Luna
1,0.8804348111152649,686,ai_giao_duc_0724_GPT-5.6 Luna
1,0.9257642030715942,550,ai_van_hoa_0802_gemini-3.7-flash
0,1.0071429014205933,736,683ebe43456af295
0,0.91566264629364,617,4bf81c9f2081fbca
1,0.895652174949646,545,ai_chinh_tri_0800_gemini-3.7-flash
1,0.8785714507102966,686,ai_xa_hoi_0004_GPT-5.6 Luna
0,1.0523560047149658,638,24bddb1b92d84f73
1,0.9910714030265808,550,ai_van_hoa_0170_gemini-3.7-flash
0,1.063953518867493,512,fa55022742824ee5
1,0.8546099066734314,685,ai_xa_hoi_0158_GPT-5.6 Luna
0,0.9452054500579834,756,594ceee6de96f6f2
0,1.127819538116455,512,18d567845e1051ba
1,0.8496503233909607,686,ai_xa_hoi_0066_GPT-5.6 Luna
0,1.0303030014038086,673,5336aa7138d959a5
0,0.9855072498321532,685,1f900064d58e73cb
0,1.0269057750701904,654,30c08a98f275ef7d
0,0.912663757801056,674,88d22b35a9749ee6
0,0.993630588054657,669,2edc4fa5e9932fd5
1,0.8695651888847351,686,ai_giao_duc_0511_GPT-5.6 Luna
0,1.0160642862319946,512,386f49922c26249c
1,0.8723404407501221,685,ai_kinh_te_0369_GPT-5.6 Luna
1,0.8840579986572266,685,ai_chinh_tri_0261_GPT-5.6 Luna
1,0.8913043737411499,686,ai_giao_duc_0437_GPT-5.6 Luna
1,0.8485915660858154,685,ai_van_hoa_0456_GPT-5.6 Luna
0,0.9781659245491028,612,c083bce00a7c25d6
0,0.6996047496795654,648,fd4ed3a60940de88
0,0.9870129823684692,545,70da30faf7c0fe37
1,0.8391608595848083,684,ai_the_thao_0568_GPT-5.6 Luna
0,0.9324324131011964,768,4da4a35454412008
0,0.993749976158142,512,b3096d5525bfe8a2
1,0.8584070801734924,544,ai_van_hoa_0152_gemini-3.7-flash
0,0.9928057789802552,766,e921809fa0737df7
1,0.8531468510627747,686,ai_xa_hoi_0482_GPT-5.6 Luna
1,0.8485915660858154,685,ai_van_hoa_0336_GPT-5.6 Luna
1,0.8485915660858154,685,ai_van_hoa_0216_GPT-5.6 Luna
1,0.8868613243103027,684,ai_chinh_tri_0717_GPT-5.6 Luna
0,0.9844961166381836,550,9093f6f3e0d84639
0,0.9594594836235046,586,b30478c61608536b
0,1.0076335668563845,658,056f18c20e644a0c
0,0.9923076629638672,512,cbded932e0a6effe
0,0.9624413251876832,512,e40951700722ee48
0,1.0,436,33dda3bb2f6faa41
0,0.9773755669593812,561,bb8289ca1ff962d5
0,0.926174521446228,512,7e09ea1b364099b6
1,0.8971630930900574,686,ai_giao_duc_0294_GPT-5.6 Luna
1,0.8733624219894409,545,ai_chinh_tri_0796_gemini-3.7-flash
0,1.0739130973815918,587,d2480fa3dc888039
1,0.8735178112983704,644,ai_kinh_te_0269_gemini-3.7-flash
1,0.8607142567634583,685,ai_xa_hoi_0462_GPT-5.6 Luna
1,0.829365074634552,523,ai_the_thao_0248_gemini-3.7-flash
0,1.0,687,e8324745822b125b
0,1.076335906982422,608,e2bbf8b644b85c4d
1,0.912350594997406,515,ai_kinh_te_0072_gemini-3.7-flash
1,0.8884891867637634,685,ai_giao_duc_0288_GPT-5.6 Luna
0,0.9682539701461792,686,d1f569fe5e3955a7
1,0.8321678042411804,685,ai_van_hoa_0676_GPT-5.6 Luna
0,0.9930070042610168,512,bc3951a9258c45ab
1,0.9404255151748656,533,ai_xa_hoi_0322_gemini-3.7-flash
1,0.8483412265777588,560,ai_giao_duc_0359_gemini-3.7-flash
1,0.8515625,567,ai_kinh_te_0590_gemini-3.7-flash
1,0.8859649300575256,518,ai_giao_duc_0426_gemini-3.7-flash
0,0.9934640526771544,512,d2161cf7d76ddad4
0,0.9659090638160706,715,c3572771ee5969b2
1,0.8723404407501221,684,ai_the_thao_0515_GPT-5.6 Luna
0,0.89449542760849,512,8570853bca73d94b
0,0.987261176109314,768,1b6e202956c72bf9
0,0.8630136847496033,768,af0f4ec84def487f
1,0.8341013789176941,561,ai_giao_duc_0459_gemini-3.7-flash
1,0.8601398468017578,684,ai_van_hoa_0071_GPT-5.6 Luna
1,0.828000009059906,529,ai_the_thao_0426_gemini-3.7-flash
1,0.8510638475418091,685,ai_chinh_tri_0178_GPT-5.6 Luna
0,0.928205132484436,608,36956a2646b821de
0,0.9094203114509584,768,e1761e322fcf776d
1,0.8991228342056274,565,ai_chinh_tri_0362_gemini-3.7-flash
0,1.1145038604736328,512,4649d000e2ee81cb
1,0.8391608595848083,684,ai_the_thao_0536_GPT-5.6 Luna
0,0.9485294222831726,768,1c5e020412841cd6
1,0.8933823704719543,684,ai_giao_duc_0258_GPT-5.6 Luna
1,0.8607142567634583,684,ai_kinh_te_0455_GPT-5.6 Luna
0,0.9547511339187622,646,14550c24e9621df8
1,0.8584070801734924,544,ai_van_hoa_0616_gemini-3.7-flash
0,1.0,656,8fabbd40babc12d2
0,1.0176211595535278,571,f99715a5b6b8ea6e
0,1.0362318754196167,512,08dcf5426d1c0f35
1,0.8473895788192749,521,ai_the_thao_0572_gemini-3.7-flash
1,0.9004328846931458,566,ai_chinh_tri_0766_gemini-3.7-flash
0,0.9635036587715148,649,bf1217afc7795da9
1,0.8829787373542786,686,ai_giao_duc_0662_GPT-5.6 Luna
1,0.8859649300575256,518,ai_giao_duc_0482_gemini-3.7-flash
1,0.8450704216957092,684,ai_the_thao_0136_GPT-5.6 Luna
0,1.0896551609039309,510,c056850acb44df0d
1,0.83984375,555,ai_van_hoa_0063_gemini-3.7-flash
1,0.8840579986572266,686,ai_giao_duc_0637_GPT-5.6 Luna
1,0.8633093237876892,684,ai_chinh_tri_0333_GPT-5.6 Luna
1,0.9910714030265808,550,ai_van_hoa_0754_gemini-3.7-flash
1,0.8510638475418091,686,ai_chinh_tri_0019_GPT-5.6 Luna
0,1.0,717,cb63c05e0549134c
0,0.9569892287254332,640,06d08a5c46e6dd7a
1,0.8952381014823914,595,ai_chinh_tri_0053_gemini-3.7-flash
1,0.8623188138008118,685,ai_van_hoa_0267_GPT-5.6 Luna
0,0.9753694534301758,509,3f9093d4777bbdc9
1,0.828000009059906,529,ai_the_thao_0474_gemini-3.7-flash
1,0.8916084170341492,686,ai_the_thao_0473_GPT-5.6 Luna
1,0.9279661178588868,569,ai_xa_hoi_0005_gemini-3.7-flash
0,1.0071429014205933,712,11375f149d4feedb
1,0.886956512928009,596,ai_the_thao_0629_gemini-3.7-flash
1,0.8591549396514893,685,ai_the_thao_0590_GPT-5.6 Luna
0,0.9595375657081604,768,075ae142bc0dddc5
1,0.8823529481887817,686,ai_chinh_tri_0369_GPT-5.6 Luna
0,1.0737327337265017,512,eb2486dc3e4a7378
0,1.0215827226638794,512,db260e047b601448
1,0.8607142567634583,684,ai_van_hoa_0245_GPT-5.6 Luna
0,1.0210970640182495,512,32c52726f7cc3101
1,0.8614718317985535,575,ai_van_hoa_0057_gemini-3.7-flash
0,0.8826087117195129,760,636de38524ad2a84
0,0.9642857313156128,512,332ea50467aa20aa
1,0.828000009059906,529,ai_the_thao_0674_gemini-3.7-flash
1,0.8423236608505249,517,ai_giao_duc_0774_gemini-3.7-flash
0,0.9755101799964904,671,000580f646c93002
0,1.046153903007507,454,f100140359c52b81
1,0.8546099066734314,685,ai_van_hoa_0065_GPT-5.6 Luna
0,0.9923076629638672,768,d9fb135200d5acb1
0,0.8699551820755005,612,6849061da4a47d41
0,0.981566846370697,512,580b7097ca13f11d
1,0.8723404407501221,685,ai_the_thao_0218_GPT-5.6 Luna
1,0.8697183132171631,686,ai_xa_hoi_0116_GPT-5.6 Luna
0,0.977477490901947,718,6e5457132e84beef
0,0.8947368264198303,681,89ac3f4eea978f9c
0,0.9769230484962464,540,dba05bfb7bd11c28
1,0.8888888955116272,643,ai_kinh_te_0585_gemini-3.7-flash
0,1.059999942779541,512,482b124d2b7c07ff
1,0.829365074634552,523,ai_the_thao_0600_gemini-3.7-flash
0,0.9308176040649414,665,afd967cf6385c330
1,0.8360000252723694,557,ai_van_hoa_0427_gemini-3.7-flash
0,1.0097087621688845,541,ba74bdf49fddb9b5
0,1.113744020462036,512,2609b87ee73bfa6b
0,0.942148745059967,665,b7572630df1783f7
1,0.85447758436203,530,ai_kinh_te_0311_gemini-3.7-flash
1,0.8991228342056274,565,ai_chinh_tri_0050_gemini-3.7-flash
0,1.0,673,db830a923e3ee9d4
1,0.8485915660858154,685,ai_van_hoa_0176_GPT-5.6 Luna
1,0.8991228342056274,565,ai_chinh_tri_0386_gemini-3.7-flash
0,0.9828571677207948,768,756cdd1de00e2e79
1,0.8483412265777588,560,ai_giao_duc_0503_gemini-3.7-flash
1,0.925110161304474,599,ai_giao_duc_0133_gemini-3.7-flash
1,0.8510638475418091,684,ai_van_hoa_0813_GPT-5.6 Luna
1,0.8799999952316284,554,ai_the_thao_0451_gemini-3.7-flash
1,0.8219696879386902,555,ai_van_hoa_0175_gemini-3.7-flash
1,0.8723404407501221,685,ai_chinh_tri_0680_GPT-5.6 Luna
0,0.937799036502838,768,bb08da8e8d2a75ee
0,1.0365296602249146,512,14bcec78e7ca2040
1,0.8453237414360046,684,ai_chinh_tri_0742_GPT-5.6 Luna
0,0.978723406791687,545,374fbde5934ab106
0,1.0612244606018066,512,84522509f029c296
1,0.8617021441459656,685,ai_the_thao_0050_GPT-5.6 Luna
1,0.8617021441459656,685,ai_giao_duc_0712_GPT-5.6 Luna
0,1.0,768,7d07332a93ac8840
1,0.9404255151748656,533,ai_xa_hoi_0274_gemini-3.7-flash
0,0.9222221970558168,687,49c760671308afd1
1,0.8389830589294434,554,ai_the_thao_0727_gemini-3.7-flash
0,0.9537037014961244,747,1416b883e64b8169
1,0.8527397513389587,685,ai_the_thao_0388_GPT-5.6 Luna
1,0.8333333134651184,530,ai_kinh_te_0091_gemini-3.7-flash
1,0.9242424368858336,596,ai_chinh_tri_0321_gemini-3.7-flash
0,0.953125,768,2dc3a888dd04817e
0,1.0,512,2e183469adad9a24
0,0.97972971200943,759,5aa1148dde73caa0
1,0.8426573276519775,684,ai_chinh_tri_0612_GPT-5.6 Luna
0,1.040816307067871,768,64336bac87919958
1,0.9279661178588868,569,ai_xa_hoi_0173_gemini-3.7-flash
0,0.9764705896377563,768,420d39f691e84126
0,0.97972971200943,692,7dc1b130d3d07628
1,0.8714285492897034,685,ai_the_thao_0747_GPT-5.6 Luna
1,0.8777777552604675,684,ai_giao_duc_0009_GPT-5.6 Luna
0,0.9877551198005676,512,59838c7f4589cf7a
1,0.8633093237876892,684,ai_chinh_tri_0525_GPT-5.6 Luna
1,0.8731883764266968,686,ai_giao_duc_0351_GPT-5.6 Luna
0,0.8961039185523987,700,de82f7b58c111422
1,0.8999999761581421,684,ai_kinh_te_0044_GPT-5.6 Luna
1,0.9404255151748656,533,ai_xa_hoi_0426_gemini-3.7-flash
0,0.9136363863945008,768,68f107a5bb4c8ca4
1,0.8500000238418579,686,ai_xa_hoi_0685_GPT-5.6 Luna
0,0.9856114983558656,512,152ae977dd448b8b
1,0.8561151027679443,684,ai_van_hoa_0051_GPT-5.6 Luna
1,0.8888888955116272,518,ai_chinh_tri_0675_gemini-3.7-flash
0,1.0367647409439087,556,e37edecd688c74b5
0,1.076335906982422,558,df9785d7261c309c
0,0.990783393383026,550,7dc15582d089cdaa
1,0.8321678042411804,685,ai_van_hoa_0756_GPT-5.6 Luna
0,0.948905110359192,768,65be477cd1a4d502
0,1.0346320867538452,272,774f7f72caf707e9
1,0.9166666865348816,514,ai_kinh_te_0628_gemini-3.7-flash
0,0.9563491940498352,512,30e1eea4ffb832a5
0,0.981249988079071,701,c90dda3f01ccb9c6
0,0.9776119589805604,512,050d2c057b949d1c
0,1.082524299621582,190,b24351ece305d172
1,0.8785714507102966,686,ai_xa_hoi_0045_GPT-5.6 Luna
0,0.9722222089767456,768,6cd55c2fd22782d1
1,0.8666666746139526,530,ai_giao_duc_0600_gemini-3.7-flash
1,0.9104477763175964,686,ai_giao_duc_0627_GPT-5.6 Luna
1,0.8473895788192749,521,ai_the_thao_0340_gemini-3.7-flash
0,0.9875776171684264,768,2a210cbb32308715
1,0.8888888955116272,643,ai_kinh_te_0129_gemini-3.7-flash
0,1.0,241,714619bfa3d637fc
0,0.9850746393203736,512,ac8669849ae64a77
0,0.9684684872627258,512,46fcd4c5cce66423
1,0.867521345615387,600,ai_giao_duc_0017_gemini-3.7-flash
1,0.8804348111152649,684,ai_chinh_tri_0632_GPT-5.6 Luna
0,1.0041667222976685,566,b2adeaa66859c725
0,0.973154366016388,567,f6bb52b024d2060e
1,0.8546099066734314,685,ai_chinh_tri_0328_GPT-5.6 Luna
0,1.0,768,7fef8a85cffdea7f
1,0.8733624219894409,545,ai_chinh_tri_0732_gemini-3.7-flash
1,0.8496503233909607,686,ai_van_hoa_0472_GPT-5.6 Luna
0,1.0699588060379028,512,568651bf8472d4ae
0,0.9166666865348816,682,ed38d7b8d2a49c2e
0,0.9461538195610046,707,091128d4cfdf9af6
0,0.963235318660736,512,458e6080aba97f58
1,0.8528138399124146,575,ai_van_hoa_0353_gemini-3.7-flash
1,0.85447758436203,530,ai_kinh_te_0271_gemini-3.7-flash
0,1.0064516067504885,768,7bdeca76c52bae0f
0,0.8443113565444946,665,74733cb4c7255d84
1,0.8410041928291321,531,ai_the_thao_0022_gemini-3.7-flash
0,1.0844444036483765,512,35e5128767b1c8b9
1,0.8591549396514893,685,ai_kinh_te_0315_GPT-5.6 Luna
1,0.8971630930900574,686,ai_giao_duc_0054_GPT-5.6 Luna
1,0.8859649300575256,518,ai_giao_duc_0082_gemini-3.7-flash
0,0.8521126508712769,512,475fbcae39b7d1f9
0,1.085714340209961,740,ca59dac8eaf4b058
1,0.8496503233909607,686,ai_the_thao_0774_GPT-5.6 Luna
1,0.8999999761581421,686,ai_giao_duc_0331_GPT-5.6 Luna
1,0.8219696879386902,555,ai_van_hoa_0263_gemini-3.7-flash
0,0.9923076629638672,559,458447883c0ae25e
0,0.91304349899292,718,7c923d5b2273a5cd
1,0.8546099066734314,687,ai_van_hoa_0820_GPT-5.6 Luna
0,1.0123456716537476,694,de480b08f8a8dc0c
1,0.8584070801734924,544,ai_van_hoa_0440_gemini-3.7-flash
1,0.8829787373542786,685,ai_kinh_te_0699_GPT-5.6 Luna
0,0.959999978542328,610,6517ebf7083f41b8
0,1.0139859914779663,768,1133f4e5659d1289
1,0.8723404407501221,684,ai_the_thao_0395_GPT-5.6 Luna
0,1.0076923370361328,512,0ab20ab15e672dbd
1,0.8695651888847351,685,ai_chinh_tri_0130_GPT-5.6 Luna
1,0.8617021441459656,685,ai_giao_duc_0424_GPT-5.6 Luna
1,0.8731883764266968,684,ai_van_hoa_0782_GPT-5.6 Luna
1,0.828000009059906,529,ai_the_thao_0026_gemini-3.7-flash
1,0.9104477763175964,685,ai_xa_hoi_0255_GPT-5.6 Luna
1,0.912350594997406,515,ai_kinh_te_0184_gemini-3.7-flash
0,0.8947368264198303,768,a645380d6fcb4c55
0,1.0677965879440308,512,f76199320a87775c
0,1.0384615659713743,512,e16976beef2598ac
1,0.8576388955116272,686,ai_the_thao_0781_GPT-5.6 Luna
0,0.963235318660736,548,027e71d654e937f0
1,0.8590308427810669,595,ai_the_thao_0673_gemini-3.7-flash
0,0.917241394519806,517,aaaefec53a2fd973
1,0.8661971688270569,686,ai_van_hoa_0680_GPT-5.6 Luna
1,0.8859649300575256,518,ai_giao_duc_0402_gemini-3.7-flash
0,0.9280575513839722,709,73fdfe22c5c3aeff
1,0.8758864998817444,686,ai_van_hoa_0770_GPT-5.6 Luna
0,0.91304349899292,768,f2789732d8b32a7c
0,1.0145984888076782,768,a8c7b1702a78b19c
0,0.9440298676490784,640,4f41bb123f733ce0
0,0.9380530714988708,727,1e20a150366d4102
1,0.8755555748939514,513,ai_chinh_tri_0295_gemini-3.7-flash
1,0.8341013789176941,561,ai_giao_duc_0827_gemini-3.7-flash
1,0.8423236608505249,517,ai_giao_duc_0726_gemini-3.7-flash
0,0.8977272510528564,655,0110ad9213dba5b3
0,0.9721115827560424,681,80618f710e000f06
1,0.8759124279022217,685,ai_xa_hoi_0539_GPT-5.6 Luna
1,0.8321678042411804,685,ai_van_hoa_0036_GPT-5.6 Luna
1,0.8695651888847351,685,ai_giao_duc_0404_GPT-5.6 Luna
0,1.0,674,af362da70232fe62
1,0.8500000238418579,685,ai_kinh_te_0306_GPT-5.6 Luna
1,0.8591549396514893,686,ai_van_hoa_0393_GPT-5.6 Luna
0,0.9863013625144958,768,a7ae3c230152c526
0,0.985185205936432,768,3ebe81dfacb82679
0,0.9920318722724916,512,d5f4dc761c0be562
1,0.9910714030265808,550,ai_van_hoa_0418_gemini-3.7-flash
1,0.9279661178588868,569,ai_xa_hoi_0677_gemini-3.7-flash
0,1.151724100112915,616,cdb397450a1acacb
1,0.8799999952316284,554,ai_the_thao_0027_gemini-3.7-flash
0,1.0512820482254028,512,716aa2303692276f
0,1.0,553,e2bb31483e3e21f1
0,1.0078740119934082,528,339ecde1cf9112f5
0,0.9214285612106324,702,bae3862080ba0f61
0,0.9382715821266174,562,8183830935602332
1,0.8652482032775879,684,ai_van_hoa_0487_GPT-5.6 Luna
0,0.8415300250053406,580,bd72c114ceb808b1
0,1.0,659,cb71d27a97029857
1,0.8741007447242737,686,ai_chinh_tri_0744_GPT-5.6 Luna
1,0.8546099066734314,685,ai_xa_hoi_0038_GPT-5.6 Luna
0,0.976190447807312,512,7da429ae43c31ea3
0,1.0078125,512,61b4b3a13a1582ef
0,0.95302015542984,556,8a3fcb1c8febe0bd
0,1.0597609281539917,768,5651406a6b2f50dc
1,0.9910714030265808,550,ai_van_hoa_0218_gemini-3.7-flash
0,1.0,512,71826aafb2cbcd1a
0,0.9017857313156128,543,77003fd75af7128b
0,0.9675324559211732,701,08ef241ca6201a6d
1,0.8804348111152649,686,ai_giao_duc_0055_GPT-5.6 Luna
1,0.8601398468017578,684,ai_the_thao_0131_GPT-5.6 Luna
0,1.0,556,5a936fe7fc1b6667
1,0.8423236608505249,517,ai_giao_duc_0598_gemini-3.7-flash
1,0.8680555820465088,686,ai_the_thao_0729_GPT-5.6 Luna
1,0.895652174949646,545,ai_chinh_tri_0208_gemini-3.7-flash
0,0.9395973086357116,512,08a24b9de1de6f6b
1,0.8617021441459656,685,ai_giao_duc_0112_GPT-5.6 Luna
1,0.904411792755127,686,ai_giao_duc_0499_GPT-5.6 Luna
1,0.8633093237876892,684,ai_chinh_tri_0615_GPT-5.6 Luna
0,0.9925373196601868,669,fa14f18b13027500
1,0.8723404407501221,685,ai_the_thao_0675_GPT-5.6 Luna
1,0.8541666865348816,684,ai_chinh_tri_0332_GPT-5.6 Luna
0,0.985401451587677,512,1e1475983b4ba186
0,0.9526315927505492,512,6f4ec45847e3f1cf
1,0.925110161304474,599,ai_giao_duc_0157_gemini-3.7-flash
0,0.9919028282165528,225,6f688d4cc10cf8a6
1,0.9067164063453674,684,ai_giao_duc_0282_GPT-5.6 Luna
1,0.8731883764266968,686,ai_kinh_te_0832_GPT-5.6 Luna
0,0.9288889169692992,722,4e94cdecb5eecb1b
0,0.98353910446167,768,e609511c58f8fc93
0,0.9257143139839172,531,7c20d63b5cb043c4
1,0.8265306353569031,684,ai_the_thao_0351_GPT-5.6 Luna
1,0.8510638475418091,684,ai_xa_hoi_0600_GPT-5.6 Luna
0,1.0578511953353882,512,b77e5067510ba2e2
0,0.8679245114326477,560,34cf00a555d28c3e
0,0.9060402512550354,768,2cc6641801df7b47
1,0.8666666746139526,530,ai_giao_duc_0320_gemini-3.7-flash
1,0.8823529481887817,684,ai_giao_duc_0617_GPT-5.6 Luna
0,0.93478262424469,602,1a62d4618ca7f93d
1,0.8848921060562134,685,ai_the_thao_0282_GPT-5.6 Luna
1,0.829365074634552,523,ai_the_thao_0592_gemini-3.7-flash
1,0.8971630930900574,686,ai_giao_duc_0774_GPT-5.6 Luna
0,0.9354838728904724,711,6deeb0e52544b407
0,1.0756971836090088,680,0153e4ab93934cac
0,1.1046024560928345,512,ddcf99bab22572a6
0,1.0069444179534912,512,3901291e92447380
0,1.0070422887802124,512,d5080e74858759ad
0,0.9440298676490784,706,019d0d761c5e8cbe
1,0.8741007447242737,686,ai_xa_hoi_0350_GPT-5.6 Luna
0,1.0424528121948242,768,82fdceb0e7714fd7
0,0.9418604373931884,768,c20458aed786d0fc
0,0.9774436354637146,662,c20c2bb0554b389d
1,0.9531915187835692,531,ai_xa_hoi_0614_gemini-3.7-flash
1,0.9037656784057616,494,ai_xa_hoi_0804_gemini-3.7-flash
0,0.9788732528686525,768,daf709b5d376e7d3
1,0.89552241563797,684,ai_giao_duc_0370_GPT-5.6 Luna
0,0.9503816962242126,768,f19b8c86f1203a13
0,1.0147058963775637,666,58b160b2a19adcab
1,0.895652174949646,545,ai_chinh_tri_0024_gemini-3.7-flash
0,0.9735682606697084,610,ee50a06d4bec5dac
0,1.021276593208313,718,e140671a2bdff982
1,0.8723404407501221,686,ai_kinh_te_0049_GPT-5.6 Luna
0,1.0206611156463623,575,ddb34c144a092ec9
1,0.8623188138008118,684,ai_chinh_tri_0450_GPT-5.6 Luna
1,0.9177489280700684,570,ai_xa_hoi_0809_gemini-3.7-flash
1,0.8219696879386902,555,ai_van_hoa_0671_gemini-3.7-flash
0,0.9770992398262024,512,2b31ca4e22fb2d35
1,0.8733624219894409,545,ai_chinh_tri_0140_gemini-3.7-flash
1,0.8799999952316284,554,ai_the_thao_0539_gemini-3.7-flash
0,1.118644118309021,651,eea8c0d4f2ad30bb
1,0.8799999952316284,554,ai_the_thao_0459_gemini-3.7-flash
0,0.9496123790740968,674,24a42befc7e659f8
0,0.9277108311653136,768,9e4d15012084851a
1,0.9014084339141846,550,ai_xa_hoi_0287_gemini-3.7-flash
1,0.8913043737411499,686,ai_giao_duc_0093_GPT-5.6 Luna
0,0.8834356069564819,507,143898dece681915
0,1.0647481679916382,505,2906ebcd90368bb0
1,0.8888888955116272,518,ai_chinh_tri_0051_gemini-3.7-flash
1,0.9279661178588868,569,ai_xa_hoi_0197_gemini-3.7-flash
0,0.9531915187835692,584,9e1dcb92be55e934
1,0.9004328846931458,566,ai_chinh_tri_0182_gemini-3.7-flash
1,0.8341013789176941,561,ai_giao_duc_0347_gemini-3.7-flash
0,0.9696969985961914,684,4e5eee08456a7298
0,0.9793103337287904,512,ccbeea6fc2cd3b71
0,0.979695439338684,549,db64ff52df750fb1
0,1.0727273225784302,512,fd09eebe4db552d4
0,0.96815288066864,512,1ea5cb9cb6aeea47
1,0.827464759349823,684,ai_van_hoa_0789_GPT-5.6 Luna
1,0.8389830589294434,554,ai_the_thao_0103_gemini-3.7-flash
0,0.9551281929016112,638,0289123ddeb94a1b
0,0.931506872177124,673,e25d227339067f16
0,0.9200000166893004,541,6785f1a9c634e190
1,0.85447758436203,530,ai_kinh_te_0143_gemini-3.7-flash
1,0.8731883764266968,686,ai_chinh_tri_0104_GPT-5.6 Luna
0,0.9679999947547911,512,520d5e4208c325ef
0,0.859375,627,1d5ecf32d0fefdeb
1,0.8633093237876892,684,ai_chinh_tri_0325_GPT-5.6 Luna
0,1.0515021085739136,729,a1637482fd25740d
1,0.9254385828971864,551,ai_van_hoa_0814_gemini-3.7-flash
0,1.0,558,5e7b3f6cc1b0e097
0,1.1083333492279053,571,59b673c91b4e86e8
0,0.9242424368858336,693,ee280151f6080d24
0,0.8298611044883728,328,798b8e029e6cea37
0,1.037037014961243,687,d23c055d56927352
0,0.9428571462631226,512,e598e4b1ab09d05a
1,0.8782608509063721,547,ai_van_hoa_0284_gemini-3.7-flash
0,1.0163934230804443,768,5202b1833987259a
1,0.8991228342056274,565,ai_chinh_tri_0090_gemini-3.7-flash
1,0.8690476417541504,568,ai_kinh_te_0498_gemini-3.7-flash
1,0.8472222089767456,685,ai_chinh_tri_0084_GPT-5.6 Luna
0,1.0353535413742063,586,6baafcff25736f8d
1,0.8771186470985413,574,ai_van_hoa_0037_gemini-3.7-flash
1,0.8590308427810669,595,ai_the_thao_0025_gemini-3.7-flash
1,0.8531468510627747,685,ai_the_thao_0771_GPT-5.6 Luna
1,0.8661971688270569,686,ai_xa_hoi_0178_GPT-5.6 Luna
1,0.8690476417541504,568,ai_kinh_te_0722_gemini-3.7-flash
0,1.034313678741455,555,20273651c17ab905
0,0.9561753273010254,593,c62ec19cf7c3f047
1,0.8771186470985413,574,ai_van_hoa_0053_gemini-3.7-flash
0,1.0232558250427246,543,24cca90d2b99f13d
0,0.9277777671813964,432,2ef7698f7c69d2df
0,1.004347801208496,512,cabfd1e9b958d14a
1,0.8531468510627747,686,ai_the_thao_0014_GPT-5.6 Luna
1,0.8999999761581421,684,ai_giao_duc_0546_GPT-5.6 Luna
0,0.9177215099334716,768,83423f257b5cde29
1,0.8531468510627747,686,ai_xa_hoi_0602_GPT-5.6 Luna
1,0.8483412265777588,560,ai_giao_duc_0711_gemini-3.7-flash
0,0.952054798603058,768,3bc4c27a4e573eb0
0,1.046875,768,49fb22ddeba0cce4
0,0.9935064911842346,564,adaa8eee6d79cb25
1,0.8333333134651184,530,ai_kinh_te_0315_gemini-3.7-flash
0,1.0068964958190918,512,c24506f5f0c702ad
0,0.9784172773361206,653,59a35bbb9d829c88
0,0.844897985458374,574,e35354e12a4af516
0,1.1290322542190552,638,f7cd4a025a6ef604
1,0.8483412265777588,560,ai_giao_duc_0039_gemini-3.7-flash
1,0.8510638475418091,684,ai_van_hoa_0017_GPT-5.6 Luna
1,0.8485915660858154,685,ai_van_hoa_0296_GPT-5.6 Luna
1,0.8571428656578064,686,ai_kinh_te_0448_GPT-5.6 Luna
1,0.9531915187835692,531,ai_xa_hoi_0630_gemini-3.7-flash
0,1.0497512817382812,512,3b08fe7740ccf05d
1,0.8991228342056274,565,ai_chinh_tri_0330_gemini-3.7-flash
1,0.8813559412956238,574,ai_van_hoa_0077_gemini-3.7-flash
1,0.8473895788192749,521,ai_the_thao_0636_gemini-3.7-flash
0,0.9448819160461426,636,c4823ea278efd65d
1,0.9194915294647216,497,ai_xa_hoi_0480_gemini-3.7-flash
0,0.9788732528686525,292,561c8c77eb25df2d
1,0.8888888955116272,643,ai_kinh_te_0337_gemini-3.7-flash
0,0.96484375,579,8835bb011db74e01
1,0.9194915294647216,497,ai_xa_hoi_0048_gemini-3.7-flash
0,0.9769230484962464,512,c4e87d1522ddf830
0,0.995652198791504,512,e006ff2aabff1c26
1,0.9531915187835692,531,ai_xa_hoi_0486_gemini-3.7-flash
0,0.9735099077224731,692,a405865f2ca0e26e
1,0.8483412265777588,560,ai_giao_duc_0455_gemini-3.7-flash
1,0.8758864998817444,686,ai_van_hoa_0698_GPT-5.6 Luna
0,1.065573811531067,675,84e0c74e5fd9ad13
0,1.0205128192901611,515,13fb2e219fb634bc
1,0.828000009059906,529,ai_the_thao_0226_gemini-3.7-flash
0,1.0486111640930176,512,418e79bd7856f8b8
0,1.0058139562606812,768,70e7f7ee44ec359d
1,0.8483412265777588,560,ai_giao_duc_0655_gemini-3.7-flash
0,0.9918367266654968,512,6b3566276c07656c
0,1.0675106048583984,518,7adcbfbb90635cd1
0,1.017699122428894,512,60150f67e5258dd1
0,1.025906682014465,512,6e64aee6d3025a9c
1,0.8473895788192749,521,ai_the_thao_0084_gemini-3.7-flash
1,0.9166666865348816,514,ai_kinh_te_0308_gemini-3.7-flash
1,0.8714285492897034,685,ai_xa_hoi_0369_GPT-5.6 Luna
0,0.9581589698791504,652,a1e938a2b5347db7
0,1.0081967115402222,512,6f12249e109d49b3
1,0.8735178112983704,644,ai_kinh_te_0349_gemini-3.7-flash
1,0.8500000238418579,684,ai_van_hoa_0085_GPT-5.6 Luna
0,0.9806201457977296,512,fcecbfaef0335b18
0,1.1294118165969849,707,6c4b6c79e4eb0dea
1,0.8723404407501221,686,ai_chinh_tri_0576_GPT-5.6 Luna
0,1.0060606002807615,512,ec1f58b3dcd24adb
0,1.0,519,d4f9cf54cc209d5b
1,0.925110161304474,599,ai_giao_duc_0317_gemini-3.7-flash
0,0.9507575631141664,624,dd63a1017b81aa83
0,1.1079812049865725,512,b9e7db12f2745599
1,0.8860294222831726,684,ai_giao_duc_0593_GPT-5.6 Luna
1,0.8741007447242737,686,ai_giao_duc_0255_GPT-5.6 Luna
0,1.058823585510254,512,124ccfc334f522c6
0,0.9791666865348816,768,4bbe0f6261564668
0,0.9277108311653136,768,98edc0617e97292f
1,0.8546099066734314,684,ai_xa_hoi_0763_GPT-5.6 Luna
0,1.0,768,ad4e5095963f49ad
1,0.8601398468017578,684,ai_chinh_tri_0188_GPT-5.6 Luna
0,1.02816903591156,698,efbee374282fc8cc
0,0.9620253443717957,561,a244c4340d3d4a29
0,0.9436619877815248,616,a3515cefcdc1cafd
1,0.8286713361740112,684,ai_the_thao_0264_GPT-5.6 Luna
0,0.9305555820465088,512,804cd3fef9fdafb1
1,0.9531915187835692,531,ai_xa_hoi_0286_gemini-3.7-flash
1,0.8500000238418579,686,ai_chinh_tri_0234_GPT-5.6 Luna
0,1.0,758,514a5c7b1df2b7ba
1,0.8441558480262756,575,ai_van_hoa_0833_gemini-3.7-flash
1,0.89552241563797,684,ai_xa_hoi_0079_GPT-5.6 Luna
1,0.8758864998817444,686,ai_kinh_te_0571_GPT-5.6 Luna
1,0.8848921060562134,686,ai_giao_duc_0783_GPT-5.6 Luna
1,0.8735178112983704,644,ai_kinh_te_0053_gemini-3.7-flash
0,1.0629920959472656,604,d55afd73e468c101
1,0.8731883764266968,684,ai_van_hoa_0430_GPT-5.6 Luna
1,0.8782608509063721,547,ai_van_hoa_0612_gemini-3.7-flash
0,1.0078125,694,ed22e964d37da62c
0,0.9868420958518982,249,e712796f0bc71c0c
1,0.9014084339141846,550,ai_xa_hoi_0759_gemini-3.7-flash
1,0.8952381014823914,595,ai_chinh_tri_0029_gemini-3.7-flash
0,1.0,768,90d64e9323f36d21
0,1.0324074029922483,768,0d11f314d9a3012c
1,0.8813559412956238,574,ai_van_hoa_0741_gemini-3.7-flash
0,1.0094339847564695,585,e7b1414357a55c6a
0,1.0482758283615112,653,a1d155624e47357a
1,0.8666666746139526,530,ai_giao_duc_0240_gemini-3.7-flash
1,0.8884119987487793,574,ai_van_hoa_0797_gemini-3.7-flash
1,0.8515625,567,ai_kinh_te_0270_gemini-3.7-flash
1,0.8755555748939514,513,ai_chinh_tri_0215_gemini-3.7-flash
0,1.0322580337524414,648,dfc8916d8c0340c2
0,0.9447852969169616,661,559a27ea0775dedf
0,1.00543475151062,768,912ea5a560c55c67
1,0.8591549396514893,685,ai_kinh_te_0075_GPT-5.6 Luna
1,0.8546099066734314,685,ai_kinh_te_0510_GPT-5.6 Luna
0,1.0,642,908801ac49f4aea0
0,0.935714304447174,768,a4017606ee7888dc
1,0.8678571581840515,684,ai_the_thao_0707_GPT-5.6 Luna
0,0.984455943107605,655,d7d3b18eb089c77a
0,0.9586777091026306,512,b3a642c6a7d52e55
1,0.9230769276618958,494,ai_xa_hoi_0036_gemini-3.7-flash
0,0.9420289993286132,639,d6ff45ddd4158db1
0,1.0122449398040771,512,ab973738dc1a1e4f
0,0.9453125,512,bf96e52f29716811
1,0.8333333134651184,530,ai_kinh_te_0187_gemini-3.7-flash
0,1.018072247505188,501,87db9a48abb8837d
0,1.0403225421905518,534,9404f13bb2bbce9c
1,0.8804348111152649,685,ai_kinh_te_0559_GPT-5.6 Luna
0,1.014814853668213,512,be0f02a660c2d7f1
1,0.8392857313156128,684,ai_chinh_tri_0518_GPT-5.6 Luna
1,0.8799999952316284,554,ai_the_thao_0811_gemini-3.7-flash
0,1.0317460298538208,512,af628bdb0e4fb392
0,0.9722222089767456,690,c81f5490409ac366
0,0.9870129823684692,522,6d6dcc93fb98da11
1,0.8556337952613831,685,ai_van_hoa_0754_GPT-5.6 Luna
1,0.8528138399124146,575,ai_van_hoa_0401_gemini-3.7-flash
1,0.9404255151748656,533,ai_xa_hoi_0610_gemini-3.7-flash
0,1.0555555820465088,680,c837868e4e6a2fbc
1,0.8389830589294434,554,ai_the_thao_0583_gemini-3.7-flash
1,0.85447758436203,530,ai_kinh_te_0447_gemini-3.7-flash
0,1.0307692289352417,648,799475d8aaf8145d
0,1.0828025341033936,768,df545bad36a79647
1,0.8253968358039856,557,ai_van_hoa_0011_gemini-3.7-flash
1,0.8514492511749268,684,ai_kinh_te_0202_GPT-5.6 Luna
1,0.8623188138008118,685,ai_chinh_tri_0457_GPT-5.6 Luna
0,0.9655172228813172,634,79551e0723a38291
0,1.0359711647033691,768,cef03fcdabc21686
0,1.0209205150604248,768,6397cd102945703e
0,0.9051094651222228,512,ad53580174634893
1,0.9004328846931458,566,ai_chinh_tri_0774_gemini-3.7-flash
1,0.9230769276618958,494,ai_xa_hoi_0604_gemini-3.7-flash
0,0.9464285969734192,543,42a89ec0c7f3c70b
1,0.8731883764266968,684,ai_xa_hoi_0192_GPT-5.6 Luna
1,0.867521345615387,600,ai_giao_duc_0609_gemini-3.7-flash
1,0.8723404407501221,685,ai_giao_duc_0552_GPT-5.6 Luna
1,0.8623188138008118,686,ai_chinh_tri_0307_GPT-5.6 Luna
1,0.8500000238418579,684,ai_van_hoa_0261_GPT-5.6 Luna
1,0.8607142567634583,684,ai_giao_duc_0320_GPT-5.6 Luna
1,0.8755555748939514,513,ai_chinh_tri_0487_gemini-3.7-flash
1,0.8731883764266968,684,ai_kinh_te_0519_GPT-5.6 Luna
0,0.9496402740478516,512,2af921ec7ab424a1
0,1.0120482444763184,512,490e7ab01d856d40
1,0.9222221970558168,684,ai_kinh_te_0068_GPT-5.6 Luna
0,1.150838017463684,540,08307405cd2a7003
0,0.9609375,512,472d2be3c2a982ab
1,0.912350594997406,515,ai_kinh_te_0688_gemini-3.7-flash
1,0.8617021441459656,685,ai_kinh_te_0209_GPT-5.6 Luna
0,0.935251772403717,768,ab93813abc7b6b6c
1,0.8888888955116272,643,ai_kinh_te_0777_gemini-3.7-flash
1,0.8661971688270569,686,ai_the_thao_0084_GPT-5.6 Luna
1,0.8695651888847351,684,ai_van_hoa_0494_GPT-5.6 Luna
1,0.8525179624557495,684,ai_van_hoa_0491_GPT-5.6 Luna
0,1.0,574,542f206e9bc16605
0,0.988095223903656,768,06ee452ed2bbb381
1,0.8341013789176941,561,ai_giao_duc_0755_gemini-3.7-flash
0,1.0116958618164062,681,67556d7858e994b3
1,0.8546099066734314,685,ai_giao_duc_0016_GPT-5.6 Luna
1,0.9234449863433838,551,ai_xa_hoi_0283_gemini-3.7-flash
1,0.918660283088684,551,ai_xa_hoi_0819_gemini-3.7-flash
1,0.9279661178588868,569,ai_xa_hoi_0637_gemini-3.7-flash
0,1.051792860031128,512,cb536b255df0106e
1,0.8633093237876892,685,ai_kinh_te_0463_GPT-5.6 Luna
0,0.984375,768,a96545fb4a34a106
0,0.9074074029922484,512,ab6846cf21d8e308
1,0.9230769276618958,494,ai_xa_hoi_0684_gemini-3.7-flash
0,1.0672645568847656,624,e2437293ba499014
1,0.8785714507102966,686,ai_xa_hoi_0022_GPT-5.6 Luna
0,0.9808917045593262,662,9519a897965ab744
1,0.8591549396514893,687,ai_van_hoa_0548_GPT-5.6 Luna
1,0.9230769276618958,494,ai_xa_hoi_0700_gemini-3.7-flash
0,1.0068964958190918,512,f77e08e7b14a211d
1,0.8584070801734924,544,ai_van_hoa_0456_gemini-3.7-flash
0,0.9952830076217652,512,d4a509759177b88c
0,1.0133928060531616,768,86d7622adc875f01
0,0.8823529481887817,550,e796ce65be329be1
0,1.0,677,cd2d614fef0f8078
0,1.0080971717834473,590,383596935930a736
0,1.0763888359069824,579,4932454526969814
0,1.0330578088760376,637,a4730ae1c5a1e947
0,0.9901960492134094,646,fa04767f0daea8d3
1,0.8546099066734314,686,ai_xa_hoi_0042_GPT-5.6 Luna
0,0.886956512928009,512,8b94a55878266e4c
0,1.0,556,479256d627a6c2f9
0,1.0640000104904177,538,cc648c243e055178
0,1.0,512,f6a27c4feb8a10c1
0,0.9496123790740968,537,7b31439551e33415
0,0.9551569223403932,768,74122596230172c3
1,0.8952381014823914,595,ai_chinh_tri_0213_gemini-3.7-flash
0,0.9154929518699646,512,9911959e3504c1d7
0,1.0,512,e36be2d30cccdf7c
1,0.8722627758979797,683,ai_van_hoa_0246_GPT-5.6 Luna
1,0.8561151027679443,684,ai_kinh_te_0458_GPT-5.6 Luna
0,0.9622641801834106,541,b3ea2a936cbba57d
0,1.0289855003356934,683,5c1c8500f936b6a0
0,1.043859601020813,621,6cefb75c18d60bcc
0,1.0693877935409546,512,614466c1d4481d37
1,0.8991228342056274,565,ai_chinh_tri_0482_gemini-3.7-flash
1,0.8354430198669434,554,ai_the_thao_0799_gemini-3.7-flash
1,0.8360000252723694,557,ai_van_hoa_0203_gemini-3.7-flash
1,0.8299319744110107,684,ai_the_thao_0495_GPT-5.6 Luna
0,1.0368098020553589,768,8dc166085996946d
0,1.0686274766921997,674,6d82858c4a94d2ac
0,0.9457364082336426,768,ab2443e7f91d1782
1,0.8387096524238586,529,ai_the_thao_0802_gemini-3.7-flash
1,0.8690476417541504,568,ai_kinh_te_0650_gemini-3.7-flash
1,0.8949275612831116,686,ai_giao_duc_0109_GPT-5.6 Luna
1,0.8586207032203674,685,ai_chinh_tri_0044_GPT-5.6 Luna
1,0.8820960521697998,547,ai_van_hoa_0028_gemini-3.7-flash
0,0.9390243887901306,605,18ee9fd0d1353054
1,0.8848921060562134,685,ai_the_thao_0762_GPT-5.6 Luna
1,0.912350594997406,515,ai_kinh_te_0192_gemini-3.7-flash
1,0.8848921060562134,685,ai_xa_hoi_0801_GPT-5.6 Luna
1,0.8617021441459656,686,ai_van_hoa_0193_GPT-5.6 Luna
0,1.0223463773727417,512,aaac69eda17ce0ec
1,0.8733624219894409,545,ai_chinh_tri_0276_gemini-3.7-flash
0,1.0244897603988647,653,53459b6f272beb06
1,0.8423236608505249,517,ai_giao_duc_0166_gemini-3.7-flash
0,0.9601989984512328,768,9eaa6e885025c82f
1,0.8884891867637634,685,ai_the_thao_0442_GPT-5.6 Luna
0,1.0202702283859253,768,15901a1154efb782
0,1.0,659,a139a6b50a0d7d42
1,0.8617021441459656,684,ai_xa_hoi_0472_GPT-5.6 Luna
1,0.8410041928291321,531,ai_the_thao_0638_gemini-3.7-flash
0,0.961864411830902,600,4a019bd7b8f0b4d5
1,0.8848921060562134,686,ai_van_hoa_0795_GPT-5.6 Luna
0,1.0822784900665283,677,6a15f269610bf700
0,0.99609375,512,56d62b1531bc4201
0,1.0718954801559448,512,1fa10bde7dd3cc0b
0,0.9810426831245422,768,f3fc90058183a853
1,0.9230769276618958,494,ai_xa_hoi_0276_gemini-3.7-flash
0,1.0064516067504885,522,1d23eb6d54687ffa
1,0.8717948794364929,596,ai_the_thao_0813_gemini-3.7-flash
0,1.1103895902633667,580,52b461c444bc0a69
1,0.8367347121238708,686,ai_the_thao_0621_GPT-5.6 Luna
0,0.970588207244873,715,b92cce3635cedde0
1,0.9531915187835692,531,ai_xa_hoi_0118_gemini-3.7-flash
1,0.9242424368858336,596,ai_chinh_tri_0745_gemini-3.7-flash
1,0.8813559412956238,574,ai_van_hoa_0261_gemini-3.7-flash
1,0.8496503233909607,686,ai_van_hoa_0232_GPT-5.6 Luna
0,0.6712328791618347,718,ea7ab9d736377d8a
1,0.8528138399124146,575,ai_van_hoa_0713_gemini-3.7-flash
1,0.8666666746139526,530,ai_giao_duc_0424_gemini-3.7-flash
1,0.8510638475418091,684,ai_van_hoa_0201_GPT-5.6 Luna
1,0.8141891956329346,684,ai_the_thao_0783_GPT-5.6 Luna
0,1.0865384340286257,512,6cbc816384547247
1,0.8439716100692749,685,ai_chinh_tri_0286_GPT-5.6 Luna
1,0.9230769276618958,494,ai_xa_hoi_0636_gemini-3.7-flash
1,0.8473895788192749,521,ai_the_thao_0524_gemini-3.7-flash
0,1.038759708404541,678,e4f7690f3e09f6ef
0,0.9925373196601868,552,8772f32ff109a0dd
0,0.9420289993286132,512,9c7b3e0a73fbfeb7
0,0.9568345546722412,677,2ffb01fd9e26619e
0,0.881118893623352,512,bbfa71d9b135fb89
1,0.8546099066734314,684,ai_van_hoa_0586_GPT-5.6 Luna
0,0.9873417615890504,666,dc20ac279c66bc9e
1,0.8590308427810669,595,ai_the_thao_0473_gemini-3.7-flash
0,0.8909774422645569,548,eb7b38b243073b6e
0,1.0,512,57c4823445b5a145
0,1.0,512,0bf5c2f1255cd579
1,0.8586207032203674,685,ai_chinh_tri_0764_GPT-5.6 Luna
0,0.9696969985961914,768,5035d6f396fa24a3
1,0.8623188138008118,684,ai_chinh_tri_0107_GPT-5.6 Luna
0,1.0187499523162842,768,a3eaf63014ef5d31
0,1.056410312652588,580,79932eae76e97b0e
1,0.8888888955116272,643,ai_kinh_te_0465_gemini-3.7-flash
1,0.8584070801734924,544,ai_van_hoa_0424_gemini-3.7-flash
0,0.9440559148788452,768,06087ded5fa44393
1,0.9242424368858336,596,ai_chinh_tri_0593_gemini-3.7-flash
0,0.9407894611358644,768,2a86d0650be99aa1
0,0.9627329111099244,616,4f29bc9ae382a881
0,1.0533332824707031,556,40a5ad910b99bee3
1,0.8617021441459656,685,ai_kinh_te_0631_GPT-5.6 Luna
1,0.9037656784057616,494,ai_xa_hoi_0828_gemini-3.7-flash
1,0.8731883764266968,684,ai_van_hoa_0398_GPT-5.6 Luna
1,0.8510638475418091,686,ai_chinh_tri_0715_GPT-5.6 Luna
0,0.9301310181617736,512,c3f4ef2f8fc0869b
0,0.9266666769981384,768,e9eb1a92268932ca
0,0.9503546357154846,690,86271493b9abc9d7
1,0.8510638475418091,686,ai_kinh_te_0048_GPT-5.6 Luna
1,0.8813559412956238,574,ai_van_hoa_0429_gemini-3.7-flash
0,1.0278884172439575,512,5080a33b59592063
1,0.8649635314941406,684,ai_chinh_tri_0545_GPT-5.6 Luna
1,0.9383260011672974,551,ai_van_hoa_0142_gemini-3.7-flash
1,0.9234449863433838,551,ai_xa_hoi_0067_gemini-3.7-flash
1,0.8591549396514893,686,ai_van_hoa_0033_GPT-5.6 Luna
0,1.01646089553833,512,ace3487f48183476
1,0.8652482032775879,684,ai_the_thao_0800_GPT-5.6 Luna
0,1.0074074268341064,512,191ce00b4fe4bdf4
1,0.8404255509376526,684,ai_van_hoa_0749_GPT-5.6 Luna
0,0.9726027250289916,523,2c63d01077df7767
1,0.9242424368858336,596,ai_chinh_tri_0721_gemini-3.7-flash
0,0.953125,512,e1eb2599d51c4618
1,0.8821428418159485,685,ai_kinh_te_0022_GPT-5.6 Luna
1,0.8500000238418579,684,ai_chinh_tri_0462_GPT-5.6 Luna
0,1.0078125,662,ed962f4251b392ce
0,0.9222221970558168,702,5c10402cdd2606bc
1,0.84375,684,ai_chinh_tri_0508_GPT-5.6 Luna
0,0.9465240836143494,768,688850eba1a68084
0,0.9100000262260436,512,675b5ca9646f4453
1,0.8410041928291321,531,ai_the_thao_0550_gemini-3.7-flash
1,0.8686131238937378,684,ai_van_hoa_0222_GPT-5.6 Luna
0,0.937888205051422,512,2b0a57e99ce52b4e
1,0.8759124279022217,686,ai_xa_hoi_0635_GPT-5.6 Luna
1,0.8741007447242737,686,ai_giao_duc_0636_GPT-5.6 Luna
0,0.9947643876075744,633,309984986873cb00
1,0.8776978254318237,686,ai_xa_hoi_0105_GPT-5.6 Luna
1,0.8389830589294434,554,ai_the_thao_0543_gemini-3.7-flash
0,1.0296295881271362,512,8ff4a216976629fc
1,0.9404255151748656,533,ai_xa_hoi_0290_gemini-3.7-flash
1,0.8652482032775879,684,ai_the_thao_0803_GPT-5.6 Luna
0,0.7534883618354797,512,99c1a5801f739862
1,0.8755555748939514,513,ai_chinh_tri_0191_gemini-3.7-flash
0,0.918367326259613,512,1a66ee312f44472c
1,0.817829430103302,523,ai_the_thao_0776_gemini-3.7-flash
1,0.8741007447242737,685,ai_kinh_te_0214_GPT-5.6 Luna
1,0.8623188138008118,686,ai_xa_hoi_0781_GPT-5.6 Luna
1,0.9230769276618958,494,ai_xa_hoi_0756_gemini-3.7-flash
1,0.8821428418159485,686,ai_chinh_tri_0656_GPT-5.6 Luna
1,0.9014084339141846,550,ai_xa_hoi_0191_gemini-3.7-flash
0,1.0443037748336792,486,3f6a2b63ba139520
1,0.8741007447242737,684,ai_chinh_tri_0722_GPT-5.6 Luna
1,0.8423236608505249,517,ai_giao_duc_0462_gemini-3.7-flash
0,1.09375,512,43d70c94228a1709
1,0.9383260011672974,551,ai_van_hoa_0486_gemini-3.7-flash
0,1.0119999647140503,693,ddc152473bad9d87
0,1.0384615659713743,544,bbed5e74cd6de103
1,0.8546099066734314,686,ai_kinh_te_0163_GPT-5.6 Luna
1,0.8623188138008118,685,ai_chinh_tri_0559_GPT-5.6 Luna
0,1.0677965879440308,512,722e89fda5b657b3
0,1.0063694715499878,593,5530c620defb9f1c
1,0.9383260011672974,551,ai_van_hoa_0302_gemini-3.7-flash
1,0.8738738894462585,530,ai_giao_duc_0364_gemini-3.7-flash
0,1.0729613304138184,129,906ee412fc0ee652
1,0.886956512928009,596,ai_the_thao_0173_gemini-3.7-flash
1,0.8666666746139526,530,ai_giao_duc_0584_gemini-3.7-flash
0,0.9390243887901306,702,b20bc347659a491a
0,0.9696969985961914,768,7dfc12ec7268be54
0,1.0126582384109497,642,7acc45a1bdcf9fa6
1,0.8633093237876892,686,ai_chinh_tri_0419_GPT-5.6 Luna
0,0.9733333587646484,768,8ef74be20c7dfbc7
1,0.8804348111152649,686,ai_giao_duc_0775_GPT-5.6 Luna
0,0.9519650936126708,512,0e159a67e6bb85cb
0,1.0300428867340088,632,4626ab904e6db255
0,0.9573643207550048,768,b3d074bd279383f9
1,0.8496503233909607,684,ai_van_hoa_0503_GPT-5.6 Luna
1,0.8652482032775879,685,ai_chinh_tri_0760_GPT-5.6 Luna
1,0.8617021441459656,686,ai_chinh_tri_0315_GPT-5.6 Luna
0,0.8403756022453308,768,097c8db2e4bc3d7c
0,0.957446813583374,716,0fc0dda7214afd2a
0,0.9506726264953612,559,7c54eecc96c47bf0
1,0.8782608509063721,547,ai_van_hoa_0084_gemini-3.7-flash
1,0.9531915187835692,531,ai_xa_hoi_0006_gemini-3.7-flash
0,1.0181818008422852,768,84f946d3533e5945
0,0.969298243522644,620,ee67f275d88611ee
1,0.9279661178588868,569,ai_xa_hoi_0405_gemini-3.7-flash
0,0.9756097793579102,659,205812eb5a664ec7
1,0.8333333134651184,530,ai_kinh_te_0571_gemini-3.7-flash
1,0.8219696879386902,555,ai_van_hoa_0615_gemini-3.7-flash
1,0.828000009059906,529,ai_the_thao_0082_gemini-3.7-flash
0,1.0489130020141602,512,089efafee30bb5fc
0,0.958646595478058,768,20a47552702b79ca
0,0.899328887462616,649,e8ca9817d8d5ac2f
1,0.8804348111152649,686,ai_giao_duc_0124_GPT-5.6 Luna
0,0.9295154213905334,706,fd6df8ec264430e8
1,0.8482758402824402,685,ai_chinh_tri_0364_GPT-5.6 Luna
0,0.9240506291389464,687,64265af601706d00
1,0.8695651888847351,685,ai_chinh_tri_0170_GPT-5.6 Luna
0,0.991769552230835,512,6d333608eeaa0386
1,0.9014084339141846,550,ai_xa_hoi_0727_gemini-3.7-flash
0,1.004629611968994,512,051d571e3b3c3e88
0,0.9030836820602416,634,9a9162e1614fadbc
0,0.9692307710647584,757,f8374299f228c8b3
1,0.8859649300575256,518,ai_giao_duc_0218_gemini-3.7-flash
0,0.9779005646705629,561,05c722249f44394c
1,0.8848921060562134,686,ai_giao_duc_0063_GPT-5.6 Luna
0,1.0,651,8b56f837aac69334
1,0.8776978254318237,686,ai_xa_hoi_0345_GPT-5.6 Luna
1,0.8389830589294434,554,ai_the_thao_0207_gemini-3.7-flash
1,0.8755555748939514,513,ai_chinh_tri_0551_gemini-3.7-flash
0,0.929104506969452,512,d521546fdd35110e
0,0.9741935729980468,768,4aec5b79ec2420f4
0,0.9057591557502748,602,178a24aad037ead0
0,0.9900990128517152,512,aa7fbfb702ee055e
1,0.9194915294647216,497,ai_xa_hoi_0328_gemini-3.7-flash
1,0.866906464099884,686,ai_kinh_te_0781_GPT-5.6 Luna
0,1.0,614,f11e923ca808b883
1,0.8483412265777588,560,ai_giao_duc_0831_gemini-3.7-flash
1,0.8528138399124146,575,ai_van_hoa_0505_gemini-3.7-flash
1,0.9234449863433838,551,ai_xa_hoi_0763_gemini-3.7-flash
1,0.8485915660858154,684,ai_xa_hoi_0376_GPT-5.6 Luna
1,0.9194915294647216,497,ai_xa_hoi_0088_gemini-3.7-flash
1,0.8652482032775879,686,ai_chinh_tri_0171_GPT-5.6 Luna
0,0.9607843160629272,559,4d09d0fd041c28d1
1,0.8821428418159485,685,ai_kinh_te_0742_GPT-5.6 Luna
1,0.8333333134651184,530,ai_kinh_te_0651_gemini-3.7-flash
1,0.8759124279022217,684,ai_van_hoa_0206_GPT-5.6 Luna
0,1.0,688,f5e3fa7cc6f1c4f4
1,0.895652174949646,545,ai_chinh_tri_0592_gemini-3.7-flash
0,0.9560439586639404,512,650a827c6066b7c5
1,0.9111111164093018,685,ai_kinh_te_0396_GPT-5.6 Luna
0,0.9595141410827636,768,561d0e941d175e89
1,0.8623188138008118,684,ai_chinh_tri_0415_GPT-5.6 Luna
0,1.1769230365753174,526,13cdac129d44272e
0,0.9473684430122375,594,5368ffbc0f08d595
1,0.886956512928009,596,ai_the_thao_0189_gemini-3.7-flash
0,0.9285714030265808,512,eaf4b9a4566efeea
0,0.8263157606124878,512,e06d790cfabaa9a1
1,0.867521345615387,600,ai_giao_duc_0313_gemini-3.7-flash
1,0.866906464099884,686,ai_kinh_te_0661_GPT-5.6 Luna
1,0.8767605423927307,686,ai_giao_duc_0622_GPT-5.6 Luna
1,0.9166666865348816,514,ai_kinh_te_0068_gemini-3.7-flash
0,0.9049586653709412,590,d0008929daacc7f6
0,1.0,664,f5aba4c5779c84a5
0,0.9720279574394226,583,113ef3afb01628b6
0,1.045751690864563,539,03fede9d7b3058de
0,1.05627703666687,502,1054eb5477a3d8c1
0,1.048128366470337,511,45bd0541bfdb804b
0,0.9354838728904724,512,8d60034424c2a63b
0,1.075187921524048,542,5ee17c139fedcbc8
1,0.8510638475418091,686,ai_xa_hoi_0109_GPT-5.6 Luna
1,0.8528138399124146,575,ai_van_hoa_0425_gemini-3.7-flash
1,0.8799999952316284,554,ai_the_thao_0507_gemini-3.7-flash
0,0.8879668116569519,512,bea439dda7867701
0,1.0444444417953491,512,9261c3d422a6d7a3
1,0.8586956262588501,684,ai_van_hoa_0214_GPT-5.6 Luna
0,1.122580647468567,716,5291bb63145e9a6f
1,0.9383260011672974,551,ai_van_hoa_0158_gemini-3.7-flash
1,0.8473895788192749,521,ai_the_thao_0172_gemini-3.7-flash
1,0.8500000238418579,686,ai_xa_hoi_0805_GPT-5.6 Luna
1,0.9383260011672974,551,ai_van_hoa_0086_gemini-3.7-flash
0,1.0063694715499878,659,277f8db43d44b879
0,0.9727891087532043,768,129c68ed711e565b
1,0.8515625,567,ai_kinh_te_0166_gemini-3.7-flash
0,1.003921627998352,693,16036811b7527673
0,1.0231481790542605,768,ec26ed897f60347a
1,0.8500000238418579,685,ai_van_hoa_0811_GPT-5.6 Luna
0,0.9568345546722412,553,e25c48f418e17f22
0,0.9453125,709,8a5b0aa11320d917
0,0.9946236610412598,526,615e3c6d6de996b3
0,0.9465649127960204,768,1c1a56d5b63f05de
1,0.8391608595848083,684,ai_the_thao_0808_GPT-5.6 Luna
1,0.925110161304474,599,ai_giao_duc_0429_gemini-3.7-flash
0,1.0456620454788208,768,bb352add49f7759a
0,0.9230769276618958,668,3c30b4dadba5720b
0,1.0113636255264282,622,cd575aa5a590073e
0,1.033707857131958,665,84e7984f318fb37b
1,0.9014084339141846,550,ai_xa_hoi_0351_gemini-3.7-flash
0,0.9448819160461426,574,a2981a616e249cd6
0,0.9312977194786072,768,b17574aa5d43970c
0,0.9085714221000672,768,d53453df186287d5
0,1.0,768,20029267c1a9381d
0,0.8137651681900024,529,5eeb4b380e35f999
0,1.2109375,625,8733251b3e3cffee
0,1.0413793325424194,512,df22f51efe396fe4
1,0.8695651888847351,684,ai_chinh_tri_0335_GPT-5.6 Luna
1,0.8483412265777588,560,ai_giao_duc_0295_gemini-3.7-flash
1,0.8528138399124146,575,ai_van_hoa_0641_gemini-3.7-flash
0,1.0,513,ee9c8fea048658df
0,0.914814829826355,697,3daf07d6321114f6
1,0.8731883764266968,684,ai_van_hoa_0790_GPT-5.6 Luna
1,0.8695651888847351,685,ai_giao_duc_0140_GPT-5.6 Luna
0,1.0487804412841797,521,a642d338190c1521
0,0.9618320465087892,768,45d443bc529d4ad9
1,0.8601398468017578,686,ai_the_thao_0157_GPT-5.6 Luna
1,0.9014598727226256,686,ai_giao_duc_0701_GPT-5.6 Luna
0,1.03649640083313,540,57341d3bb1c9dcce
0,0.9545454382896424,768,7e0655027ab45bf7
1,0.9230769276618958,494,ai_xa_hoi_0236_gemini-3.7-flash
1,0.8661971688270569,685,ai_kinh_te_0670_GPT-5.6 Luna
0,1.0189872980117798,768,700bbbde7372f15a
1,0.8483412265777588,560,ai_giao_duc_0823_gemini-3.7-flash
1,0.8782608509063721,547,ai_van_hoa_0372_gemini-3.7-flash
1,0.895652174949646,545,ai_chinh_tri_0712_gemini-3.7-flash
0,1.080246925354004,512,ec903667ff65ce67
0,0.9649999737739564,512,c8387b6095412eab
0,0.9468085169792176,512,0afa26d9d9abb887
0,0.971222996711731,578,8567b12cfc6fab03
1,0.8483412265777588,560,ai_giao_duc_0007_gemini-3.7-flash
0,1.0,621,4bee988b674edf11
0,0.9729729890823364,674,21d3f33156706fe7
1,0.8617021441459656,684,ai_xa_hoi_0592_GPT-5.6 Luna
0,0.9757575988769532,525,fcbda4866e8fad83
0,1.0514706373214722,512,ac47989e998187cf
0,0.91629958152771,669,615cde3d3c135bcd
0,0.9696969985961914,512,725a9cd5bd8520f1
1,0.8515625,567,ai_kinh_te_0366_gemini-3.7-flash
1,0.8952381014823914,595,ai_chinh_tri_0437_gemini-3.7-flash
0,1.0,768,3eee1930f8925802
0,0.982608675956726,680,e4e4c22c812d3f5b
1,0.8799999952316284,554,ai_the_thao_0427_gemini-3.7-flash
1,0.8690476417541504,568,ai_kinh_te_0690_gemini-3.7-flash
1,0.8888888955116272,518,ai_chinh_tri_0171_gemini-3.7-flash
0,1.0067567825317385,677,1590694867e3a61c
0,1.006993055343628,651,89827ef6b663c0dc
1,0.8821428418159485,686,ai_giao_duc_0566_GPT-5.6 Luna
1,0.8848921060562134,685,ai_kinh_te_0711_GPT-5.6 Luna
0,1.0584415197372437,512,8f8d18d9302971ef
1,0.8829787373542786,685,ai_the_thao_0466_GPT-5.6 Luna
1,0.8483412265777588,560,ai_giao_duc_0335_gemini-3.7-flash
0,1.0414201021194458,645,4047f9840b849564
1,0.8782608509063721,547,ai_van_hoa_0260_gemini-3.7-flash
0,0.908713698387146,691,f3ccea09e737703f
1,0.8652482032775879,686,ai_chinh_tri_0051_GPT-5.6 Luna
0,0.939890682697296,768,fea411d5842d95ac
1,0.8714285492897034,685,ai_the_thao_0627_GPT-5.6 Luna
0,0.991631805896759,611,d55f382d3020c4c6
0,0.8826815485954285,512,261e476a74e753a7
1,0.8888888955116272,643,ai_kinh_te_0161_gemini-3.7-flash
1,0.9166666865348816,514,ai_kinh_te_0204_gemini-3.7-flash
1,0.8758864998817444,686,ai_van_hoa_0650_GPT-5.6 Luna
1,0.829365074634552,523,ai_the_thao_0608_gemini-3.7-flash
1,0.9057971239089966,686,ai_giao_duc_0389_GPT-5.6 Luna
0,1.0,768,5480f7a2396237be
1,0.8666666746139526,530,ai_giao_duc_0768_gemini-3.7-flash
0,1.0,768,799eba366c0db638
0,0.922535240650177,581,326d54a9e68d8014
1,0.8731883764266968,686,ai_xa_hoi_0147_GPT-5.6 Luna
0,1.0,512,339310fd75ac7a6b
1,0.8813559412956238,574,ai_van_hoa_0397_gemini-3.7-flash
1,0.8916084170341492,686,ai_the_thao_0833_GPT-5.6 Luna
0,0.9548386931419371,768,ec1dd9a6b1a66f14
1,0.9234449863433838,551,ai_xa_hoi_0547_gemini-3.7-flash
0,1.0088105201721191,768,da6acf9cf2a9bcfe
1,0.8804348111152649,686,ai_xa_hoi_0457_GPT-5.6 Luna
0,1.0350877046585083,650,c97538ecab3c92e3
1,0.9194915294647216,497,ai_xa_hoi_0416_gemini-3.7-flash
0,1.0,645,efb53ead9492e06f
0,0.921641767024994,670,79cb5cb2fbc6741b
0,1.0192307233810425,528,9714b1da060a0879
0,0.9935064911842346,678,f196be91a8cde27f
0,1.2180451154708862,512,86d0ec9f261a3792
1,0.8423236608505249,517,ai_giao_duc_0086_gemini-3.7-flash
1,0.8731883764266968,684,ai_van_hoa_0278_GPT-5.6 Luna
0,1.0,591,defaeacada8335ba
0,0.9955752491950988,512,18faa93643b892cd
0,1.02173912525177,512,ddca347567012ae5
1,0.8525179624557495,684,ai_van_hoa_0371_GPT-5.6 Luna
0,1.0,768,9892147fa3afc31d
0,0.970802903175354,512,cb1365dd768ba6a8
1,0.9404255151748656,533,ai_xa_hoi_0226_gemini-3.7-flash
1,0.925110161304474,599,ai_giao_duc_0125_gemini-3.7-flash
1,0.867521345615387,600,ai_giao_duc_0169_gemini-3.7-flash
0,1.042553186416626,512,10c358a87cf4a3ea
0,1.037558674812317,562,646916db2cc3ad97
0,0.96875,538,20edd7db1f85efc2
1,0.912350594997406,515,ai_kinh_te_0384_gemini-3.7-flash
0,0.9848484992980956,512,8e96438e5b4eba8d
0,0.979865789413452,693,6d9352510e5f397f
1,0.866906464099884,685,ai_chinh_tri_0818_GPT-5.6 Luna
0,1.0829694271087646,533,12951f3059cc8e8a
1,0.867521345615387,600,ai_giao_duc_0721_gemini-3.7-flash
1,0.8794642686843872,544,ai_van_hoa_0024_gemini-3.7-flash
1,0.8333333134651184,530,ai_kinh_te_0371_gemini-3.7-flash
1,0.8546099066734314,684,ai_van_hoa_0706_GPT-5.6 Luna
0,0.949999988079071,684,4402eacf006ba5db
1,0.9531915187835692,531,ai_xa_hoi_0062_gemini-3.7-flash
1,0.886956512928009,596,ai_the_thao_0469_gemini-3.7-flash
0,0.9452054500579834,641,1ea434690e280af8
1,0.8633093237876892,687,ai_kinh_te_0456_GPT-5.6 Luna
0,1.0597609281539917,512,40444ac073e12aa5
0,1.0229357481002808,512,d53e9d9aae19b6a7
0,1.014851450920105,642,ffcc01e8ba06faed
1,0.8527397513389587,685,ai_the_thao_0508_GPT-5.6 Luna
1,0.875,684,ai_chinh_tri_0192_GPT-5.6 Luna
0,1.0416666269302368,512,39e55a74b93f8d93
0,1.090000033378601,672,f9daaeaf5fd1d536
0,1.0499999523162842,618,9ba1bd69a966f18d
1,0.8528138399124146,575,ai_van_hoa_0121_gemini-3.7-flash
1,0.8623188138008118,684,ai_chinh_tri_0737_GPT-5.6 Luna
0,0.9424460530281068,591,ea73c7e7b63d99ff
1,0.8636363744735718,684,ai_van_hoa_0111_GPT-5.6 Luna
0,0.9497907757759094,512,3aaa8cab999c8ff8
1,0.912350594997406,515,ai_kinh_te_0616_gemini-3.7-flash
0,1.0617283582687378,768,d8083af8c85b8ed9
1,0.9230769276618958,494,ai_xa_hoi_0076_gemini-3.7-flash
1,0.8515625,567,ai_kinh_te_0054_gemini-3.7-flash
1,0.8510638475418091,685,ai_van_hoa_0577_GPT-5.6 Luna
1,0.829365074634552,523,ai_the_thao_0008_gemini-3.7-flash
1,0.829365074634552,523,ai_the_thao_0184_gemini-3.7-flash
1,0.9111111164093018,686,ai_giao_duc_0731_GPT-5.6 Luna
0,1.0289855003356934,512,71438c9fec728bfc
0,0.9721115827560424,584,e0eeb1187cbc6da8
0,1.0672645568847656,512,c25944f879532b35
1,0.8840579986572266,686,ai_giao_duc_0519_GPT-5.6 Luna
1,0.8607142567634583,686,ai_van_hoa_0043_GPT-5.6 Luna
0,1.034246563911438,508,5a209bbabdbc01e2
1,0.8690476417541504,568,ai_kinh_te_0490_gemini-3.7-flash
1,0.8714285492897034,685,ai_the_thao_0662_GPT-5.6 Luna
0,1.0076335668563845,529,61e573df4079ec02
0,1.0314960479736328,570,efa7c5f5c9c2aba7
1,0.8991228342056274,565,ai_chinh_tri_0146_gemini-3.7-flash
0,1.1192660331726074,533,84fa36c9dc88b700
1,0.8813559412956238,574,ai_van_hoa_0157_gemini-3.7-flash
0,0.9735682606697084,540,7dce70f0df0e7ca0
0,1.0378787517547607,476,aa3b180d103428a6
0,1.039370059967041,567,84402ff293e96ba3
0,1.0074074268341064,539,2a32f7a267ec8197
1,0.9227467775344848,570,ai_xa_hoi_0473_gemini-3.7-flash
0,0.9516128897666932,655,76f8af8d555c6f59
1,0.8617021441459656,685,ai_the_thao_0078_GPT-5.6 Luna
1,0.9234449863433838,551,ai_xa_hoi_0443_gemini-3.7-flash
1,0.9111111164093018,684,ai_giao_duc_0314_GPT-5.6 Luna
1,0.9194915294647216,497,ai_xa_hoi_0664_gemini-3.7-flash
1,0.867521345615387,600,ai_giao_duc_0513_gemini-3.7-flash
1,0.9014084339141846,550,ai_xa_hoi_0119_gemini-3.7-flash
1,0.829365074634552,523,ai_the_thao_0280_gemini-3.7-flash
1,0.9104477763175964,685,ai_xa_hoi_0735_GPT-5.6 Luna
1,0.8623188138008118,685,ai_xa_hoi_0371_GPT-5.6 Luna
0,1.0441176891326904,512,3a3d1cb44185ed14
0,0.9246861934661864,334,e821faa3e0aa1cc3
0,1.1688311100006104,560,acb8ff7ff381ad51
1,0.8473895788192749,521,ai_the_thao_0460_gemini-3.7-flash
0,0.94921875,443,8524d827a94cbe19
0,0.939226508140564,680,9077a0807da5e56d
1,0.8514492511749268,684,ai_giao_duc_0529_GPT-5.6 Luna
1,0.9234449863433838,551,ai_xa_hoi_0355_gemini-3.7-flash
0,0.9662446975708008,467,ffbb6c5be996153e
0,1.0152671337127686,512,7e58584837f3d36b
1,0.8799999952316284,554,ai_the_thao_0107_gemini-3.7-flash
1,0.8991228342056274,565,ai_chinh_tri_0226_gemini-3.7-flash
1,0.8591549396514893,686,ai_van_hoa_0624_GPT-5.6 Luna
1,0.8690476417541504,568,ai_kinh_te_0250_gemini-3.7-flash
0,1.0227272510528564,663,d5bdad80a46ab7af
1,0.8623188138008118,687,ai_kinh_te_0256_GPT-5.6 Luna
0,1.0065789222717283,502,f93f21e7376bb642
0,1.0197628736495972,662,f774c316ca004b72
1,0.8510638475418091,686,ai_kinh_te_0168_GPT-5.6 Luna
0,0.9366196990013124,512,f4470cf85b6557bc
0,1.0394736528396606,641,bc5abf6eaa0162b9
1,0.8623188138008118,685,ai_van_hoa_0627_GPT-5.6 Luna
1,0.8584070801734924,544,ai_van_hoa_0672_gemini-3.7-flash
0,1.0139859914779663,768,8acf7719c17cb40e
1,0.85447758436203,530,ai_kinh_te_0671_gemini-3.7-flash
0,1.059288501739502,512,ef95aa22c7c05f87
0,0.9639639854431152,512,d89a81e0c2ae9e8f
0,1.0149253606796265,512,08f1f6e0a367e293
1,0.875,684,ai_giao_duc_0305_GPT-5.6 Luna
0,0.8571428656578064,424,6e0c73d778953b2e
1,0.8794642686843872,544,ai_van_hoa_0064_gemini-3.7-flash
1,0.9014084339141846,550,ai_xa_hoi_0807_gemini-3.7-flash
0,1.0218340158462524,539,7c5cd54137c65914
1,0.8776978254318237,685,ai_xa_hoi_0526_GPT-5.6 Luna
1,0.8759124279022217,684,ai_van_hoa_0406_GPT-5.6 Luna
0,0.9067164063453674,522,408353f1d09edcb0
0,0.9642857313156128,556,df87dfefd64dfef3
0,0.9777777791023254,768,266a876d27d2ac43
1,0.9014084339141846,550,ai_xa_hoi_0391_gemini-3.7-flash
1,0.8758864998817444,686,ai_van_hoa_0170_GPT-5.6 Luna
1,0.902255654335022,684,ai_xa_hoi_0239_GPT-5.6 Luna
0,0.9583333134651184,529,464df2a01927d01e
0,1.0134228467941284,512,3b54ba1cbcebbb74
0,0.951724112033844,615,c77b9dc30181ea77
0,0.9513888955116272,768,29097830b634ac62
0,0.95652174949646,512,d7c7950df7a0e223
0,1.0274510383605957,689,4126957f1d2451ec
0,0.9436619877815248,512,6fec426ebf021830
1,0.8391608595848083,684,ai_the_thao_0064_GPT-5.6 Luna
0,0.893081784248352,554,cc41b48b5744ab7f
1,0.8333333134651184,530,ai_kinh_te_0003_gemini-3.7-flash
0,0.988950252532959,512,888471b18240d2bc
0,0.94907408952713,512,b92332035865a23b
0,0.9935483932495116,768,bdb798b734baaa41
1,0.8999999761581421,686,ai_giao_duc_0795_GPT-5.6 Luna
1,0.8333333134651184,530,ai_kinh_te_0635_gemini-3.7-flash
0,1.0397350788116455,667,7439d40830ceed23
0,0.988304078578949,545,f8c218ee3000b17e
1,0.8607142567634583,686,ai_van_hoa_0643_GPT-5.6 Luna
0,1.0070922374725342,512,a49aed55834ee388
1,0.8738738894462585,530,ai_giao_duc_0012_gemini-3.7-flash
0,1.03649640083313,588,352ae26b7cf84ef9
0,1.0559440851211548,512,4299efa84ef96b43
0,0.9921568632125854,512,b330874777315d4b
0,0.9523809552192688,660,e5628e98a2726e76
1,0.8731883764266968,684,ai_van_hoa_0158_GPT-5.6 Luna
0,0.975000023841858,768,0db588d3f535c7d0
1,0.9404255151748656,533,ai_xa_hoi_0082_gemini-3.7-flash
0,0.9596773982048036,544,c38aa2b562891f1b
0,0.9664429426193236,768,4cbf1fea6e6d9e23
1,0.8723404407501221,685,ai_the_thao_0052_GPT-5.6 Luna
0,0.9597315192222596,768,47bc59e452809f56
1,0.8823529481887817,684,ai_giao_duc_0281_GPT-5.6 Luna
1,0.9004328846931458,566,ai_chinh_tri_0438_gemini-3.7-flash
0,1.0296295881271362,768,d1e260afa45e0e37
0,0.9768518805503844,512,3046597fc1c89914
1,0.829365074634552,523,ai_the_thao_0432_gemini-3.7-flash
1,0.925110161304474,599,ai_giao_duc_0069_gemini-3.7-flash
1,0.925110161304474,599,ai_giao_duc_0829_gemini-3.7-flash
1,0.8464285731315613,684,ai_kinh_te_0058_GPT-5.6 Luna
1,0.925110161304474,599,ai_giao_duc_0269_gemini-3.7-flash
0,0.9878542423248292,659,91a66f24f64c2dc0
1,0.8515625,567,ai_kinh_te_0718_gemini-3.7-flash
1,0.8473895788192749,521,ai_the_thao_0484_gemini-3.7-flash
1,0.8776978254318237,686,ai_chinh_tri_0106_GPT-5.6 Luna
0,0.9390243887901306,446,48ebb6ef7c30983a
0,0.9686274528503418,512,042eaa5dfb7630aa
0,0.8848167657852173,512,733f0ab743884186
1,0.8884891867637634,686,ai_giao_duc_0647_GPT-5.6 Luna
0,1.0047392845153809,512,7d7fd851b76120af
1,0.8999999761581421,684,ai_giao_duc_0122_GPT-5.6 Luna
1,0.8741007447242737,686,ai_chinh_tri_0144_GPT-5.6 Luna
1,0.8590308427810669,595,ai_the_thao_0561_gemini-3.7-flash
1,0.8703703880310059,684,ai_giao_duc_0193_GPT-5.6 Luna
0,0.985185205936432,768,aeb220aaadfe639d
0,0.9365079402923584,768,6f0a3f3536b05f8c
1,0.829365074634552,523,ai_the_thao_0368_gemini-3.7-flash
1,0.8623188138008118,684,ai_chinh_tri_0707_GPT-5.6 Luna
1,0.8546099066734314,685,ai_van_hoa_0481_GPT-5.6 Luna
0,1.083769679069519,768,c1574827338d1b63
1,0.8590308427810669,595,ai_the_thao_0313_gemini-3.7-flash
1,0.8888888955116272,643,ai_kinh_te_0193_gemini-3.7-flash
0,0.9205297827720642,637,be642be91760f249
1,0.8888888955116272,643,ai_kinh_te_0817_gemini-3.7-flash
0,0.964028775691986,656,cbcab98bb078a907
0,1.1147540807724,512,6655449fe53eadbe
1,0.8500000238418579,684,ai_van_hoa_0327_GPT-5.6 Luna
0,0.9939393997192384,661,888b0984b06b00e3
1,0.867521345615387,600,ai_giao_duc_0225_gemini-3.7-flash
0,1.014814853668213,512,b1aebc82168d288b
1,0.8859649300575256,518,ai_giao_duc_0762_gemini-3.7-flash
1,0.8723404407501221,686,ai_kinh_te_0553_GPT-5.6 Luna
0,1.0,547,a5a4cf7dbf076fc6
0,0.9142857193946838,512,fb192186762897f4
1,0.85447758436203,530,ai_kinh_te_0239_gemini-3.7-flash
0,0.9860140085220336,768,a5d4601310821ebf
0,0.9724137783050536,603,24c9cdcaa011aa8b
0,0.9871794581413268,512,aa129ce5ed777a89
0,0.9788135886192322,765,70656f510249a959
1,0.8483412265777588,560,ai_giao_duc_0071_gemini-3.7-flash
1,0.8723404407501221,686,ai_kinh_te_0619_GPT-5.6 Luna
0,0.930656909942627,687,8ab02cf66474cd60
1,0.8695651888847351,684,ai_the_thao_0307_GPT-5.6 Luna
1,0.8561151027679443,684,ai_kinh_te_0098_GPT-5.6 Luna
0,0.9857142567634584,575,5a024149ba1543ae
1,0.895652174949646,545,ai_chinh_tri_0576_gemini-3.7-flash
0,0.9635416865348816,707,02804906e115b858
1,0.8473895788192749,521,ai_the_thao_0220_gemini-3.7-flash
0,0.9929577708244324,768,a63ba8c338bfda4c
1,0.8758864998817444,686,ai_xa_hoi_0828_GPT-5.6 Luna
1,0.8731883764266968,685,ai_kinh_te_0629_GPT-5.6 Luna
0,0.9452054500579834,768,749ecafacd53a511
1,0.8423236608505249,517,ai_giao_duc_0342_gemini-3.7-flash
0,0.8945147395133972,512,9aba94a1350821f5
0,1.0579710006713867,768,76dd6488086ed301
0,0.9311926364898682,531,02fdc116eaf273e6
0,0.9113923907279968,638,87b22bacb9e94b94
0,1.0526316165924072,660,52dc6296118d2ea4
1,0.8733624219894409,545,ai_chinh_tri_0628_gemini-3.7-flash
0,1.01260507106781,562,669fafa8e6f9345c
0,0.9939758777618408,512,6602d25abfa23aca
0,0.9760000109672546,512,e4ad46b956708bae
0,0.9337748289108276,512,1b5b9fee575840af
0,1.203703761100769,543,e0fcec21e3616312
1,0.8601398468017578,686,ai_the_thao_0357_GPT-5.6 Luna
1,0.8525179624557495,685,ai_chinh_tri_0414_GPT-5.6 Luna
1,0.8666666746139526,530,ai_giao_duc_0568_gemini-3.7-flash
1,0.8758864998817444,685,ai_the_thao_0579_GPT-5.6 Luna
0,1.0059880018234253,768,64b37a97d85aec20
0,1.092307686805725,712,a3a12e77eccaeea6
0,1.0352113246917725,668,d21f8b79a158fc8c
0,0.9066666960716248,512,135c72bbf866b58f
0,0.9379310607910156,768,b6a636ce36f97dd6
0,1.109375,512,352589cfbec8c220
0,0.9554139971733092,184,f755342e881d67b7
0,0.979865789413452,522,25a51bf02b99ad53
1,0.8758864998817444,685,ai_kinh_te_0521_GPT-5.6 Luna
0,1.013274312019348,619,f5efa63b61b4d7c5
1,0.9227467775344848,570,ai_xa_hoi_0201_gemini-3.7-flash
1,0.8991228342056274,565,ai_chinh_tri_0034_gemini-3.7-flash
0,1.020304560661316,768,be805332b1d5d05e
1,0.8759124279022217,685,ai_chinh_tri_0301_GPT-5.6 Luna
0,1.1232876777648926,512,4c2257d3a3c68f16
0,0.9854369163513184,694,2ebff93172cab581
1,0.8617021441459656,684,ai_van_hoa_0386_GPT-5.6 Luna
0,0.8911564350128174,512,e06f14f6471e3b2c
1,0.85447758436203,530,ai_kinh_te_0087_gemini-3.7-flash
0,0.9547511339187622,768,3b06b156eb4d5a62
0,1.071111083030701,512,5dbffc0c1028658a
0,1.01260507106781,511,7f566e8e45acda57
1,0.8888888955116272,643,ai_kinh_te_0137_gemini-3.7-flash
1,0.8649635314941406,684,ai_chinh_tri_0305_GPT-5.6 Luna
0,0.928909957408905,655,724cb23f27bcbb48
0,1.0160642862319946,512,b6d84082fb63af69
1,0.8219696879386902,555,ai_van_hoa_0367_gemini-3.7-flash
1,0.8661971688270569,686,ai_van_hoa_0288_GPT-5.6 Luna
0,1.038759708404541,768,b6f64319675c30c5
0,0.934426248073578,620,d5b0537c88d08cf8
0,0.9795918464660645,512,75ada2fac4d66d9a
0,1.0258620977401731,682,11f4aaca9853e5d8
0,0.959276020526886,581,092fec573d951462
1,0.84375,685,ai_van_hoa_0463_GPT-5.6 Luna
1,0.8799999952316284,554,ai_the_thao_0595_gemini-3.7-flash
0,0.9082568883895874,512,4bf4fb4cf4719cdc
0,0.8721461296081543,512,720001f90654d609
1,0.828000009059906,529,ai_the_thao_0274_gemini-3.7-flash
1,0.895652174949646,545,ai_chinh_tri_0664_gemini-3.7-flash
0,1.0714285373687744,502,083f16272e343d23
1,0.9242424368858336,596,ai_chinh_tri_0521_gemini-3.7-flash
1,0.9166666865348816,514,ai_kinh_te_0196_gemini-3.7-flash
0,0.9275362491607666,559,b0e6240e19f94eeb
0,1.0137931108474731,556,0b3ded21e9a2e9aa
0,0.9569377899169922,606,84e3ef45eae5cab7
1,0.9227467775344848,570,ai_xa_hoi_0169_gemini-3.7-flash
0,1.056910514831543,619,b7f756fb7a5386ea
1,0.9531915187835692,531,ai_xa_hoi_0262_gemini-3.7-flash
1,0.9004328846931458,566,ai_chinh_tri_0366_gemini-3.7-flash
1,0.8633093237876892,686,ai_kinh_te_0104_GPT-5.6 Luna
0,1.0336134433746338,512,b235d83d89848401
1,0.8728070259094238,547,ai_van_hoa_0804_gemini-3.7-flash
1,0.8767605423927307,686,ai_xa_hoi_0812_GPT-5.6 Luna
0,0.9276315569877625,512,571c422b763a0823
0,0.900735318660736,674,72007af86dc90ce5
1,0.9014084339141846,550,ai_xa_hoi_0575_gemini-3.7-flash
1,0.8759124279022217,684,ai_chinh_tri_0629_GPT-5.6 Luna
1,0.9234449863433838,551,ai_xa_hoi_0779_gemini-3.7-flash
1,0.8777777552604675,684,ai_xa_hoi_0503_GPT-5.6 Luna
0,0.9558823704719543,575,d22f755b9c7b250b
1,0.8723404407501221,686,ai_xa_hoi_0826_GPT-5.6 Luna
0,0.9863013625144958,768,63e64c64da7db0a5
1,0.8633093237876892,684,ai_chinh_tri_0685_GPT-5.6 Luna
0,1.0045045614242554,584,33c11d49082e47a5
0,1.0444444417953491,512,58338f11b714d24b
1,0.8607142567634583,685,ai_xa_hoi_0329_GPT-5.6 Luna
0,0.9454545378684998,768,a8ef7793ee34c09e
1,0.8450704216957092,686,ai_xa_hoi_0197_GPT-5.6 Luna
0,0.8958333134651184,512,ff148ca9a703bf16
1,0.8804348111152649,685,ai_kinh_te_0669_GPT-5.6 Luna
0,0.985185205936432,768,424faf08cdd33da1
0,1.1870503425598145,534,1b9610904c664ff6
1,0.8500000238418579,684,ai_the_thao_0600_GPT-5.6 Luna
1,0.9222221970558168,684,ai_kinh_te_0308_GPT-5.6 Luna
0,0.9930070042610168,768,989e5a81a71ecf7a
0,0.9719626307487488,679,d7099dde3063992a
0,0.957446813583374,586,0ee181ddd920caa0
0,1.046153903007507,512,17daad77d49e6097
1,0.8723404407501221,685,ai_kinh_te_0489_GPT-5.6 Luna
1,0.8714285492897034,686,ai_xa_hoi_0524_GPT-5.6 Luna
0,0.9922480583190918,512,165b36de84fdfc34
1,0.8333333134651184,530,ai_kinh_te_0691_gemini-3.7-flash
0,0.9061224460601808,733,f1aa1824143f4152
0,0.9715909361839294,682,74f0f06b1405923f
1,0.8813559412956238,574,ai_van_hoa_0181_gemini-3.7-flash
1,0.8820960521697998,547,ai_van_hoa_0036_gemini-3.7-flash
1,0.8755555748939514,513,ai_chinh_tri_0327_gemini-3.7-flash
0,1.0133333206176758,540,ae0c659e73973b84
0,1.0,559,ad8f1b0e29672549
0,1.0616438388824463,512,df9cf187d528a5bb
0,1.0621118545532229,688,275e523682e2ab7b
0,0.9867549538612366,675,b32cfe7163e19e2f
1,0.8741007447242737,686,ai_xa_hoi_0110_GPT-5.6 Luna
1,0.8999999761581421,684,ai_kinh_te_0284_GPT-5.6 Luna
1,0.925110161304474,599,ai_giao_duc_0205_gemini-3.7-flash
1,0.8584070801734924,544,ai_van_hoa_0528_gemini-3.7-flash
1,0.8728070259094238,547,ai_van_hoa_0796_gemini-3.7-flash
0,0.9655172228813172,587,1aa156fb9283a0c8
1,0.9383260011672974,551,ai_van_hoa_0718_gemini-3.7-flash
1,0.8525179624557495,684,ai_xa_hoi_0752_GPT-5.6 Luna
0,0.9865471124649048,768,2ac0098394c3c046
0,0.992094874382019,768,ac1e80fc53ad33d1
1,0.8514492511749268,686,ai_kinh_te_0040_GPT-5.6 Luna
0,0.9055117964744568,512,be0e0e9081f378e6
1,0.8607142567634583,684,ai_kinh_te_0695_GPT-5.6 Luna
1,0.8561151027679443,686,ai_kinh_te_0120_GPT-5.6 Luna
1,0.8813559412956238,574,ai_van_hoa_0301_gemini-3.7-flash
0,0.9656488299369812,768,8b86e16e1edd47b0
0,0.931506872177124,695,ba53851254ee6351
0,1.0208333730697632,683,d54eaf624aedaa7a
1,0.886956512928009,596,ai_the_thao_0685_gemini-3.7-flash
0,0.9702127575874328,512,009b98e80f38c4cc
1,0.9004328846931458,566,ai_chinh_tri_0758_gemini-3.7-flash
1,0.831932783126831,531,ai_the_thao_0806_gemini-3.7-flash
0,0.9621211886405944,505,c56e1c0be9906f72
1,0.9188033938407898,550,ai_van_hoa_0026_gemini-3.7-flash
1,0.9014084339141846,550,ai_xa_hoi_0463_gemini-3.7-flash
1,0.895652174949646,545,ai_chinh_tri_0760_gemini-3.7-flash
0,1.0,641,001b50c788650eda
1,0.8695651888847351,685,ai_xa_hoi_0174_GPT-5.6 Luna
0,0.9722222089767456,684,5d33dc035b64cb46
1,0.8738738894462585,530,ai_giao_duc_0772_gemini-3.7-flash
0,1.04054057598114,519,55b1634ee69d5eab
1,0.8884891867637634,686,ai_kinh_te_0286_GPT-5.6 Luna
1,0.8576388955116272,686,ai_the_thao_0034_GPT-5.6 Luna
0,0.8297101259231567,512,713356b518ae07d6
1,0.8888888955116272,518,ai_chinh_tri_0427_gemini-3.7-flash
0,0.9271523356437684,761,de4f8ffcc4146142
0,0.9874213933944702,768,efb700529b43bfd2
0,1.0735293626785278,436,d9b479ce0ec9245b
1,0.8450704216957092,686,ai_xa_hoi_0317_GPT-5.6 Luna
1,0.9004328846931458,566,ai_chinh_tri_0254_gemini-3.7-flash
1,0.8333333134651184,530,ai_kinh_te_0083_gemini-3.7-flash
0,0.9826839566230774,768,1f84e30c7d9e919d
0,0.9888268113136292,512,e954fbb64c08f0ee
1,0.8483412265777588,560,ai_giao_duc_0231_gemini-3.7-flash
1,0.8785714507102966,685,ai_the_thao_0142_GPT-5.6 Luna
1,0.8888888955116272,518,ai_chinh_tri_0147_gemini-3.7-flash
1,0.9383260011672974,551,ai_van_hoa_0438_gemini-3.7-flash
0,1.041176438331604,512,905e2d2a7d8e8d33
1,0.9014084339141846,550,ai_xa_hoi_0495_gemini-3.7-flash
0,1.1784037351608276,512,ff15862ea3fe9798
0,0.953125,393,af245f0bbc601720
0,0.9324894547462464,714,ee212184fe5a9a84
0,1.027667999267578,689,7b17cd318c58c631
0,1.057554006576538,512,927673da196e380f
1,0.9014084339141846,550,ai_xa_hoi_0143_gemini-3.7-flash
1,0.9037036895751952,684,ai_giao_duc_0114_GPT-5.6 Luna
0,1.0078125,574,22e3f4dc4bbdfe3d
1,0.8423236608505249,517,ai_giao_duc_0030_gemini-3.7-flash
0,1.0138888359069824,636,2b5450df31a3925a
0,0.9411764740943908,512,f5bb97e20f38f44f
0,0.875,613,7114102a73622104
1,0.886956512928009,596,ai_the_thao_0517_gemini-3.7-flash
0,0.9485294222831726,768,bf0c21a19975021a
0,0.9424460530281068,768,7d67d2ad0002c5bf
0,1.0759493112564087,748,e22e86579dd78821
0,0.92592591047287,645,1f7ab3c8c34298b2
0,0.9849624037742616,629,b9e90facdc57f611
1,0.8410041928291321,531,ai_the_thao_0222_gemini-3.7-flash
0,0.9926470518112184,662,043c3d9ec80e5426
1,0.9279661178588868,569,ai_xa_hoi_0101_gemini-3.7-flash
0,0.9071428775787354,580,2365d4698328f687
1,0.8813559412956238,574,ai_van_hoa_0685_gemini-3.7-flash
1,0.852173924446106,595,ai_the_thao_0785_gemini-3.7-flash
0,0.9414414167404176,632,a879f40a95518f9f
1,0.9111111164093018,685,ai_kinh_te_0756_GPT-5.6 Luna
1,0.8814814686775208,684,ai_kinh_te_0634_GPT-5.6 Luna
1,0.8892857432365417,685,ai_the_thao_0066_GPT-5.6 Luna
0,1.037593960762024,509,5fd8b6c77ba30a8b
0,1.0410958528518677,512,207646e01440f955
1,0.8633093237876892,684,ai_chinh_tri_0495_GPT-5.6 Luna
0,1.02173912525177,508,98b7640a489a77bf
0,1.0,620,02f555c61d086cd4
0,0.9208633303642272,512,5c659b95a842581c
1,0.8991228342056274,565,ai_chinh_tri_0322_gemini-3.7-flash
1,0.8556337952613831,686,ai_xa_hoi_0237_GPT-5.6 Luna
0,0.9557521939277648,646,97f88643b192e8f2
1,0.8690476417541504,568,ai_kinh_te_0202_gemini-3.7-flash
0,0.9934640526771544,623,5937cbf8ecbd4cbd
0,0.9735099077224731,637,fb9f5b1b1f1a8e42
1,0.8859649300575256,518,ai_giao_duc_0690_gemini-3.7-flash
0,0.9857819676399232,768,df7347a5d1fc0f2f
1,0.8840579986572266,686,ai_giao_duc_0575_GPT-5.6 Luna
0,0.9160839319229126,670,d904c2bdaf1d4b8c
0,0.9915611743927002,739,53ad9c9120a2f940
1,0.8590308427810669,595,ai_the_thao_0433_gemini-3.7-flash
0,0.969465672969818,539,65fcf0dc06a5be95
0,1.0358566045761108,675,c753e1b5253ec2fe
1,0.8758864998817444,684,ai_van_hoa_0599_GPT-5.6 Luna
1,0.8723404407501221,686,ai_xa_hoi_0346_GPT-5.6 Luna
0,0.8547486066818237,768,99c29c72c8c4bdf0
0,0.9789029359817504,714,c6565f1ee7973fbb
0,1.028037428855896,651,7839ff32c709a1dc
1,0.9106382727622986,551,ai_van_hoa_0054_gemini-3.7-flash
1,0.8591549396514893,687,ai_van_hoa_0428_GPT-5.6 Luna
1,0.8586956262588501,684,ai_chinh_tri_0322_GPT-5.6 Luna
1,0.8767605423927307,686,ai_van_hoa_0210_GPT-5.6 Luna
0,0.9622641801834106,768,88bda5789e6fa49a
1,0.8219696879386902,555,ai_van_hoa_0591_gemini-3.7-flash
0,1.014217972755432,512,a2cf4dc0426d098c
0,0.9629629850387572,768,c4cb285a2408fcad
1,0.8888888955116272,643,ai_kinh_te_0113_gemini-3.7-flash
1,0.8848921060562134,686,ai_xa_hoi_0660_GPT-5.6 Luna
0,1.0123966932296753,681,652dcdf37f8fbbce
0,0.9759036302566528,768,797d4f9e024f10bb
1,0.8859649300575256,518,ai_giao_duc_0394_gemini-3.7-flash
0,1.0136054754257202,538,73578c1274724078
0,1.044871807098389,512,bf82de00059cdebf
0,1.042553186416626,608,7b5f16c2fa7f1f54
0,1.0229008197784424,512,591f2f8ede0b5aa4
1,0.8916084170341492,686,ai_the_thao_0233_GPT-5.6 Luna
0,0.9506173133850098,579,b77dde2130324ca0
0,1.08695650100708,512,c0ba757a73c2d0b4
1,0.8389830589294434,554,ai_the_thao_0399_gemini-3.7-flash
0,0.9927007555961608,669,f0350e6747460d1e
1,0.925110161304474,599,ai_giao_duc_0821_gemini-3.7-flash
1,0.9194915294647216,497,ai_xa_hoi_0264_gemini-3.7-flash
0,0.951724112033844,768,bd405dd75fc42630
0,0.9018691778182985,682,2f16a0b7fe196992
1,0.8952381014823914,595,ai_chinh_tri_0189_gemini-3.7-flash
0,0.9170984625816344,768,e9d190e623e79488
0,0.9447004795074464,768,d2edb4320e310770
1,0.9383260011672974,551,ai_van_hoa_0166_gemini-3.7-flash
1,0.8515625,567,ai_kinh_te_0390_gemini-3.7-flash
0,0.9909502267837524,512,4df2692c9c422b36
1,0.8546099066734314,685,ai_van_hoa_0593_GPT-5.6 Luna
0,1.03125,640,7b3c2409d2f86db9
0,0.9523809552192688,647,36bcf078c61714fe
1,0.8767605423927307,686,ai_xa_hoi_0612_GPT-5.6 Luna
1,0.8666666746139526,530,ai_giao_duc_0832_gemini-3.7-flash
0,0.9672130942344666,512,2200bde66d4f3082
0,0.9235668778419496,687,4f1c9a6481fc3c64
1,0.8483412265777588,560,ai_giao_duc_0631_gemini-3.7-flash
1,0.8738738894462585,530,ai_giao_duc_0604_gemini-3.7-flash
0,0.9861111044883728,690,89e751dba1d12bb5
1,0.8666666746139526,530,ai_giao_duc_0008_gemini-3.7-flash
0,1.0230768918991089,768,e642d51af54ef9be
1,0.9242424368858336,596,ai_chinh_tri_0241_gemini-3.7-flash
1,0.925110161304474,599,ai_giao_duc_0781_gemini-3.7-flash
1,0.8678571581840515,684,ai_the_thao_0227_GPT-5.6 Luna
1,0.8661971688270569,686,ai_van_hoa_0200_GPT-5.6 Luna
1,0.902255654335022,684,ai_xa_hoi_0119_GPT-5.6 Luna
1,0.9383260011672974,551,ai_van_hoa_0318_gemini-3.7-flash
0,0.909871220588684,512,78d0d6a7c4e4fb14
1,0.8999999761581421,686,ai_giao_duc_0523_GPT-5.6 Luna
1,0.8623188138008118,685,ai_chinh_tri_0439_GPT-5.6 Luna
0,0.9647058844566344,512,57707628a507df84
1,0.8859649300575256,518,ai_giao_duc_0122_gemini-3.7-flash
1,0.8733624219894409,545,ai_chinh_tri_0564_gemini-3.7-flash
1,0.85447758436203,530,ai_kinh_te_0175_gemini-3.7-flash
1,0.8636363744735718,685,ai_the_thao_0419_GPT-5.6 Luna
1,0.8473895788192749,521,ai_the_thao_0076_gemini-3.7-flash
1,0.8528138399124146,575,ai_van_hoa_0705_gemini-3.7-flash
1,0.8991228342056274,565,ai_chinh_tri_0626_gemini-3.7-flash
1,0.8804348111152649,686,ai_giao_duc_0357_GPT-5.6 Luna
1,0.9910714030265808,550,ai_van_hoa_0530_gemini-3.7-flash
1,0.8666666746139526,530,ai_giao_duc_0192_gemini-3.7-flash
1,0.8888888955116272,643,ai_kinh_te_0681_gemini-3.7-flash
0,1.0681818723678589,512,a286f5bdc767c4d9
1,0.8473895788192749,521,ai_the_thao_0332_gemini-3.7-flash
1,0.8735178112983704,644,ai_kinh_te_0509_gemini-3.7-flash
1,0.85447758436203,530,ai_kinh_te_0167_gemini-3.7-flash
0,1.0304877758026123,768,172d15a02c0fa61d
0,1.0653594732284546,671,81550e1b875bb9b3
1,0.895652174949646,545,ai_chinh_tri_0248_gemini-3.7-flash
1,0.8630136847496033,685,ai_chinh_tri_0596_GPT-5.6 Luna
0,0.9842519760131836,512,fe1e6d214ec3486f
1,0.8219696879386902,555,ai_van_hoa_0271_gemini-3.7-flash
0,0.9807692170143129,512,384ca55859ec4c38
1,0.9014084339141846,550,ai_xa_hoi_0111_gemini-3.7-flash
1,0.8860294222831726,684,ai_giao_duc_0778_GPT-5.6 Luna
1,0.8695651888847351,684,ai_kinh_te_0311_GPT-5.6 Luna
0,1.0503597259521484,623,83cfcad8c4102406
0,0.9436089992523192,765,27d581001d33e419
0,0.8464730381965637,523,60909f1015f0c9fb
1,0.8888888955116272,643,ai_kinh_te_0153_gemini-3.7-flash
0,0.91304349899292,768,35132b750c66b7f7
1,0.9279661178588868,569,ai_xa_hoi_0333_gemini-3.7-flash
0,0.89673912525177,701,f6f7a470d13fe7af
0,0.9909502267837524,559,6b64a3da091ca3bb
1,0.8799999952316284,554,ai_the_thao_0219_gemini-3.7-flash
0,0.9246231317520142,617,6975c6ded4954f43
0,0.993333339691162,672,6dab2802633f7ea0
0,0.9767441749572754,768,70f16327b13932b0
1,0.925110161304474,599,ai_giao_duc_0373_gemini-3.7-flash
0,0.969072163105011,512,fdb69410e4c74a09
0,1.0,691,0521cae429c13b09
0,0.8658536672592163,512,e6f1915c7922b54d
0,0.9496123790740968,639,61d45b49e6b7b9b9
0,0.9166666865348816,768,89632d45d298d75e
0,0.959770143032074,512,3ff75d4fe84a0e7e
0,1.0269057750701904,648,ddd759169602269c
1,0.8821428418159485,685,ai_kinh_te_0142_GPT-5.6 Luna
0,0.9763033390045166,620,8b9a201f825dc197
0,0.9800000190734864,768,855e3fb844907268
1,0.8410041928291321,531,ai_the_thao_0118_gemini-3.7-flash
0,1.0,768,160ef8184d24b968
0,0.9856114983558656,652,16b4a2169e569aaa
1,0.9404255151748656,533,ai_xa_hoi_0250_gemini-3.7-flash
0,1.0850201845169067,556,ab65b5238979e89c
0,0.949685513973236,768,12cc4a6b8e3453f7
0,0.9336734414100648,520,5cecd7312dd798cc
0,0.961240291595459,768,0c203c7e1fd9e115
1,0.8758864998817444,686,ai_kinh_te_0811_GPT-5.6 Luna
1,0.8723404407501221,685,ai_kinh_te_0635_GPT-5.6 Luna
0,0.972000002861023,512,b72e7eb5a26c9097
0,1.1037037372589111,649,c2e7521890c73b69
0,1.0279719829559326,512,d366531b7da8578b
1,0.8360000252723694,557,ai_van_hoa_0547_gemini-3.7-flash
0,1.0393258333206177,512,ed128c81e48f67be
0,0.9581589698791504,768,eac68b9ca66a57bb
1,0.8473895788192749,521,ai_the_thao_0500_gemini-3.7-flash
1,0.8341013789176941,561,ai_giao_duc_0611_gemini-3.7-flash
1,0.8483412265777588,560,ai_giao_duc_0111_gemini-3.7-flash
1,0.867521345615387,600,ai_giao_duc_0793_gemini-3.7-flash
0,1.0972222089767456,512,28f7837862cd685c
0,1.040816307067871,685,4397f4e78875fe90
1,0.84375,684,ai_chinh_tri_0748_GPT-5.6 Luna
1,0.9227467775344848,570,ai_xa_hoi_0753_gemini-3.7-flash
0,1.057692289352417,768,d2aeee735265e697
0,1.0291666984558103,697,e1866e8b6759da50
0,0.9727891087532043,768,da44ec5d7184b87b
0,1.086363673210144,512,64f9a61175407878
0,1.0097087621688845,512,fa636fd8c8b1aa81
0,0.9233576655387878,629,0506e885c2009f11
0,1.0056179761886597,512,a3a04510d86056d0
0,0.9159663915634156,572,f347b558d6387231
0,1.0412371158599854,696,449e7f20f79b915d
0,0.9440298676490784,632,b73b504580f0ed8b
0,0.964028775691986,645,b57add3e742a921f
0,0.9806201457977296,512,8ea060717113d373
1,0.8991228342056274,565,ai_chinh_tri_0802_gemini-3.7-flash
0,1.026431679725647,464,85c45c4928393ddf
0,1.0123456716537476,512,bec6b6b03ffeab81
0,0.9770992398262024,512,c17c615a08f7c9cd
0,0.9604743123054504,617,3228a88f2ba4661e
1,0.8713235259056091,684,ai_giao_duc_0417_GPT-5.6 Luna
1,0.8933823704719543,684,ai_chinh_tri_0029_GPT-5.6 Luna
1,0.9227467775344848,570,ai_xa_hoi_0681_gemini-3.7-flash
0,1.0354609489440918,656,a1c03a5be8cdbcb7
1,0.9135338068008424,685,ai_xa_hoi_0775_GPT-5.6 Luna
1,0.8758864998817444,685,ai_the_thao_0732_GPT-5.6 Luna
0,0.9112149477005004,512,8fdf89494c7b97e3
0,0.9568345546722412,580,f7b9705c05fda05e
1,0.8666666746139526,530,ai_giao_duc_0392_gemini-3.7-flash
1,0.8731883764266968,684,ai_xa_hoi_0312_GPT-5.6 Luna
0,0.9950739145278932,608,e7a84b8ffa00dba3
1,0.8723404407501221,686,ai_van_hoa_0464_GPT-5.6 Luna
0,0.8851063847541809,529,0c05190ff45a0269
0,0.9912663698196412,683,48968092519ebd91
0,0.9465020298957824,512,e725abad957a2e52
1,0.8360000252723694,557,ai_van_hoa_0299_gemini-3.7-flash
0,1.0068492889404297,666,3140f13bb3bd2e99
0,0.951127827167511,637,0836908417fe9a4b
0,1.0125786066055298,558,37f5638eca3a1c12
1,0.9230769276618958,494,ai_xa_hoi_0372_gemini-3.7-flash
0,1.0316742658615112,530,1d0e7e4529b19c6b
1,0.8991228342056274,565,ai_chinh_tri_0106_gemini-3.7-flash
0,1.03649640083313,768,4546426e609337c9
1,0.8755555748939514,513,ai_chinh_tri_0247_gemini-3.7-flash
0,1.0149253606796265,304,0ba079b09c60da19
1,0.8999999761581421,684,ai_giao_duc_0090_GPT-5.6 Luna
0,1.0522388219833374,650,efcb9e9708a51d2f
0,1.0538922548294067,768,af0b7381dc8a054a
0,0.9481481313705444,512,e331a38c954117f8
1,0.8584070801734924,544,ai_van_hoa_0272_gemini-3.7-flash
0,0.9552238583564758,692,720a7712774843f7
1,0.8483412265777588,560,ai_giao_duc_0791_gemini-3.7-flash
1,0.9204545617103576,685,ai_xa_hoi_0807_GPT-5.6 Luna
0,0.970588207244873,768,a87ee23fe3a57ede
1,0.8473895788192749,521,ai_the_thao_0364_gemini-3.7-flash
1,0.8546099066734314,685,ai_xa_hoi_0278_GPT-5.6 Luna
0,0.9585253596305848,505,d27cb5e8d66eea4e
1,0.8735178112983704,644,ai_kinh_te_0629_gemini-3.7-flash
1,0.9242424368858336,596,ai_chinh_tri_0785_gemini-3.7-flash
0,0.9538461565971376,546,511481b0726444af
0,1.0076335668563845,548,fb86c6023bc9c7cd
1,0.9004328846931458,566,ai_chinh_tri_0510_gemini-3.7-flash
0,1.0,524,6caeb818fd013a98
1,0.9194915294647216,497,ai_xa_hoi_0288_gemini-3.7-flash
0,1.0230768918991089,512,c62b6693840cc827
1,0.8360000252723694,557,ai_van_hoa_0363_gemini-3.7-flash
1,0.8617021441459656,685,ai_xa_hoi_0118_GPT-5.6 Luna
1,0.8483412265777588,560,ai_giao_duc_0279_gemini-3.7-flash
0,1.0199999809265137,512,c054b3c1a5dc237a
0,1.0894737243652344,302,5e696797ac4811d2
1,0.8652482032775879,685,ai_kinh_te_0723_GPT-5.6 Luna
0,1.0514706373214722,512,f95a1e8859f42d79
0,1.0067567825317385,512,28ce539501558a4c
1,0.8859649300575256,518,ai_giao_duc_0802_gemini-3.7-flash
0,0.9508196711540222,679,cead517386a83d06
1,0.886956512928009,596,ai_the_thao_0677_gemini-3.7-flash
0,1.0,616,a4e70bf6c736919c
1,0.8799999952316284,554,ai_the_thao_0251_gemini-3.7-flash
0,1.0202702283859253,546,148f7c8ff5a1c8ba
0,1.0204081535339355,544,78e154289a5dd560
1,0.8714285492897034,686,ai_xa_hoi_0777_GPT-5.6 Luna
1,0.8389830589294434,554,ai_the_thao_0335_gemini-3.7-flash
0,0.98305082321167,549,98570dcc728a2a8f
0,0.97663551568985,512,466243f02331c59f
0,0.9627329111099244,768,58536bd08bfa2144
1,0.8799999952316284,554,ai_the_thao_0091_gemini-3.7-flash
0,1.0523256063461304,768,82b82b83221bea0b
1,0.8868613243103027,685,ai_xa_hoi_0699_GPT-5.6 Luna
0,1.0573770999908447,518,671d3b4fef9a63af
1,0.8840579986572266,685,ai_kinh_te_0367_GPT-5.6 Luna
1,0.9230769276618958,494,ai_xa_hoi_0396_gemini-3.7-flash
0,1.0,601,61b386bf10d6b1a8
1,0.8219696879386902,555,ai_van_hoa_0463_gemini-3.7-flash
1,0.8410041928291321,531,ai_the_thao_0310_gemini-3.7-flash
0,1.074561357498169,722,9fb1a3d37aec44bb
0,0.9927007555961608,512,91c90d8c91dfcd38
0,1.1612902879714966,512,916c34018aafb8a9
0,0.994413435459137,522,aa9b5b8c4b14355a
1,0.8527397513389587,684,ai_the_thao_0215_GPT-5.6 Luna
1,0.904411792755127,684,ai_kinh_te_0452_GPT-5.6 Luna
0,0.9328858852386476,649,3550665ebb777a7f
0,0.9527027010917664,679,26fdc74cb739c8f3
1,0.866906464099884,685,ai_xa_hoi_0366_GPT-5.6 Luna
0,1.0695651769638062,741,4bf78e8f8b59032a
0,0.9485294222831726,512,0efbef31c6928d61
1,0.8695651888847351,686,ai_giao_duc_0631_GPT-5.6 Luna
0,0.7862318754196167,747,9480afde5ac78637
0,1.037383198738098,506,fa321c9780dc406a
1,0.8695651888847351,685,ai_giao_duc_0572_GPT-5.6 Luna
0,1.0,672,5543b518f7a3a003
1,0.8500000238418579,684,ai_van_hoa_0641_GPT-5.6 Luna
1,0.8661971688270569,685,ai_the_thao_0478_GPT-5.6 Luna
1,0.8735178112983704,644,ai_kinh_te_0493_gemini-3.7-flash
0,1.0809248685836792,512,9cb17aed03f9a6ce
0,0.905940592288971,698,58084df72e610a88
1,0.8360000252723694,557,ai_van_hoa_0283_gemini-3.7-flash
1,0.8758864998817444,685,ai_kinh_te_0638_GPT-5.6 Luna
1,0.8829787373542786,686,ai_kinh_te_0086_GPT-5.6 Luna
1,0.8888888955116272,518,ai_chinh_tri_0091_gemini-3.7-flash
0,1.0196079015731812,687,d3d9da3f263254a5
0,0.9722222089767456,571,b00e8a4b1f8837e5
0,0.9863945841789246,571,d3448e20e244e82b
1,0.8556337952613831,686,ai_van_hoa_0520_GPT-5.6 Luna
0,0.9860140085220336,681,e21861886dfd13c8
0,0.9272727370262146,581,05c2f84aa9066235
1,0.829365074634552,523,ai_the_thao_0312_gemini-3.7-flash
0,0.9772727489471436,546,a23993c8ab5cbbc2
0,1.0326530933380127,512,2c3289cfb544d4b2
0,1.0653594732284546,512,ffec4afa0c97a39d
1,0.9004328846931458,566,ai_chinh_tri_0030_gemini-3.7-flash
1,0.8952381014823914,595,ai_chinh_tri_0629_gemini-3.7-flash
0,1.0199999809265137,651,dfd6adeaaeaeb796
0,1.0395480394363403,693,120d59ac0f51df7d
1,0.8546099066734314,684,ai_van_hoa_0106_GPT-5.6 Luna
0,1.0151515007019043,768,9531c93bfa564518
1,0.8925926089286804,684,ai_giao_duc_0802_GPT-5.6 Luna
0,0.9675324559211732,768,32548908dbd2c947
1,0.9613733887672424,531,ai_xa_hoi_0814_gemini-3.7-flash
0,1.0758928060531616,677,e5413095a15bcb7c
1,0.8933823704719543,684,ai_giao_duc_0618_GPT-5.6 Luna
1,0.9057971239089966,686,ai_giao_duc_0749_GPT-5.6 Luna
1,0.912350594997406,515,ai_kinh_te_0216_gemini-3.7-flash
1,0.8219696879386902,555,ai_van_hoa_0239_gemini-3.7-flash
1,0.8541666865348816,686,ai_the_thao_0349_GPT-5.6 Luna
1,0.8546099066734314,686,ai_chinh_tri_0339_GPT-5.6 Luna
0,0.970370352268219,622,54dd02b08f8ad366
1,0.8367347121238708,684,ai_the_thao_0319_GPT-5.6 Luna
0,0.9650654792785645,618,d432f7fd41b1060c
0,0.9275362491607666,512,d52ef53bc26972ac
1,0.8690476417541504,568,ai_kinh_te_0026_gemini-3.7-flash
0,0.9867841601371764,768,65c241680b00b7c1
0,0.9857819676399232,606,26bbdfe38f69eeeb
1,0.9060150384902954,684,ai_xa_hoi_0159_GPT-5.6 Luna
0,0.9959016442298888,512,eac640a69c5ace5e
1,0.8758864998817444,686,ai_kinh_te_0691_GPT-5.6 Luna
1,0.8933823704719543,684,ai_giao_duc_0578_GPT-5.6 Luna
0,0.9695122241973876,512,67d7076859e8d7c7
0,0.930656909942627,768,d68e382596d45de8
0,1.0120967626571655,768,77b11af3dffb62fb
1,0.8978102207183838,686,ai_giao_duc_0005_GPT-5.6 Luna
0,1.0,768,d6c37c90edd98965
0,1.0139859914779663,576,6fd4e0353049c47c
1,0.85447758436203,530,ai_kinh_te_0631_gemini-3.7-flash
0,0.9411764740943908,582,a6113ccb796205eb
1,0.8531468510627747,686,ai_the_thao_0374_GPT-5.6 Luna
0,0.9826839566230774,736,d28414ddfd816660
1,0.8297872543334961,684,ai_van_hoa_0781_GPT-5.6 Luna
1,0.9037036895751952,684,ai_kinh_te_0244_GPT-5.6 Luna
1,0.8813559412956238,574,ai_van_hoa_0269_gemini-3.7-flash
1,0.8991228342056274,565,ai_chinh_tri_0538_gemini-3.7-flash
0,0.9108280539512634,512,42b50a7dd0b51997
0,1.0069444179534912,691,02ba5c89c60c5f30
0,1.01129949092865,518,8aaedbe4b3d14659
0,0.9208633303642272,512,318a8b20059787c8
0,0.969924807548523,512,d4a02c8dca76a051
0,0.948113203048706,544,7aba4ee82dddadd2
0,0.9622641801834106,512,d215d5cce68895db
0,1.004587173461914,512,5a316c41fd25c073
0,0.901960790157318,512,a79083ac9fd70859
1,0.912350594997406,515,ai_kinh_te_0720_gemini-3.7-flash
0,1.04347825050354,675,99f3ea5c5c075566
1,0.8485915660858154,685,ai_van_hoa_0322_GPT-5.6 Luna
1,0.886956512928009,596,ai_the_thao_0693_gemini-3.7-flash
1,0.8785714507102966,686,ai_xa_hoi_0724_GPT-5.6 Luna
0,0.9784172773361206,680,49e86dde0fc9d191
0,0.979838728904724,768,af35bb303f7adab9
1,0.8829787373542786,685,ai_kinh_te_0819_GPT-5.6 Luna
0,0.9382715821266174,634,4e90423cec00ceb6
1,0.8410041928291321,531,ai_the_thao_0534_gemini-3.7-flash
1,0.9531915187835692,531,ai_xa_hoi_0246_gemini-3.7-flash
0,0.9724137783050536,681,4b92a4d0a8898d72
0,0.9740259647369384,677,d972acbd92480639
0,1.127819538116455,618,84065c12857e1981
0,1.0307692289352417,768,8bf877049cb1676a
0,0.8960000276565552,666,334878578c429037
1,0.867521345615387,600,ai_giao_duc_0049_gemini-3.7-flash
0,1.115646243095398,569,6de48a3f22da7ab5
0,0.95652174949646,512,52159fefb0b85bfa
1,0.8584070801734924,544,ai_van_hoa_0568_gemini-3.7-flash
0,1.0176211595535278,512,fc705a0231ae20fb
1,0.9404255151748656,533,ai_xa_hoi_0754_gemini-3.7-flash
0,1.0,539,73eeeb801a03b2d2
1,0.8733624219894409,545,ai_chinh_tri_0492_gemini-3.7-flash
1,0.8636363744735718,686,ai_the_thao_0245_GPT-5.6 Luna
0,0.902877688407898,512,a2ad191cd312efbb
1,0.8731883764266968,686,ai_chinh_tri_0344_GPT-5.6 Luna
0,0.912500023841858,563,40130c7f5193a47c
0,0.9571428298950196,512,72d977942bf493ab
1,0.886956512928009,596,ai_the_thao_0509_gemini-3.7-flash
0,0.9333333373069764,512,9743e6d0d2233ed0
1,0.8991228342056274,565,ai_chinh_tri_0434_gemini-3.7-flash
1,0.8755555748939514,513,ai_chinh_tri_0007_gemini-3.7-flash
0,1.0,577,4893b02d6509184e
1,0.8666666746139526,530,ai_giao_duc_0048_gemini-3.7-flash
1,0.8633093237876892,684,ai_chinh_tri_0813_GPT-5.6 Luna
0,0.9649122953414916,768,5fc4b1f3a165963d
0,0.9756097793579102,768,25b91e8db205b772
0,1.0573770999908447,535,1402d5968da4416a
1,0.8636363744735718,686,ai_the_thao_0214_GPT-5.6 Luna
0,0.99319726228714,642,cc24a6e79169190a
0,1.014814853668213,768,ebbe67de5a68e4b5
0,1.06521737575531,768,a761dd6e2e4802f8
0,0.9939393997192384,768,77574e457c07cf84
1,0.8936170339584351,686,ai_giao_duc_0222_GPT-5.6 Luna
0,1.014217972755432,659,79eec98c039bd32d
0,1.018072247505188,679,dc9e40a201f7cd31
1,0.8888888955116272,518,ai_chinh_tri_0339_gemini-3.7-flash
0,0.9867549538612366,552,1f0bf1ea515a15d5
0,0.940928280353546,768,390dde469e91b153
0,0.9854369163513184,580,fb2f7dd86dede0cc
1,0.8755555748939514,513,ai_chinh_tri_0591_gemini-3.7-flash
0,1.0606060028076172,521,f912defa2fdb19c9
1,0.8607142567634583,684,ai_kinh_te_0575_GPT-5.6 Luna
1,0.8591549396514893,685,ai_the_thao_0750_GPT-5.6 Luna
1,0.9154411554336548,685,ai_kinh_te_0356_GPT-5.6 Luna
1,0.8678571581840515,687,ai_van_hoa_0260_GPT-5.6 Luna
1,0.8860294222831726,686,ai_xa_hoi_0435_GPT-5.6 Luna
1,0.9383260011672974,551,ai_van_hoa_0686_gemini-3.7-flash
1,0.8528138399124146,575,ai_van_hoa_0545_gemini-3.7-flash
0,1.0410958528518677,700,6dbb144332faf2b0
0,0.9047619104385376,432,b7334ee98900ca1d
0,1.0744186639785769,512,056cd148b97a0cf7
1,0.8333333134651184,685,ai_van_hoa_0009_GPT-5.6 Luna
1,0.8695651888847351,684,ai_chinh_tri_0455_GPT-5.6 Luna
0,0.9806201457977296,710,a296733507614dd3
0,0.92578125,512,afce1cf77aec694b
1,0.8617021441459656,685,ai_kinh_te_0833_GPT-5.6 Luna
1,0.8804348111152649,686,ai_giao_duc_0655_GPT-5.6 Luna
0,0.9769230484962464,512,d7c8e0ed6e52faa3
1,0.8333333134651184,530,ai_kinh_te_0523_gemini-3.7-flash
0,1.021621584892273,512,4cabd729d2c29e03
1,0.8333333134651184,530,ai_kinh_te_0235_gemini-3.7-flash
0,0.95652174949646,552,7528769c0b2d5b2c
1,0.8607142567634583,684,ai_van_hoa_0485_GPT-5.6 Luna
0,0.935714304447174,768,fbcffc62e68a3569
0,1.1121076345443726,512,524194176c8256da
1,0.8991228342056274,565,ai_chinh_tri_0282_gemini-3.7-flash
1,0.8661971688270569,686,ai_van_hoa_0528_GPT-5.6 Luna
0,0.9366196990013124,768,e9561f74a28d5e77
0,1.065116286277771,768,0ead52c7b8302a7a
0,0.924369752407074,737,641086d69c65fa37
0,0.9571428298950196,645,bd0f692252004c40
0,1.0629370212554932,512,cab2d7553b90f64a
1,0.9004328846931458,566,ai_chinh_tri_0558_gemini-3.7-flash
0,0.9915611743927002,397,d57aaf43e6df4bae
0,1.0384615659713743,512,461e742d75d26243
0,1.024844765663147,555,ef2c41dc81288963
1,0.904411792755127,684,ai_kinh_te_0572_GPT-5.6 Luna
1,0.8423236608505249,517,ai_giao_duc_0358_gemini-3.7-flash
1,0.8888888955116272,684,ai_kinh_te_0794_GPT-5.6 Luna
1,0.8723404407501221,686,ai_kinh_te_0739_GPT-5.6 Luna
1,0.8341013789176941,561,ai_giao_duc_0563_gemini-3.7-flash
1,0.8607142567634583,684,ai_xa_hoi_0318_GPT-5.6 Luna
1,0.8652482032775879,685,ai_the_thao_0526_GPT-5.6 Luna
0,0.9268292784690856,512,0e7a55594be9efcc
0,1.0205479860305786,525,89745a7dd5302733
1,0.8888888955116272,518,ai_chinh_tri_0771_gemini-3.7-flash
0,0.95302015542984,768,77925405024ef134
0,1.015625,512,2cbf4ab38795ef34
1,0.9230769276618958,494,ai_xa_hoi_0668_gemini-3.7-flash
0,1.0,689,71247964dcb6f1f8
0,0.9301075339317322,537,6bbeb76c9cddcc3a
0,1.038167953491211,609,a35ad1b6f9223dcc
1,0.8804348111152649,685,ai_chinh_tri_0349_GPT-5.6 Luna
0,0.8358778357505798,663,0168bb5e9e460330
0,1.0615384578704834,515,ee83a6f2f7e02b43
0,0.9580419659614564,695,72a1deaee0378353
0,0.915730357170105,512,5309b3a86889dd33
1,0.8738738894462585,530,ai_giao_duc_0780_gemini-3.7-flash
0,0.91304349899292,690,3087742e047826a5
0,1.0564515590667725,768,b3d301432c222b6b
1,0.8510638475418091,684,ai_van_hoa_0213_GPT-5.6 Luna
1,0.904411792755127,686,ai_giao_duc_0061_GPT-5.6 Luna
1,0.8633093237876892,685,ai_kinh_te_0586_GPT-5.6 Luna
1,0.8848921060562134,685,ai_kinh_te_0591_GPT-5.6 Luna
1,0.8360000252723694,557,ai_van_hoa_0395_gemini-3.7-flash
0,0.9755101799964904,768,17e91458e8ed7c56
0,1.007462739944458,512,2620e0da8d8239db
0,0.8642857074737549,512,763a202181873a55
1,0.8368794322013855,683,ai_xa_hoi_0744_GPT-5.6 Luna
0,1.039370059967041,633,a8991784204db275
0,0.9090909361839294,524,bcea88f747d3071f
1,0.8723404407501221,685,ai_van_hoa_0722_GPT-5.6 Luna
0,0.9753694534301758,512,fb803e7b1639c5a3
0,1.0390625,512,994970e4c2e0e65f
1,0.912350594997406,515,ai_kinh_te_0160_gemini-3.7-flash
1,0.8782608509063721,547,ai_van_hoa_0756_gemini-3.7-flash
0,1.0072463750839231,512,44b6124dc49a480d
1,0.8829787373542786,686,ai_kinh_te_0566_GPT-5.6 Luna
1,0.8561151027679443,686,ai_chinh_tri_0523_GPT-5.6 Luna
0,0.9448275566101074,768,7bdddc07ea04961f
0,1.0409356355667114,662,634a27ba76eb703e
0,1.0747126340866089,510,c201913b5aa13ba5
0,0.9866666793823242,576,44df7720c780ebcb
1,0.8360000252723694,557,ai_van_hoa_0723_gemini-3.7-flash
1,0.9227467775344848,570,ai_xa_hoi_0329_gemini-3.7-flash
1,0.8735178112983704,644,ai_kinh_te_0437_gemini-3.7-flash
0,0.9010416865348816,512,e0bcee197db3ef9e
0,0.9772727489471436,556,056c03a2c79ccdd9
1,0.9227467775344848,570,ai_xa_hoi_0281_gemini-3.7-flash
1,0.8590308427810669,595,ai_the_thao_0369_gemini-3.7-flash
1,0.8905109763145447,684,ai_kinh_te_0687_GPT-5.6 Luna
1,0.8859649300575256,518,ai_giao_duc_0562_gemini-3.7-flash
1,0.9230769276618958,494,ai_xa_hoi_0452_gemini-3.7-flash
1,0.9194915294647216,497,ai_xa_hoi_0056_gemini-3.7-flash
0,0.9534883499145508,642,8a2da3bc35892d84
0,0.9828326106071472,512,a96ad9fb6efdadd9
0,0.8731343150138855,525,4647a591da948554
1,0.8556337952613831,686,ai_van_hoa_0632_GPT-5.6 Luna
1,0.8546099066734314,685,ai_chinh_tri_0688_GPT-5.6 Luna
0,0.9579439163208008,512,8f1d5089251a4782
1,0.8617021441459656,685,ai_xa_hoi_0323_GPT-5.6 Luna
0,1.057268738746643,768,592d36450d01b4a8
0,0.9638554453849792,620,683ba5727221dd22
0,0.9836734533309937,512,a1d04533dc09ddd2
1,0.8500000238418579,685,ai_kinh_te_0186_GPT-5.6 Luna
1,0.8380281925201416,684,ai_the_thao_0216_GPT-5.6 Luna
1,0.8652482032775879,685,ai_kinh_te_0243_GPT-5.6 Luna
1,0.8991228342056274,565,ai_chinh_tri_0426_gemini-3.7-flash
0,0.9901477694511414,534,d88172055b78f182
0,0.9822485446929932,768,aac3f821153a5b67
1,0.9166666865348816,514,ai_kinh_te_0188_gemini-3.7-flash
0,1.026178002357483,669,dda868ee8d3db0cf
0,1.105960249900818,512,a386af15cc5e07d1
1,0.8782608509063721,547,ai_van_hoa_0548_gemini-3.7-flash
0,0.957692325115204,512,424974f667031ce6
1,0.8617021441459656,684,ai_the_thao_0272_GPT-5.6 Luna
0,0.9086757898330688,654,1a7740472f6ce091
0,0.9503816962242126,714,1ab9b614f18e99b2
0,1.0266666412353516,512,650ff836645e2bf5
0,0.9492753744125366,370,9a71e1d2a5f67c9b
1,0.8776978254318237,684,ai_the_thao_0115_GPT-5.6 Luna
0,0.9339622855186462,512,27b579c8e9cb41e3
0,1.02400004863739,696,a7e9bf25f862b0cf
1,0.84375,684,ai_chinh_tri_0628_GPT-5.6 Luna
1,0.8461538553237915,683,ai_xa_hoi_0568_GPT-5.6 Luna
0,1.0125000476837158,768,bc093fc8602ebc0e
1,0.8703703880310059,684,ai_giao_duc_0793_GPT-5.6 Luna
1,0.8829787373542786,686,ai_giao_duc_0598_GPT-5.6 Luna
1,0.8888888955116272,643,ai_kinh_te_0025_gemini-3.7-flash
1,0.8389830589294434,554,ai_the_thao_0031_gemini-3.7-flash
1,0.8219696879386902,555,ai_van_hoa_0255_gemini-3.7-flash
0,0.9360902309417723,512,d272637c68bc6895
0,0.9736841917037964,758,46db657f0855c873
0,0.9850746393203736,636,17834734c403531e
0,1.0256410837173462,512,c7bafa5440e915b7
0,0.9741935729980468,670,86adf4edd758fd3a
0,1.0979020595550537,595,33551c10aa19ba74
0,0.9534883499145508,611,e4054c6f420b898b
0,0.9926470518112184,629,a829c14264541442
0,1.024154543876648,768,4c1743e338c0916d
1,0.8591549396514893,686,ai_van_hoa_0504_GPT-5.6 Luna
1,0.8735178112983704,644,ai_kinh_te_0277_gemini-3.7-flash
0,0.9949495196342468,674,d810f4273c1c9e15
1,0.8410041928291321,531,ai_the_thao_0574_gemini-3.7-flash
1,0.8804348111152649,685,ai_van_hoa_0012_GPT-5.6 Luna
0,0.9681274890899658,611,3c822cce5cff7e72
1,0.8584070801734924,544,ai_van_hoa_0304_gemini-3.7-flash
0,1.0129032135009766,680,fa16ba78000f22b5
1,0.895652174949646,545,ai_chinh_tri_0824_gemini-3.7-flash
0,0.9461883306503296,574,f1df007e0c0c54b3
1,0.8531468510627747,686,ai_xa_hoi_0242_GPT-5.6 Luna
0,0.9952830076217652,512,283c104a91ca8f77
0,0.9419087171554564,667,68c15b844cd6fada
1,0.8799999952316284,554,ai_the_thao_0603_gemini-3.7-flash
0,0.9772727489471436,607,ec8869c5894e2c29
1,0.9004328846931458,566,ai_chinh_tri_0718_gemini-3.7-flash
1,0.8785714507102966,686,ai_xa_hoi_0516_GPT-5.6 Luna
1,0.8623188138008118,684,ai_chinh_tri_0417_GPT-5.6 Luna
0,0.9142857193946838,544,30a75fd9865ee82d
1,0.8952381014823914,595,ai_chinh_tri_0197_gemini-3.7-flash
0,1.0,768,47f430fd6124fa6c
1,0.8735178112983704,644,ai_kinh_te_0365_gemini-3.7-flash
1,0.8630136847496033,686,ai_the_thao_0761_GPT-5.6 Luna
0,0.887417197227478,641,a6e5d33f780b23d4
1,0.8410041928291321,531,ai_the_thao_0470_gemini-3.7-flash
0,0.9337748289108276,554,c4ec0c1a3ee3c8bc
1,0.8473895788192749,521,ai_the_thao_0204_gemini-3.7-flash
1,0.886956512928009,596,ai_the_thao_0493_gemini-3.7-flash
1,0.8333333134651184,685,ai_van_hoa_0809_GPT-5.6 Luna
0,1.0677083730697632,512,3ad1522784f70c54
0,0.935897409915924,512,9f2876115fd79fd0
0,1.0067567825317385,768,beaeb790e39c3a58
0,0.978723406791687,636,427d1f878b9ef248
1,0.8741007447242737,684,ai_chinh_tri_0602_GPT-5.6 Luna
0,0.9642857313156128,512,6ed4aa48f8a9c4d6
1,0.8848921060562134,686,ai_xa_hoi_0429_GPT-5.6 Luna
0,0.9656488299369812,512,80e06ff1bcd3fe24
1,0.8633093237876892,686,ai_chinh_tri_0499_GPT-5.6 Luna
0,0.9135802388191224,521,4ba19249753f8c67
1,0.8556337952613831,685,ai_van_hoa_0034_GPT-5.6 Luna
1,0.8738738894462585,530,ai_giao_duc_0596_gemini-3.7-flash
1,0.8614718317985535,575,ai_van_hoa_0049_gemini-3.7-flash
0,0.9399999976158142,533,7f69ea3d8fc3dc66
0,0.9136363863945008,687,bbe7c1da883ea3a1
1,0.8515625,567,ai_kinh_te_0558_gemini-3.7-flash
1,0.9004328846931458,566,ai_chinh_tri_0294_gemini-3.7-flash
0,0.9714285731315612,737,0cdb4fc37654c6a9
1,0.9383260011672974,551,ai_van_hoa_0374_gemini-3.7-flash
1,0.8450704216957092,684,ai_xa_hoi_0184_GPT-5.6 Luna
0,0.95652174949646,627,2e701610e0c0564c
0,0.9163179993629456,768,1e1d5036e49dfc74
0,1.0184049606323242,710,67279a34f47c37f3
1,0.828000009059906,529,ai_the_thao_0298_gemini-3.7-flash
1,0.8991228342056274,565,ai_chinh_tri_0042_gemini-3.7-flash
1,0.8360000252723694,557,ai_van_hoa_0307_gemini-3.7-flash
1,0.8695651888847351,684,ai_van_hoa_0374_GPT-5.6 Luna
0,0.9666666388511658,669,9d617e578228975d
0,0.8170212507247925,512,7bdebbc87367724f
1,0.9227467775344848,570,ai_xa_hoi_0161_gemini-3.7-flash
0,0.9552845358848572,512,feeca16a5a60c8eb
1,0.9910714030265808,550,ai_van_hoa_0474_gemini-3.7-flash
0,0.978723406791687,693,e109dcf75f3d7971
0,1.095022678375244,640,ca2691a083cb5f20
1,0.8417266011238098,684,ai_chinh_tri_0238_GPT-5.6 Luna
0,0.9841269850730896,539,051ff7dd7bc42912
0,0.94921875,512,2d1a2b3881ac025a
1,0.8884891867637634,686,ai_giao_duc_0263_GPT-5.6 Luna
1,0.8952381014823914,595,ai_chinh_tri_0485_gemini-3.7-flash
0,0.8595744967460632,698,b786ebc82d7d5fce
0,0.9724770784378052,674,e31981d5968455d3
1,0.8500000238418579,685,ai_kinh_te_0005_GPT-5.6 Luna
0,0.9123711585998536,666,2ee7a0cbbdd1f2a5
1,0.9257642030715942,550,ai_van_hoa_0794_gemini-3.7-flash
1,0.8623188138008118,685,ai_giao_duc_0548_GPT-5.6 Luna
1,0.85447758436203,530,ai_kinh_te_0359_gemini-3.7-flash
1,0.8333333134651184,530,ai_kinh_te_0139_gemini-3.7-flash
1,0.8591549396514893,685,ai_the_thao_0158_GPT-5.6 Luna
0,1.0060241222381592,530,88809e6064ca2b83
0,0.9507575631141664,585,56521640cb5c3b28
1,0.8735178112983704,644,ai_kinh_te_0341_gemini-3.7-flash
1,0.8738738894462585,530,ai_giao_duc_0692_gemini-3.7-flash
1,0.8999999761581421,686,ai_giao_duc_0403_GPT-5.6 Luna
0,0.9865471124649048,512,319173e8dbe54a41
0,0.978723406791687,636,d573320ab93b5bab
1,0.8723404407501221,686,ai_kinh_te_0499_GPT-5.6 Luna
1,0.8355704545974731,684,ai_the_thao_0223_GPT-5.6 Luna
0,0.98828125,768,d6224dc02a9defe3
1,0.8991228342056274,565,ai_chinh_tri_0266_gemini-3.7-flash
1,0.9004328846931458,566,ai_chinh_tri_0686_gemini-3.7-flash
0,0.8260869383811951,768,d3cca11102111381
1,0.9227467775344848,570,ai_xa_hoi_0737_gemini-3.7-flash
0,1.0555555820465088,512,0a7821505a53a627
1,0.8913043737411499,686,ai_giao_duc_0327_GPT-5.6 Luna
0,0.9569892287254332,512,37846c8e7ddc5bb9
1,0.8799999952316284,554,ai_the_thao_0475_gemini-3.7-flash
1,0.9004328846931458,566,ai_chinh_tri_0270_gemini-3.7-flash
1,0.8999999761581421,684,ai_kinh_te_0620_GPT-5.6 Luna
0,1.1330472230911257,566,7a8758299385e03c
0,0.941704034805298,512,76a629a66ed94176
1,0.8426573276519775,684,ai_van_hoa_0306_GPT-5.6 Luna
1,0.8690476417541504,568,ai_kinh_te_0786_gemini-3.7-flash
1,0.8345070481300354,684,ai_xa_hoi_0536_GPT-5.6 Luna
1,0.9067164063453674,685,ai_xa_hoi_0815_GPT-5.6 Luna
0,0.9943820238113404,661,2ecf632f850c77e8
1,0.8755555748939514,513,ai_chinh_tri_0503_gemini-3.7-flash
0,0.9745222926139832,666,d3bf9b57dff70084
0,0.9593495726585388,627,2ca84ae25c20e9d0
0,0.9770992398262024,512,b05d950f8b67d1da
1,0.8731883764266968,684,ai_van_hoa_0758_GPT-5.6 Luna
1,0.925110161304474,599,ai_giao_duc_0293_gemini-3.7-flash
0,0.9020408391952516,530,410cebdeaa41d61d
1,0.8804348111152649,686,ai_xa_hoi_0097_GPT-5.6 Luna
1,0.8840579986572266,686,ai_giao_duc_0204_GPT-5.6 Luna
1,0.8483412265777588,560,ai_giao_duc_0487_gemini-3.7-flash
1,0.8333333134651184,530,ai_kinh_te_0443_gemini-3.7-flash
1,0.875,684,ai_giao_duc_0425_GPT-5.6 Luna
0,0.9446808695793152,512,326722f82b744974
0,1.0059880018234253,768,32724274a20ce247
1,0.8978102207183838,686,ai_giao_duc_0483_GPT-5.6 Luna
1,0.8485915660858154,686,ai_kinh_te_0745_GPT-5.6 Luna
0,0.9438202381134032,606,927ced5f768ff9a9
0,1.0584795475006104,500,1393af398795ceab
0,1.0429447889328003,590,2bb58b00fd5dd90f
1,0.8584070801734924,544,ai_van_hoa_0096_gemini-3.7-flash
0,0.9038461446762084,512,0d9e2f1b3f5bcd97
1,0.8541666865348816,686,ai_the_thao_0434_GPT-5.6 Luna
0,0.97183096408844,768,2db3017d883f75fa
0,0.8942307829856873,642,59fdf9e859477572
0,0.9563491940498352,512,1282a8c59298a2f1
0,1.0357142686843872,512,6d8623b72229ce67
0,1.0,689,2fdb732ac09669cb
1,0.9242424368858336,596,ai_chinh_tri_0345_gemini-3.7-flash
0,1.0152671337127686,749,d49499114e886a7a
1,0.9135338068008424,684,ai_xa_hoi_0111_GPT-5.6 Luna
0,0.9220778942108154,768,8d5bd098183c819f
0,1.0630252361297607,639,59dde655223184fe
0,0.9779411554336548,626,c1bb65752c8e4796
1,0.8525179624557495,684,ai_van_hoa_0731_GPT-5.6 Luna
0,0.9369747638702391,681,1647cf20fcbdd8a2
0,0.9507575631141664,632,d693707a30f30f29
0,0.9733333587646484,768,2f5256aef8ed0de8
1,0.9067164063453674,685,ai_xa_hoi_0335_GPT-5.6 Luna
1,0.886956512928009,596,ai_the_thao_0029_gemini-3.7-flash
0,0.988095223903656,569,3278225a37031cea
0,1.1302083730697632,654,f3a7ad646743a2ec
1,0.8782608509063721,547,ai_van_hoa_0308_gemini-3.7-flash
0,0.9784482717514038,512,8b88d87fae10d3f0
0,1.1013824939727783,768,323f783a9a27aba1
0,1.0693877935409546,518,3d8c7be23954d5fc
0,0.962809920310974,659,2e0bf15ae11d2be3
0,1.0449438095092771,623,bbde90c9c326f606
1,0.9234449863433838,551,ai_xa_hoi_0635_gemini-3.7-flash
1,0.8561151027679443,685,ai_chinh_tri_0323_GPT-5.6 Luna
0,1.062780261039734,512,db227c885a074a29
1,0.8952381014823914,595,ai_chinh_tri_0157_gemini-3.7-flash
0,0.9160305261611938,563,d617160c93987f0b
1,0.9194915294647216,497,ai_xa_hoi_0760_gemini-3.7-flash
0,1.0,768,9bc34df3903e41db
1,0.829365074634552,523,ai_the_thao_0688_gemini-3.7-flash
0,0.9563491940498352,512,1bcef435ba2c730b
1,0.829365074634552,523,ai_the_thao_0168_gemini-3.7-flash
1,0.9014084339141846,550,ai_xa_hoi_0159_gemini-3.7-flash
0,1.0985915660858154,681,724223cd4728554c
0,1.0068492889404297,623,fcdf72315133da24
1,0.9242424368858336,596,ai_chinh_tri_0153_gemini-3.7-flash
1,0.8546099066734314,686,ai_chinh_tri_0794_GPT-5.6 Luna
1,0.8485915660858154,686,ai_kinh_te_0625_GPT-5.6 Luna
0,1.0616438388824463,512,d32ad07ec90cacaa
1,0.8860294222831726,684,ai_chinh_tri_0397_GPT-5.6 Luna
1,0.8695651888847351,684,ai_giao_duc_0176_GPT-5.6 Luna
0,0.9525862336158752,512,cd34da9a0f67161a
1,0.8666666746139526,530,ai_giao_duc_0504_gemini-3.7-flash
1,0.8767605423927307,686,ai_giao_duc_0262_GPT-5.6 Luna
1,0.8776978254318237,685,ai_kinh_te_0477_GPT-5.6 Luna
0,0.9825327396392822,768,8d5260436231c543
0,0.9867549538612366,768,0cb8b788c9957f2b
1,0.9004328846931458,566,ai_chinh_tri_0190_gemini-3.7-flash
1,0.895652174949646,545,ai_chinh_tri_0616_gemini-3.7-flash
0,0.918367326259613,665,0734b10db7d867f2
1,0.8722627758979797,683,ai_van_hoa_0606_GPT-5.6 Luna
1,0.8633093237876892,684,ai_van_hoa_0198_GPT-5.6 Luna
1,0.8333333134651184,530,ai_kinh_te_0387_gemini-3.7-flash
1,0.8360000252723694,557,ai_van_hoa_0795_gemini-3.7-flash
0,0.8440366983413696,512,771a25ebf240f828
0,0.9796748161315918,512,33abb309f02c32f9
0,0.9177215099334716,768,31fb2cca48f2f73e
1,0.8413792848587036,686,ai_xa_hoi_0218_GPT-5.6 Luna
1,0.8714285492897034,686,ai_xa_hoi_0044_GPT-5.6 Luna
0,0.9868995547294616,755,0beb41bc0dbbcb5a
1,0.925110161304474,599,ai_giao_duc_0493_gemini-3.7-flash
0,1.1066666841506958,768,5139b2557f9f5912
1,0.8216783404350281,684,ai_the_thao_0768_GPT-5.6 Luna
0,0.935714304447174,512,693512d69347e49a
1,0.895652174949646,545,ai_chinh_tri_0176_gemini-3.7-flash
0,1.096969723701477,543,c78cfade919919eb
1,0.829365074634552,523,ai_the_thao_0536_gemini-3.7-flash
1,0.8617021441459656,685,ai_kinh_te_0055_GPT-5.6 Luna
1,0.8485915660858154,685,ai_van_hoa_0056_GPT-5.6 Luna
0,0.9342105388641356,662,1b1f282231903b6a
0,1.0046948194503784,605,80c5422f0d4b78f8
0,1.0,637,1d4486d0f7114ac1
1,0.8473895788192749,521,ai_the_thao_0476_gemini-3.7-flash
0,0.9847328066825868,512,6f735aa2123b03d7
1,0.9383260011672974,551,ai_van_hoa_0102_gemini-3.7-flash
0,0.9435483813285828,612,30ded84b5dc00600
1,0.8733624219894409,545,ai_chinh_tri_0108_gemini-3.7-flash
0,0.9955947399139404,713,ea28b7cca6639afe
1,0.8473895788192749,521,ai_the_thao_0412_gemini-3.7-flash
1,0.8925926089286804,684,ai_kinh_te_0444_GPT-5.6 Luna
0,0.977142870426178,768,ce2c4230ec6a7a6b
0,0.9637305736541748,444,2e3cdfdf2629f786
1,0.9242424368858336,596,ai_chinh_tri_0209_gemini-3.7-flash
1,0.8473895788192749,521,ai_the_thao_0428_gemini-3.7-flash
0,0.9904761910438538,623,d72991f51eae0074
1,0.9227467775344848,570,ai_xa_hoi_0553_gemini-3.7-flash
0,0.9864864945411682,512,6c8d559d22a7d4a2
0,0.8841463327407837,655,de863844c82e0cc7
0,0.9295154213905334,768,34628777010e67ba
1,0.8859649300575256,518,ai_giao_duc_0450_gemini-3.7-flash
0,1.0487804412841797,512,16fa72f40e7dcb5d
1,0.9613733887672424,531,ai_xa_hoi_0822_gemini-3.7-flash
0,0.9642857313156128,768,80ab3db43adbc81e
1,0.9037656784057616,494,ai_xa_hoi_0812_gemini-3.7-flash
0,0.9941860437393188,717,c1fd74f53ee6a831
0,0.9559999704360962,512,d78f1abcb53fe76a
0,0.9696969985961914,685,204c5cf813763a93
0,0.91780823469162,559,0089ac4b68b6a61e
0,0.884353756904602,539,0705c30c859db6cf
0,1.0752688646316528,512,f8ab905c28d1af82
1,0.8741007447242737,686,ai_xa_hoi_0710_GPT-5.6 Luna
0,0.9836734533309937,670,f2cf5428e3d91c5a
0,0.9097222089767456,512,c120f88a0d31cfe1
1,0.8782608509063721,547,ai_van_hoa_0684_gemini-3.7-flash
0,1.0499999523162842,512,ec0ee051250ac75f
1,0.8483412265777588,560,ai_giao_duc_0327_gemini-3.7-flash
1,0.9279661178588868,569,ai_xa_hoi_0613_gemini-3.7-flash
0,0.9682539701461792,512,5bfbcb4516c38552
0,0.9067164063453674,768,d71995b0a37c49a3
0,1.0,656,73e4185966db3f9b
1,0.9014084339141846,550,ai_xa_hoi_0367_gemini-3.7-flash
1,0.9106382727622986,551,ai_van_hoa_0022_gemini-3.7-flash
0,0.9958333373069764,768,d523c320daead958
1,0.8341013789176941,561,ai_giao_duc_0747_gemini-3.7-flash
0,0.9673202633857728,658,4adc770049b86705
1,0.8633093237876892,686,ai_kinh_te_0464_GPT-5.6 Luna
1,0.8652482032775879,685,ai_kinh_te_0483_GPT-5.6 Luna
0,1.051792860031128,512,a4c54f9ab8736acd
0,1.051094889640808,657,29d5a8dba3af38ee
1,0.829365074634552,523,ai_the_thao_0496_gemini-3.7-flash
0,1.072115421295166,742,a897c80ac5316644
1,0.8738738894462585,530,ai_giao_duc_0532_gemini-3.7-flash
0,1.0256410837173462,628,2cb4ee683d815f09
1,0.8423236608505249,517,ai_giao_duc_0822_gemini-3.7-flash
1,0.925110161304474,599,ai_giao_duc_0485_gemini-3.7-flash
0,1.09375,552,373dfa206b9a2544
1,0.8823529481887817,686,ai_chinh_tri_0129_GPT-5.6 Luna
1,0.8617021441459656,685,ai_kinh_te_0809_GPT-5.6 Luna
1,0.8758864998817444,686,ai_kinh_te_0411_GPT-5.6 Luna
1,0.8617021441459656,685,ai_xa_hoi_0833_GPT-5.6 Luna
1,0.9279661178588868,569,ai_xa_hoi_0301_gemini-3.7-flash
1,0.8892857432365417,686,ai_giao_duc_0670_GPT-5.6 Luna
0,1.0765550136566162,512,57b3226e2d176618
0,0.8476190567016602,320,6961d2a213a89848
0,0.9617834687232972,671,a0f9680957559e19
1,0.8860294222831726,686,ai_xa_hoi_0315_GPT-5.6 Luna
1,0.925110161304474,599,ai_giao_duc_0213_gemini-3.7-flash
1,0.8458904027938843,685,ai_the_thao_0588_GPT-5.6 Luna
1,0.8759124279022217,686,ai_chinh_tri_0049_GPT-5.6 Luna
1,0.8888888955116272,518,ai_chinh_tri_0595_gemini-3.7-flash
1,0.8514492511749268,684,ai_chinh_tri_0762_GPT-5.6 Luna
1,0.8546099066734314,685,ai_giao_duc_0136_GPT-5.6 Luna
0,1.057522177696228,742,4f01bdffe48dbbfd
0,0.9506173133850098,709,b1011bccb887ce12
1,0.8952381014823914,595,ai_chinh_tri_0341_gemini-3.7-flash
1,0.8690476417541504,568,ai_kinh_te_0194_gemini-3.7-flash
0,1.0223881006240845,635,ec96afb996417806
0,1.0227272510528564,687,f1ab7fd520e5865f
1,0.8758864998817444,686,ai_the_thao_0437_GPT-5.6 Luna
0,0.9716312289237976,703,14dfce9c82825ccc
1,0.9166666865348816,514,ai_kinh_te_0772_gemini-3.7-flash
0,1.045045018196106,638,1e4a7c1bed4459f3
0,1.0076923370361328,710,e48d7699206e52d8
0,0.8806818127632141,678,70c07fd7e1400a0d
0,1.0075187683105469,768,d482358f4050171c
0,1.0296295881271362,512,b21c936f739048fe
0,0.902597427368164,768,d052bcf19a27b1ff
0,1.0,768,c4880e3a617a99d0
0,1.0,655,f0ea964b894a96d9
0,0.9015151262283324,700,7e3949ebacb9fdaa
1,0.8741007447242737,686,ai_van_hoa_0484_GPT-5.6 Luna
0,0.9448819160461426,563,5059d6d779156aef
1,0.8591549396514893,687,ai_van_hoa_0748_GPT-5.6 Luna
1,0.9383260011672974,551,ai_van_hoa_0614_gemini-3.7-flash
1,0.85447758436203,530,ai_kinh_te_0343_gemini-3.7-flash
0,0.9954751133918762,768,b596ea0c2b8f7eaf
0,0.9363636374473572,504,a3c1961fbf8db24d
0,1.0,679,fa7b36a5bd78a3d2
1,0.8999999761581421,684,ai_giao_duc_0002_GPT-5.6 Luna
0,0.9740259647369384,768,16ecccca33e9bca4
1,0.8695651888847351,684,ai_chinh_tri_0701_GPT-5.6 Luna
1,0.8991228342056274,565,ai_chinh_tri_0378_gemini-3.7-flash
1,0.8823529481887817,686,ai_chinh_tri_0489_GPT-5.6 Luna
0,0.9470198750495912,644,47cf48a99eae8177
1,0.9135338068008424,684,ai_xa_hoi_0351_GPT-5.6 Luna
0,0.8465909361839294,512,d4c531fa1cba3f2c
0,0.9455782175064088,247,3471934e6bc63822
0,0.992424249649048,555,776a733c8765ef32
0,0.8830645084381104,512,5980ace5f88c815c
1,0.8360000252723694,557,ai_van_hoa_0659_gemini-3.7-flash
1,0.8333333134651184,530,ai_kinh_te_0779_gemini-3.7-flash
1,0.8821428418159485,686,ai_giao_duc_0719_GPT-5.6 Luna
1,0.8731883764266968,686,ai_giao_duc_0111_GPT-5.6 Luna
1,0.9227467775344848,570,ai_xa_hoi_0025_gemini-3.7-flash
1,0.8546099066734314,684,ai_kinh_te_0375_GPT-5.6 Luna
0,1.0724637508392334,512,f8ab799a122ce558
0,0.9922480583190918,692,3b943ed2c8b4e46a
0,1.0390625,656,7d315bb1e37c2d12
0,1.016853928565979,550,40285ab73798c2e5
1,0.9060150384902954,684,ai_xa_hoi_0759_GPT-5.6 Luna
0,1.0779221057891846,577,f52d21ffb5d94059
1,0.8888888955116272,643,ai_kinh_te_0041_gemini-3.7-flash
0,0.9829059839248656,512,c41510e3d6d2fcdc
0,0.9308176040649414,679,8e0a9ba01be3247e
0,1.044176697731018,621,febe3ea04ca63f04
0,1.07798171043396,598,722df03542592983
1,0.8759124279022217,684,ai_chinh_tri_0149_GPT-5.6 Luna
0,1.0689655542373655,659,33e183cd9133a95c
0,0.9555555582046508,768,9cbc6278990760c1
0,1.0173159837722778,585,1c5b1c56e6ff8769
0,0.9333333373069764,566,79d974b865d3425b
1,0.8360000252723694,557,ai_van_hoa_0627_gemini-3.7-flash
0,1.004807710647583,512,6760a592a011a5bf
1,0.8666666746139526,530,ai_giao_duc_0328_gemini-3.7-flash
0,1.0275862216949463,768,868bf185370fc43a
0,1.0465116500854492,557,87a83fd8298b621c
0,1.0163934230804443,768,6bfe9d154d0b8e90
0,0.9714285731315612,512,067a754f7d011da3
0,0.9707112908363342,768,46cfafeb4e887587
1,0.8561151027679443,685,ai_chinh_tri_0563_GPT-5.6 Luna
0,0.95333331823349,577,10f65d6e6328e0bb
0,1.0068964958190918,512,a83c6364e1cc39a3
1,0.9222221970558168,685,ai_kinh_te_0076_GPT-5.6 Luna
1,0.9037036895751952,686,ai_giao_duc_0475_GPT-5.6 Luna
0,1.031999945640564,709,124e6577d2d8c989
1,0.8473895788192749,521,ai_the_thao_0756_gemini-3.7-flash
0,0.9030836820602416,390,268e60c03865eca1
0,0.8976744413375854,768,e221471c124fd166
1,0.8738738894462585,530,ai_giao_duc_0084_gemini-3.7-flash
0,0.9424778819084167,624,c587147da7097515
0,1.068323016166687,768,88580e488c36642b
0,1.0138888359069824,645,5a020bad3c362a5e
0,0.9919028282165528,768,1df95f0b9006d2b8
0,0.9932432174682616,512,882096a48bdac929
1,0.827464759349823,684,ai_van_hoa_0309_GPT-5.6 Luna
1,0.8758864998817444,685,ai_kinh_te_0662_GPT-5.6 Luna
0,0.9883720874786376,502,99eecb78c52e9f99
0,1.0,512,3b44d233496940f0
1,0.8723404407501221,685,ai_the_thao_0698_GPT-5.6 Luna
1,0.9194915294647216,497,ai_xa_hoi_0160_gemini-3.7-flash
1,0.8515625,567,ai_kinh_te_0142_gemini-3.7-flash
1,0.9404255151748656,533,ai_xa_hoi_0098_gemini-3.7-flash
1,0.8633093237876892,686,ai_chinh_tri_0034_GPT-5.6 Luna
0,0.900900900363922,543,a504d3ea46cb1292
0,1.1018518209457395,512,73a92b3f6d2cfd3b
1,0.8607142567634583,685,ai_chinh_tri_0751_GPT-5.6 Luna
0,0.868686854839325,729,ae26552ed8a7ce3a
0,1.076923131942749,512,accca6c0e9ed38c8
0,1.0193548202514648,512,24fdaa5693634bde
0,0.9418604373931884,649,29a8393213fabd63
0,1.0145984888076782,531,aced367e0d3ab31f
0,0.9166666865348816,560,02c64a1b3a9e5a1b
1,0.89552241563797,684,ai_xa_hoi_0679_GPT-5.6 Luna
0,1.014814853668213,512,b658a48f9bcfa50b
0,1.0211267471313477,768,49d1c39f29b8dbcc
1,0.8999999761581421,684,ai_giao_duc_0362_GPT-5.6 Luna
1,0.8617021441459656,685,ai_van_hoa_0537_GPT-5.6 Luna
1,0.8483412265777588,560,ai_giao_duc_0463_gemini-3.7-flash
0,1.0,690,3c4a610856978107
1,0.8690476417541504,568,ai_kinh_te_0442_gemini-3.7-flash
1,0.8731883764266968,686,ai_giao_duc_0628_GPT-5.6 Luna
1,0.8916084170341492,686,ai_the_thao_0713_GPT-5.6 Luna
1,0.828000009059906,529,ai_the_thao_0498_gemini-3.7-flash
0,0.970370352268219,548,4315254213916f45
1,0.8368055820465088,684,ai_van_hoa_0511_GPT-5.6 Luna
0,0.9675324559211732,768,04249ea2b5d0c050
1,0.8733624219894409,545,ai_chinh_tri_0292_gemini-3.7-flash
1,0.9166666865348816,514,ai_kinh_te_0156_gemini-3.7-flash
0,1.0049020051956177,512,de398989df3cf602
0,1.0310077667236328,768,ec31469cd2f57dae
1,0.925110161304474,599,ai_giao_duc_0413_gemini-3.7-flash
1,0.8584070801734924,544,ai_van_hoa_0256_gemini-3.7-flash
0,1.0290457010269165,768,ecb72a3e6c632ed5
1,0.8517241477966309,686,ai_the_thao_0789_GPT-5.6 Luna
1,0.8617021441459656,686,ai_xa_hoi_0450_GPT-5.6 Luna
0,1.09871244430542,512,2cefd1277e49b918
0,1.0394736528396606,768,65ec7a31fe790515
1,0.84375,685,ai_van_hoa_0583_GPT-5.6 Luna
0,0.9346938729286194,512,e257bdd4dce4d243
1,0.8576388955116272,686,ai_the_thao_0754_GPT-5.6 Luna
0,1.0108696222305298,581,8894056bcd32bcf0
1,0.8840579986572266,685,ai_chinh_tri_0429_GPT-5.6 Luna
1,0.8528138399124146,575,ai_van_hoa_0265_gemini-3.7-flash
1,0.8888888955116272,684,ai_kinh_te_0434_GPT-5.6 Luna
0,0.9327731132507324,668,81b7dc91db088caf
1,0.8510638475418091,684,ai_van_hoa_0617_GPT-5.6 Luna
0,1.0077519416809082,512,7d214b606db126fc
0,1.0,768,a46e5ff26eb29291
1,0.829365074634552,523,ai_the_thao_0016_gemini-3.7-flash
1,0.8799999952316284,554,ai_the_thao_0747_gemini-3.7-flash
1,0.9111111164093018,686,ai_giao_duc_0011_GPT-5.6 Luna
0,1.0451127290725708,679,2a3984844214fc36
1,0.9166666865348816,514,ai_kinh_te_0588_gemini-3.7-flash
1,0.8804348111152649,686,ai_giao_duc_0180_GPT-5.6 Luna
0,0.9960474371910096,768,dac44e927d264af4
0,1.0,689,c9a82bb017a2595f
0,0.9186046719551086,512,9223108b0046a060
0,0.9836065769195556,768,8dd407c84889fb49
0,1.1179245710372925,534,e9a246531f9b714f
0,1.03125,768,c4baedb9a5430f9f
1,0.8515625,567,ai_kinh_te_0646_gemini-3.7-flash
0,1.042424201965332,103,6ab4dd16c4b2ca8b
1,0.904411792755127,686,ai_giao_duc_0421_GPT-5.6 Luna
0,0.9580419659614564,512,a649df374f3f94c2
0,0.9444444179534912,667,804c95eaeaf7bb1e
0,1.0079680681228638,512,484c550d38234b39
1,0.8333333134651184,530,ai_kinh_te_0227_gemini-3.7-flash
1,0.8473895788192749,521,ai_the_thao_0532_gemini-3.7-flash
0,1.0076923370361328,679,d60f1c38ea52887a
0,1.047120451927185,512,f35a622d5a75d17d
0,1.0215517282485962,534,46bd6e54b500087b
0,0.9595959782600404,556,0498d44a0bc0c2f6
1,0.881118893623352,686,ai_the_thao_0105_GPT-5.6 Luna
1,0.8584070801734924,544,ai_van_hoa_0696_gemini-3.7-flash
0,1.01694917678833,684,08b811a924d85393
1,0.9910714030265808,550,ai_van_hoa_0090_gemini-3.7-flash
0,1.0486111640930176,555,f88ce8fd85ee7985
0,0.9748427867889404,768,91acec4adf08b3e5
0,0.930232584476471,768,dc31a178946f1cd8
1,0.8469387888908386,685,ai_chinh_tri_0516_GPT-5.6 Luna
0,0.9955947399139404,512,ccee4e790f48d6b7
0,0.9933775067329408,687,6dab18e537201059
1,0.9230769276618958,494,ai_xa_hoi_0092_gemini-3.7-flash
1,0.8617021441459656,686,ai_van_hoa_0073_GPT-5.6 Luna
0,0.9932885766029358,655,4555a3d3305d3ce5
1,0.8776978254318237,686,ai_chinh_tri_0466_GPT-5.6 Luna
1,0.9242424368858336,596,ai_chinh_tri_0641_gemini-3.7-flash
0,1.0483092069625854,664,75ffa0d9a6846aa6
0,1.1171875,626,71a7d2e60ea26daa
1,0.8735178112983704,644,ai_kinh_te_0613_gemini-3.7-flash
0,1.0666667222976685,641,82bc142b808dbc71
1,0.8321678042411804,685,ai_van_hoa_0796_GPT-5.6 Luna
1,0.8799999952316284,554,ai_the_thao_0803_gemini-3.7-flash
1,0.895652174949646,545,ai_chinh_tri_0232_gemini-3.7-flash
0,0.9221311211586,768,c13781a126ee3857
1,0.8333333134651184,530,ai_kinh_te_0283_gemini-3.7-flash
1,0.8333333134651184,530,ai_kinh_te_0259_gemini-3.7-flash
0,1.0653594732284546,640,ff1d411facb48718
0,1.020100474357605,589,229f022e635aaae5
1,0.8859649300575256,518,ai_giao_duc_0778_gemini-3.7-flash
0,1.0193548202514648,768,7967408518b49965
0,1.0785714387893677,537,6e500a410e5170f1
1,0.8731883764266968,686,ai_chinh_tri_0304_GPT-5.6 Luna
0,0.9767441749572754,768,dffe431f04ea913c
0,1.0069444179534912,512,46a78f566bae6971
1,0.8633093237876892,686,ai_kinh_te_0224_GPT-5.6 Luna
1,0.8888888955116272,518,ai_chinh_tri_0619_gemini-3.7-flash
1,0.8413792848587036,686,ai_xa_hoi_0578_GPT-5.6 Luna
1,0.8561151027679443,686,ai_chinh_tri_0043_GPT-5.6 Luna
0,1.045161247253418,674,081c4ee857e42f1e
0,0.9722222089767456,660,42843715a4f491ac
1,0.9166666865348816,514,ai_kinh_te_0476_gemini-3.7-flash
0,1.096551775932312,567,daaf4a62748617fa
1,0.8758864998817444,686,ai_van_hoa_0578_GPT-5.6 Luna
1,0.9230769276618958,494,ai_xa_hoi_0052_gemini-3.7-flash
1,0.8649635314941406,684,ai_chinh_tri_0185_GPT-5.6 Luna
1,0.8978102207183838,686,ai_kinh_te_0547_GPT-5.6 Luna
0,0.9885714054107666,692,37fe29461edfc169
0,0.9612902998924256,709,fb3fefcc0a288cbc
1,0.8840579986572266,686,ai_giao_duc_0037_GPT-5.6 Luna
0,0.9664429426193236,512,dea92d0a7a4d3809
0,1.0462185144424438,630,826a5afeff723bcb
0,1.0076335668563845,512,f1dbc5ae0168f31a
0,1.0750000476837158,579,9a5644fbfa64c422
1,0.8439716100692749,685,ai_chinh_tri_0526_GPT-5.6 Luna
1,0.8469387888908386,685,ai_chinh_tri_0156_GPT-5.6 Luna
0,0.9849624037742616,512,492cd6129d6b71c5
1,0.8515625,567,ai_kinh_te_0782_gemini-3.7-flash
0,0.8300970792770386,583,fcf9c9259846bbd9
0,1.0050251483917236,683,02a2c8e30eecfb12
1,0.8759124279022217,684,ai_van_hoa_0686_GPT-5.6 Luna
1,0.8617021441459656,685,ai_kinh_te_0775_GPT-5.6 Luna
0,0.9341563582420348,512,46fb99ed24fcf9f7
1,0.8804348111152649,686,ai_giao_duc_0117_GPT-5.6 Luna
1,0.908088207244873,686,ai_giao_duc_0203_GPT-5.6 Luna
0,0.9958677887916564,675,62731f1737c79d76
0,0.9563318490982056,641,b352c2b6045fa1e6
1,0.8731883764266968,687,ai_kinh_te_0056_GPT-5.6 Luna
0,0.9739583134651184,649,325a90c2a4c2c4f2
0,0.9959677457809448,512,1d93f3afe63f0ceb
1,0.8952381014823914,595,ai_chinh_tri_0061_gemini-3.7-flash
0,1.0467835664749146,512,1a7dd02269418810
0,1.0317460298538208,685,17cd620dc208d8ad
1,0.925110161304474,599,ai_giao_duc_0501_gemini-3.7-flash
1,0.8884891867637634,685,ai_the_thao_0202_GPT-5.6 Luna
1,0.828000009059906,529,ai_the_thao_0418_gemini-3.7-flash
0,0.9467213153839112,697,2e2a49090eda2604
0,1.0,768,584f239da51be43f
0,0.9469696879386902,535,c0d7bb4ab106b8c4
1,0.8690476417541504,568,ai_kinh_te_0098_gemini-3.7-flash
1,0.9531915187835692,531,ai_xa_hoi_0638_gemini-3.7-flash
0,0.99609375,726,b0853fc38e1ee365
0,1.0460525751113892,605,ce60b592bf446867
0,0.9777777791023254,692,08c8def48ad99517
0,0.9342105388641356,512,4fd1fd3daebc29aa
1,0.8473895788192749,521,ai_the_thao_0316_gemini-3.7-flash
0,0.8873239159584045,640,146394b1f3dd78bc
0,1.0137931108474731,512,b3444780fe4a7cfd
1,0.8571428656578064,544,ai_van_hoa_0800_gemini-3.7-flash
0,0.9365671873092652,606,59aa1ff6df6145ac
0,0.9668246507644652,512,feaedb498c9a8b93
0,0.9497907757759094,599,0ddaea3cb596a605
1,0.8758864998817444,686,ai_van_hoa_0338_GPT-5.6 Luna
1,0.8804348111152649,686,ai_xa_hoi_0021_GPT-5.6 Luna
1,0.8735178112983704,644,ai_kinh_te_0573_gemini-3.7-flash
1,0.8860294222831726,684,ai_giao_duc_0713_GPT-5.6 Luna
0,0.9724137783050536,512,f002359479263135
1,0.8515625,567,ai_kinh_te_0598_gemini-3.7-flash
0,0.9432623982429504,768,3ddb17ccfea26235
1,0.8514492511749268,684,ai_chinh_tri_0678_GPT-5.6 Luna
1,0.8636363744735718,684,ai_van_hoa_0471_GPT-5.6 Luna
0,1.038095235824585,621,acfcfdeda38b7653
0,1.0208333730697632,768,c963a52cf323da23
0,0.9772727489471436,584,2d99c46ac5f7f2ea
1,0.8755555748939514,513,ai_chinh_tri_0087_gemini-3.7-flash
1,0.8723404407501221,686,ai_kinh_te_0433_GPT-5.6 Luna
0,1.032467484474182,660,ee466d418aef55ee
0,1.0280898809432983,512,e276733037a984f6
0,0.9432623982429504,683,8058b2996b4a4c46
0,1.0191082954406738,713,2a8d0ae5cc1cead9
0,0.9707112908363342,676,cbfbb114542c1b60
1,0.8884891867637634,685,ai_the_thao_0802_GPT-5.6 Luna
0,0.9021739363670348,512,189c83ccae9b3673
1,0.9910714030265808,550,ai_van_hoa_0338_gemini-3.7-flash
0,0.961864411830902,512,ce0a99e8fb1e4dfe
1,0.8695651888847351,686,ai_xa_hoi_0427_GPT-5.6 Luna
0,0.9604519605636596,768,b7847daedc0cbbe7
0,0.9230769276618958,552,66350082d489129c
0,1.0283688306808472,768,43672bd0823ac071
0,0.9934640526771544,678,025e8a3a789b5637
0,0.9757084846496582,768,b01c0d93612f566a
0,0.9870129823684692,768,d02a3589b28275de
0,1.0314465761184692,768,1120366117b481b0
0,1.0,768,bf9561f60ead5ab9
0,0.935606062412262,703,be3f3cab19b776e9
1,0.9194915294647216,497,ai_xa_hoi_0144_gemini-3.7-flash
1,0.8905109763145447,684,ai_kinh_te_0348_GPT-5.6 Luna
1,0.8758864998817444,685,ai_the_thao_0699_GPT-5.6 Luna
0,0.9585253596305848,690,e8f273b96aeaef5c
1,0.8735178112983704,644,ai_kinh_te_0205_gemini-3.7-flash
1,0.8785714507102966,686,ai_xa_hoi_0396_GPT-5.6 Luna
1,0.9172932505607604,686,ai_giao_duc_0667_GPT-5.6 Luna
1,0.8733624219894409,545,ai_chinh_tri_0348_gemini-3.7-flash
0,1.02173912525177,657,8819dd66028d9c17
0,0.978723406791687,768,3d22eece93cb663d
1,0.8450704216957092,684,ai_the_thao_0128_GPT-5.6 Luna
1,0.8733624219894409,545,ai_chinh_tri_0308_gemini-3.7-flash
1,0.8333333134651184,530,ai_kinh_te_0163_gemini-3.7-flash
1,0.867521345615387,600,ai_giao_duc_0833_gemini-3.7-flash
0,1.0819672346115112,535,4da484b06b5bf941
1,0.8695651888847351,686,ai_giao_duc_0391_GPT-5.6 Luna
1,0.8738738894462585,530,ai_giao_duc_0548_gemini-3.7-flash
1,0.8531468510627747,686,ai_the_thao_0734_GPT-5.6 Luna
1,0.9383260011672974,551,ai_van_hoa_0598_gemini-3.7-flash
0,0.9704433679580688,512,98a3c1a91b8f805e
0,1.0229357481002808,677,aa6e334487adf010
0,0.9419642686843872,640,eb7fed0bbf24814f
0,1.0499999523162842,768,911fcbf9fd79e2cd
1,0.8617021441459656,686,ai_xa_hoi_0210_GPT-5.6 Luna
1,0.8697183132171631,686,ai_xa_hoi_0236_GPT-5.6 Luna
1,0.8423236608505249,517,ai_giao_duc_0118_gemini-3.7-flash
1,0.89552241563797,684,ai_xa_hoi_0031_GPT-5.6 Luna
0,1.0277777910232544,768,9fa67ff941ee2676
0,0.9788135886192322,562,350c827a3c95b184
0,1.021276593208313,591,2ccc111cbb99e3ec
0,1.090909123420715,627,1321e2b672348c44
0,0.975806474685669,666,1755fc53eb4c25b9
1,0.8473895788192749,521,ai_the_thao_0052_gemini-3.7-flash
1,0.9230769276618958,494,ai_xa_hoi_0340_gemini-3.7-flash
0,0.9497717022895812,768,6ab5a3812a651333
0,0.914893627166748,671,8663e60e71344f3f
0,0.8895705342292786,512,dc9bc5367a56ff0f
0,1.0041841268539429,768,2b0d1a21009604e2
0,0.9715447425842284,719,3bf16af1c4e3c397
1,0.9004328846931458,566,ai_chinh_tri_0430_gemini-3.7-flash
0,1.035573124885559,512,2032e90e519c371b
1,0.8695651888847351,685,ai_xa_hoi_0499_GPT-5.6 Luna
0,0.9065420627593994,618,a77e46971ef50e2e
1,0.8500000238418579,684,ai_kinh_te_0018_GPT-5.6 Luna
1,0.9404255151748656,533,ai_xa_hoi_0258_gemini-3.7-flash
1,0.8741007447242737,686,ai_van_hoa_0564_GPT-5.6 Luna
0,1.0089285373687744,639,55d12ddab478836f
0,0.957446813583374,768,7eddc2e647bd9436
0,1.1463414430618286,531,b3d7139f9ca21cb8
1,0.8755555748939514,513,ai_chinh_tri_0431_gemini-3.7-flash
1,0.8510638475418091,686,ai_xa_hoi_0829_GPT-5.6 Luna
1,0.8527397513389587,684,ai_the_thao_0695_GPT-5.6 Luna
1,0.8799999952316284,554,ai_the_thao_0139_gemini-3.7-flash
0,1.1633466482162476,512,1fefc7938e8629fe
0,0.9427480697631836,768,ea5c0547bac8cf3f
0,0.9280303120613098,561,fb749700dc1a0321
1,0.8888888955116272,518,ai_chinh_tri_0067_gemini-3.7-flash
0,1.0209205150604248,768,d10af206ce34f1b2
1,0.9910714030265808,550,ai_van_hoa_0450_gemini-3.7-flash
0,1.020161271095276,768,6ebfd52697ccd527
0,1.06521737575531,667,01497325d90a3806
0,0.9806201457977296,768,b23ac89401f78801
1,0.9910714030265808,550,ai_van_hoa_0186_gemini-3.7-flash
0,0.9857142567634584,637,bde568e824ae4146
0,0.9836065769195556,512,d4cd50c194057f5e
1,0.8617021441459656,685,ai_giao_duc_0352_GPT-5.6 Luna
0,1.0187793970108032,545,afa997128c97f3d2
1,0.9257642030715942,550,ai_van_hoa_0818_gemini-3.7-flash
1,0.85447758436203,530,ai_kinh_te_0831_gemini-3.7-flash
1,0.8584070801734924,544,ai_van_hoa_0336_gemini-3.7-flash
0,0.9795082211494446,657,8b84e7068c0fbdd8
1,0.8636363744735718,685,ai_van_hoa_0423_GPT-5.6 Luna
1,0.8661971688270569,685,ai_kinh_te_0470_GPT-5.6 Luna
0,0.9777777791023254,698,cdd34f8faf54d2e5
0,0.9788135886192322,535,5b1bc3b03e73e9f5
0,1.0061728954315186,632,f9d8de60c9c4d9ab
0,0.9473684430122375,548,ec144454dc2b146b
0,0.9921568632125854,512,dd95c1175801d00a
0,1.0,713,e8730f513b3ff00b
1,0.8741007447242737,685,ai_kinh_te_0094_GPT-5.6 Luna
1,0.8515625,567,ai_kinh_te_0542_gemini-3.7-flash
1,0.8821428418159485,686,ai_giao_duc_0158_GPT-5.6 Luna
0,1.017045497894287,688,08e7e2c42e6aa1df
0,1.0,663,1c1c1674b52f99c7
0,0.8613445162773132,679,de495c8e6634658f
1,0.828000009059906,529,ai_the_thao_0058_gemini-3.7-flash
0,1.012145757675171,400,5d4d9ed6ebf3b433
0,0.9767441749572754,689,6d3ce2e5a67d1023
0,1.0,768,3cd586733768396f
0,1.0377358198165894,768,ea377b609298be2e
0,0.9779411554336548,255,a825890a8c352543
0,0.971222996711731,768,10ee0c0929d693e0
0,1.0316455364227295,662,1fb0d324fa9837ee
0,1.0120482444763184,693,789a2bc3411ad178
1,0.8799999952316284,554,ai_the_thao_0627_gemini-3.7-flash
1,0.8767605423927307,686,ai_van_hoa_0810_GPT-5.6 Luna
0,0.9806201457977296,512,1e65de1fee52e51d
0,0.9403669834136964,537,b6f00bc36a34e121
1,0.8410041928291321,531,ai_the_thao_0254_gemini-3.7-flash
0,1.0,705,5c9d150452f72f65
1,0.9194915294647216,497,ai_xa_hoi_0064_gemini-3.7-flash
0,0.984189748764038,612,2f2f2614f55ec716
0,1.0335195064544678,501,48bf5249266b909a
1,0.8731883764266968,686,ai_kinh_te_0037_GPT-5.6 Luna
1,0.8219696879386902,555,ai_van_hoa_0247_gemini-3.7-flash
1,0.8723404407501221,686,ai_van_hoa_0058_GPT-5.6 Luna
0,1.041284441947937,512,7fa0cdbadf4c9f61
1,0.8952381014823914,595,ai_chinh_tri_0357_gemini-3.7-flash
0,1.0215827226638794,768,b57d883e102e77bb
0,0.8237410187721252,528,70824c892bc56984
1,0.8695651888847351,685,ai_xa_hoi_0409_GPT-5.6 Luna
0,0.9678714871406556,512,d02a3c9f444fe7e0
0,1.0482758283615112,731,c043c8d717306c55
1,0.8782608509063721,547,ai_van_hoa_0180_gemini-3.7-flash
0,1.1601731777191162,554,da2071335c4c3ffd
1,0.8821428418159485,686,ai_giao_duc_0069_GPT-5.6 Luna
1,0.8999999761581421,684,ai_kinh_te_0252_GPT-5.6 Luna
1,0.8892857432365417,686,ai_giao_duc_0430_GPT-5.6 Luna
1,0.9242424368858336,596,ai_chinh_tri_0513_gemini-3.7-flash
0,1.0416666269302368,678,db0202edf0fd4ae6
0,1.0,651,b2c8cbb057e9ee69
0,0.9666666388511658,643,cf476570963727ea
1,0.8848921060562134,685,ai_kinh_te_0111_GPT-5.6 Luna
1,0.895652174949646,545,ai_chinh_tri_0112_gemini-3.7-flash
0,1.02521014213562,513,ef96c7fd7381d417
0,1.0068964958190918,678,f95c360491bdbc70
1,0.8333333134651184,684,ai_xa_hoi_0104_GPT-5.6 Luna
0,0.9556451439857484,512,18444f1464d47520
0,0.9927007555961608,564,11a678f565d31b33
0,0.935606062412262,768,52d5450f9ba6d4b3
0,0.965384602546692,655,583a47ac2ea2225f
0,0.9594594836235046,666,088bf64d14bab05a
0,0.981566846370697,512,7107a35bbbc37948
1,0.8678571581840515,686,ai_kinh_te_0133_GPT-5.6 Luna
1,0.8952381014823914,595,ai_chinh_tri_0493_gemini-3.7-flash
0,0.949999988079071,644,07fa0f1817e31267
0,1.0,512,3c1c7f9ed82393cd
0,1.087591290473938,512,041db681765baa48
1,0.8804348111152649,685,ai_van_hoa_0612_GPT-5.6 Luna
1,0.8799999952316284,554,ai_the_thao_0635_gemini-3.7-flash
1,0.8360000252723694,557,ai_van_hoa_0595_gemini-3.7-flash
1,0.9531915187835692,531,ai_xa_hoi_0582_gemini-3.7-flash
1,0.9279661178588868,569,ai_xa_hoi_0021_gemini-3.7-flash
0,0.965384602546692,655,d954de1b7715cc55
0,1.0191082954406738,570,8a2361106726a94b
0,0.9935897588729858,512,3b1b82b66d80f8ed
1,0.8426573276519775,684,ai_van_hoa_0186_GPT-5.6 Luna
0,1.024193525314331,677,9207d4df26a3efc6
0,0.9922480583190918,766,2de4f21e23cc856c
1,0.8799999952316284,554,ai_the_thao_0395_gemini-3.7-flash
1,0.8767605423927307,685,ai_the_thao_0220_GPT-5.6 Luna
0,1.0199203491210938,512,4e08a11ed7eface1
1,0.8999999761581421,684,ai_giao_duc_0330_GPT-5.6 Luna
1,0.8723404407501221,686,ai_van_hoa_0418_GPT-5.6 Luna
1,0.8510638475418091,684,ai_van_hoa_0093_GPT-5.6 Luna
0,1.0222222805023191,597,9130b41af2e38640
1,0.8469387888908386,686,ai_the_thao_0561_GPT-5.6 Luna
1,0.8576388955116272,686,ai_the_thao_0373_GPT-5.6 Luna
1,0.8219696879386902,555,ai_van_hoa_0543_gemini-3.7-flash
1,0.8991228342056274,565,ai_chinh_tri_0058_gemini-3.7-flash
1,0.8410041928291321,531,ai_the_thao_0422_gemini-3.7-flash
0,0.8917526006698608,634,1ca1775cf3266381
0,0.9870967864990234,768,ea4ec4ba3b6d8dca
1,0.8410041928291321,531,ai_the_thao_0750_gemini-3.7-flash
0,1.0149253606796265,678,5bdf5961c375bbd2
0,1.015936255455017,512,548a1c1470dbbb70
0,0.9473684430122375,674,47893a48b6e17468
0,1.044585943222046,517,b722287c660d873f
0,0.9957447052001952,649,14f66b453ff6dafc
0,1.0127118825912476,512,7934af5259845b3c
1,0.875,684,ai_giao_duc_0785_GPT-5.6 Luna
0,0.9248120188713074,510,937102f817ba1ae7
0,0.931818187236786,509,c613fc2b18087c75
0,0.9521530866622924,768,6fff1f606bd7a928
0,1.0064102411270142,512,38e11b929c31b1ec
0,0.9555555582046508,768,75dd67dee71b4111
1,0.8586956262588501,684,ai_chinh_tri_0498_GPT-5.6 Luna
0,0.9693251252174376,714,0e906be09b2905f1
0,1.0661157369613647,649,b135d31373378463
0,1.0,768,bd11318656322550
1,0.8423236608505249,517,ai_giao_duc_0710_gemini-3.7-flash
0,1.0199999809265137,512,f3c884e24d5b1c34
0,0.9629629850387572,694,f80fdecc8b97bb16
0,0.9558823704719543,560,690fcba618d94df0
0,0.9503546357154846,512,c7fd3671b7316b1e
1,0.8515625,567,ai_kinh_te_0686_gemini-3.7-flash
0,1.04347825050354,698,e95ac4ca82bb3116
0,0.9477611780166626,512,fea248f72e84331e
0,0.8866396546363831,564,54c9c9752617bf0b
1,0.8888888955116272,518,ai_chinh_tri_0795_gemini-3.7-flash
0,1.1180124282836914,591,55659e5f8a5a10a6
0,1.0296295881271362,768,11be6071009b1fd6
1,0.8695651888847351,684,ai_chinh_tri_0461_GPT-5.6 Luna
0,0.9244444370269777,768,37d5b2efc7c312d5
1,0.8546099066734314,685,ai_van_hoa_0113_GPT-5.6 Luna
1,0.8859649300575256,518,ai_giao_duc_0418_gemini-3.7-flash
0,0.9710144996643066,701,f160a0ac0b966fa9
0,0.9856114983558656,768,5b145115e52fe5ef
0,0.9777777791023254,768,c7101752bdf2d61a
0,1.1103448867797852,687,cff7ccfe4dc26ff1
1,0.8799999952316284,554,ai_the_thao_0651_gemini-3.7-flash
0,0.9926470518112184,512,ff3b65fbd3af2913
1,0.8905109763145447,684,ai_van_hoa_0470_GPT-5.6 Luna
1,0.8767605423927307,686,ai_giao_duc_0742_GPT-5.6 Luna
1,0.8735178112983704,644,ai_kinh_te_0781_gemini-3.7-flash
0,0.9395973086357116,681,4017b5cc46ad26da
1,0.8556337952613831,686,ai_van_hoa_0145_GPT-5.6 Luna
1,0.8991228342056274,565,ai_chinh_tri_0530_gemini-3.7-flash
0,0.9743589758872986,512,6cd925d66b390ad9
0,1.0273972749710083,618,1c8ca3f2264e8ae8
0,1.0137931108474731,707,833b7e672dc3d595
1,0.8999999761581421,684,ai_giao_duc_0666_GPT-5.6 Luna
1,0.875,684,ai_chinh_tri_0312_GPT-5.6 Luna
0,0.9792746305465698,768,c6c663c07f60b3f2
1,0.9004328846931458,566,ai_chinh_tri_0710_gemini-3.7-flash
0,1.0444444417953491,768,68ee7ea1b8a9e703
0,0.9784172773361206,553,afb12d1e20137d4b
1,0.8633093237876892,684,ai_van_hoa_0678_GPT-5.6 Luna
0,0.9897435903549194,626,286f6d76b9a800a6
0,1.0160000324249268,651,b2e410d333515d18
0,0.939393937587738,512,199cb44261018b7c
1,0.8633093237876892,686,ai_kinh_te_0440_GPT-5.6 Luna
0,1.039130449295044,662,802c3207d4fe8faa
1,0.8607142567634583,687,ai_van_hoa_0660_GPT-5.6 Luna
1,0.8445945978164673,684,ai_the_thao_0631_GPT-5.6 Luna
1,0.8617021441459656,685,ai_kinh_te_0511_GPT-5.6 Luna
1,0.8758864998817444,686,ai_kinh_te_0331_GPT-5.6 Luna
0,1.0277777910232544,669,affd70fd7e28a653
1,0.8423236608505249,517,ai_giao_duc_0366_gemini-3.7-flash
1,0.8731883764266968,686,ai_giao_duc_0700_GPT-5.6 Luna
0,0.8851674795150757,734,3a58aa322ba4355a
0,0.8993710875511169,512,1f20a522ddc600cc
0,0.9597315192222596,768,6ca9d21887aa4aa4
0,1.100000023841858,574,772f22687bb3312c
0,1.0492610931396484,512,09f0d3d2ecad9e74
0,0.9866666793823242,512,ac681552cb84a566
0,1.0534350872039795,768,fa647fef03780869
1,0.8521126508712769,683,ai_xa_hoi_0288_GPT-5.6 Luna
1,0.8473895788192749,521,ai_the_thao_0124_gemini-3.7-flash
1,0.8483412265777588,560,ai_giao_duc_0775_gemini-3.7-flash
1,0.8713235259056091,684,ai_giao_duc_0057_GPT-5.6 Luna
0,1.0666667222976685,768,ec510839371bf3f8
0,1.090909123420715,662,1c715023c6d6094f
1,0.875,684,ai_chinh_tri_0432_GPT-5.6 Luna
1,0.8956834673881531,686,ai_xa_hoi_0580_GPT-5.6 Luna
0,1.005319118499756,500,2f35ee079dac620c
0,0.9924812316894532,768,685accbf2a8b2221
0,1.07619047164917,526,a3040bb7d6f0d456
1,0.8925926089286804,684,ai_giao_duc_0146_GPT-5.6 Luna
1,0.8571428656578064,685,ai_van_hoa_0339_GPT-5.6 Luna
1,0.8799999952316284,554,ai_the_thao_0299_gemini-3.7-flash
0,0.9527027010917664,512,fe0e45307708a42a
1,0.8576388955116272,685,ai_van_hoa_0439_GPT-5.6 Luna
1,0.8888888955116272,643,ai_kinh_te_0393_gemini-3.7-flash
1,0.9230769276618958,494,ai_xa_hoi_0692_gemini-3.7-flash
1,0.8888888955116272,643,ai_kinh_te_0017_gemini-3.7-flash
0,0.9874213933944702,630,0d8fc846425bfe81
0,1.0,545,17827310458ad78e
1,0.8392857313156128,684,ai_chinh_tri_0727_GPT-5.6 Luna
1,0.8690476417541504,568,ai_kinh_te_0594_gemini-3.7-flash
1,0.8859649300575256,518,ai_giao_duc_0554_gemini-3.7-flash
1,0.8905109763145447,684,ai_kinh_te_0828_GPT-5.6 Luna
0,0.9800000190734864,675,be7e92811b96b973
1,0.867521345615387,600,ai_giao_duc_0633_gemini-3.7-flash
0,1.036649227142334,625,54de75c1879dec16
1,0.8423236608505249,517,ai_giao_duc_0630_gemini-3.7-flash
0,0.9696969985961914,768,b0392d1846fc5750
1,0.8652482032775879,684,ai_the_thao_0323_GPT-5.6 Luna
1,0.9166666865348816,514,ai_kinh_te_0164_gemini-3.7-flash
1,0.912350594997406,515,ai_kinh_te_0672_gemini-3.7-flash
0,1.0604650974273682,768,d15a2ef0ad922e20
0,0.9793103337287904,512,77fa3aa8342f843c
0,0.95652174949646,570,1c0155f1582f2b46
0,0.9327731132507324,673,90d49f0cc82b8109
1,0.8804348111152649,684,ai_kinh_te_0543_GPT-5.6 Luna
1,0.8450704216957092,685,ai_xa_hoi_0493_GPT-5.6 Luna
0,1.011049747467041,693,ba283a9a0639365c
1,0.8531468510627747,685,ai_xa_hoi_0258_GPT-5.6 Luna
1,0.8666666746139526,530,ai_giao_duc_0672_gemini-3.7-flash
1,0.8678571581840515,686,ai_van_hoa_0715_GPT-5.6 Luna
1,0.8738738894462585,530,ai_giao_duc_0316_gemini-3.7-flash
1,0.829365074634552,523,ai_the_thao_0384_gemini-3.7-flash
0,0.8571428656578064,646,87fe399dab936129
1,0.8464285731315613,685,ai_van_hoa_0307_GPT-5.6 Luna
1,0.8892857432365417,686,ai_giao_duc_0790_GPT-5.6 Luna
1,0.8782608509063721,547,ai_van_hoa_0716_gemini-3.7-flash
0,0.9919028282165528,647,2d26127619a87d03
1,0.912350594997406,515,ai_kinh_te_0768_gemini-3.7-flash
1,0.8741007447242737,685,ai_kinh_te_0694_GPT-5.6 Luna
1,0.8971630930900574,686,ai_giao_duc_0534_GPT-5.6 Luna
0,1.0891720056533811,683,68f46f0bcde81849
1,0.8666666746139526,530,ai_giao_duc_0352_gemini-3.7-flash
0,1.2571429014205933,563,b453035271cafd45
0,0.849056601524353,512,1dcc6317ce7a4e80
0,1.1409395933151243,758,fa143cba59b79eb0
1,0.9227467775344848,570,ai_xa_hoi_0793_gemini-3.7-flash
1,0.8617021441459656,685,ai_the_thao_0678_GPT-5.6 Luna
1,0.9910714030265808,550,ai_van_hoa_0570_gemini-3.7-flash
1,0.8813559412956238,574,ai_van_hoa_0549_gemini-3.7-flash
0,1.045454502105713,631,d3cd877ac32aeab1
1,0.8884119987487793,574,ai_van_hoa_0805_gemini-3.7-flash
0,1.0138888359069824,768,3158cea930106586
1,0.8678571581840515,684,ai_the_thao_0467_GPT-5.6 Luna
1,0.8510638475418091,684,ai_van_hoa_0573_GPT-5.6 Luna
1,0.8367347121238708,686,ai_the_thao_0741_GPT-5.6 Luna
0,1.0773481130599976,512,dc249c7d91b3eb72
1,0.8617021441459656,685,ai_kinh_te_0449_GPT-5.6 Luna
0,1.0,768,06a357b333dda83f
1,0.8804348111152649,685,ai_kinh_te_0079_GPT-5.6 Luna
0,1.029411792755127,671,45067987f630582b
0,1.0065360069274902,768,dca07ef37ac76d4b
1,0.8410041928291321,531,ai_the_thao_0518_gemini-3.7-flash
1,0.8714285492897034,685,ai_van_hoa_0655_GPT-5.6 Luna
0,1.0,612,3afeab1c7f6d14a9
0,1.029411792755127,443,935e5e407d0f4cfe
1,0.8392857313156128,684,ai_chinh_tri_0487_GPT-5.6 Luna
0,1.0886075496673584,512,2cbb30daa2358e13
1,0.8617021441459656,685,ai_van_hoa_0777_GPT-5.6 Luna
1,0.8868613243103027,684,ai_kinh_te_0180_GPT-5.6 Luna
0,0.9111111164093018,512,bebde9a840529559
0,0.9664429426193236,768,ac064f38dd75f50a
1,0.8733624219894409,545,ai_chinh_tri_0828_gemini-3.7-flash
1,0.8820960521697998,547,ai_van_hoa_0012_gemini-3.7-flash
1,0.8630136847496033,686,ai_the_thao_0401_GPT-5.6 Luna
0,0.982758641242981,512,cf0808a421a8c315
0,1.027667999267578,768,47b8acbed956f6a9
0,1.1918604373931885,554,05b1abffac0bf193
1,0.8759124279022217,686,ai_xa_hoi_0467_GPT-5.6 Luna
1,0.8586956262588501,685,ai_chinh_tri_0673_GPT-5.6 Luna
0,0.9245283007621764,768,87821ff098ebe7e7
0,0.9536423683166504,512,7e9af215310dfa59
0,0.9461883306503296,620,b9932c78e9977dac
1,0.8525179624557495,684,ai_chinh_tri_0470_GPT-5.6 Luna
1,0.9227467775344848,570,ai_xa_hoi_0465_gemini-3.7-flash
0,0.9779411554336548,512,e1f9f4d39291b543
0,1.0847457647323608,569,289c51a8dad94948
1,0.8678571581840515,685,ai_kinh_te_0773_GPT-5.6 Luna
0,1.0173159837722778,512,fc22e56f57cbe41c
1,0.9014084339141846,550,ai_xa_hoi_0031_gemini-3.7-flash
0,1.0365296602249146,768,239302b29d41713c
0,1.0439560413360596,643,c5f55dafae490a67
0,1.0199999809265137,689,1802961a6b6da6e8
1,0.8380281925201416,684,ai_the_thao_0096_GPT-5.6 Luna
1,0.8666666746139526,530,ai_giao_duc_0752_gemini-3.7-flash
1,0.8591549396514893,687,ai_van_hoa_0068_GPT-5.6 Luna
1,0.8496503233909607,686,ai_xa_hoi_0786_GPT-5.6 Luna
0,0.988304078578949,512,54cdd65cb4c7621e
1,0.8785714507102966,685,ai_kinh_te_0657_GPT-5.6 Luna
0,0.9797570705413818,512,2521fd0fb81833c2
1,0.8472222089767456,685,ai_van_hoa_0074_GPT-5.6 Luna
1,0.8776978254318237,686,ai_chinh_tri_0706_GPT-5.6 Luna
1,0.8525179624557495,685,ai_chinh_tri_0054_GPT-5.6 Luna
0,0.9668049812316896,664,56e1c32538f6c8e4
0,1.0,557,632780c62e78b60d
1,0.8714285492897034,686,ai_xa_hoi_0764_GPT-5.6 Luna
1,0.8617021441459656,684,ai_xa_hoi_0193_GPT-5.6 Luna
1,0.8776978254318237,686,ai_xa_hoi_0825_GPT-5.6 Luna
0,0.9923664331436156,768,0418d2a40fce3f89
0,0.9864864945411682,768,4fde3227ee5ca2d1
0,0.9346938729286194,768,b273462ce9873603
1,0.895652174949646,545,ai_chinh_tri_0160_gemini-3.7-flash
0,0.9839357137680054,503,d99a733286a7cb36
1,0.8888888955116272,643,ai_kinh_te_0561_gemini-3.7-flash
1,0.8354430198669434,554,ai_the_thao_0775_gemini-3.7-flash
1,0.9222221970558168,685,ai_kinh_te_0436_GPT-5.6 Luna
1,0.8666666746139526,530,ai_giao_duc_0272_gemini-3.7-flash
0,1.1089109182357788,512,89ffc103f44f373c
0,0.8507462739944458,523,df44620174c39c79
1,0.867521345615387,600,ai_giao_duc_0241_gemini-3.7-flash
0,1.1021897792816162,511,a926030a2cbf1691
0,1.0740740299224854,521,5b124f0f50d6bcc0
1,0.8695651888847351,686,ai_giao_duc_0751_GPT-5.6 Luna
0,0.9047619104385376,685,37a5464d76633679
0,1.0229008197784424,512,d2b207b7cb457c1e
1,0.9531915187835692,531,ai_xa_hoi_0318_gemini-3.7-flash
0,1.0211267471313477,512,97b677e941fc6189
1,0.8804348111152649,684,ai_kinh_te_0783_GPT-5.6 Luna
0,0.9407894611358644,730,830f1f1b4a1936d3
1,0.8821428418159485,686,ai_giao_duc_0549_GPT-5.6 Luna
0,1.0,535,8dcd775fddd562eb
0,1.0,768,e2a3dc88b767489b
0,1.115702509880066,512,510b5b6e991d7637
1,0.8859649300575256,518,ai_giao_duc_0730_gemini-3.7-flash
0,0.9525691866874696,671,0d5685142bdc5630
1,0.8735178112983704,644,ai_kinh_te_0149_gemini-3.7-flash
0,1.0064516067504885,768,534936d9921853d1
1,0.8633093237876892,685,ai_the_thao_0222_GPT-5.6 Luna
0,1.0602409839630127,690,b3b749cf23ce126e
1,0.8423236608505249,517,ai_giao_duc_0278_gemini-3.7-flash
1,0.8633093237876892,686,ai_chinh_tri_0779_GPT-5.6 Luna
1,0.8735178112983704,644,ai_kinh_te_0237_gemini-3.7-flash
0,1.0358744859695437,768,7751a41cf21ac0f0
0,0.9192824959754944,627,532000bc0d71d341
0,1.0684210062026978,539,28a6188b6f623003
1,0.8723404407501221,686,ai_chinh_tri_0456_GPT-5.6 Luna
0,1.03649640083313,768,d51b67a3419fc333
0,0.9090909361839294,512,72f0556755236692
1,0.9194915294647216,497,ai_xa_hoi_0584_gemini-3.7-flash
1,0.8888888955116272,643,ai_kinh_te_0633_gemini-3.7-flash
1,0.9531915187835692,531,ai_xa_hoi_0166_gemini-3.7-flash
0,1.0063694715499878,661,4e33d481fc28a283
0,0.949999988079071,703,4050308f9bc3f51a
0,0.99578058719635,512,89b55011da893c34
0,0.9926470518112184,721,0aa216731ed43bf1
0,0.9621211886405944,512,66e448dbb1f65bc1
0,0.9650654792785645,768,d668f162906bf19b
0,1.0305343866348269,666,d523cd34a95119ce
0,1.1066666841506958,622,dd8fcd6c89aee2fa
0,0.9945054650306702,553,2f7250f1669dbc0a
1,0.8617021441459656,685,ai_giao_duc_0520_GPT-5.6 Luna
1,0.8514492511749268,684,ai_kinh_te_0250_GPT-5.6 Luna
1,0.8652482032775879,684,ai_the_thao_0200_GPT-5.6 Luna
1,0.8571428656578064,685,ai_chinh_tri_0759_GPT-5.6 Luna
0,0.9757084846496582,768,77503d0e015abf71
0,0.9726027250289916,768,f344ca12c688131a
1,0.902255654335022,684,ai_xa_hoi_0479_GPT-5.6 Luna
0,1.0384615659713743,698,3e6c8fdfb870bf03
1,0.8952381014823914,595,ai_chinh_tri_0069_gemini-3.7-flash
0,1.0204081535339355,524,f538dda3cf93a97d
1,0.8859649300575256,518,ai_giao_duc_0090_gemini-3.7-flash
0,1.1415929794311523,530,fe41a859a614ee76
1,0.9242424368858336,596,ai_chinh_tri_0809_gemini-3.7-flash
0,0.9824561476707458,557,48cf16bbbe72f30a
0,0.9557521939277648,619,89f9eaa4fc5431dc
1,0.886956512928009,596,ai_the_thao_0381_gemini-3.7-flash
1,0.8860294222831726,684,ai_chinh_tri_0037_GPT-5.6 Luna
0,1.0,768,a1abc35b06f55b8d
0,0.9800000190734864,512,10085ec75e0e2dbe
1,0.8661971688270569,685,ai_kinh_te_0190_GPT-5.6 Luna
0,0.931174099445343,512,bb8beffc9496b687
0,0.9594594836235046,652,4f97d7a07624d017
0,1.1491228342056274,512,1c571ef64a2590cd
1,0.8925926089286804,684,ai_xa_hoi_0343_GPT-5.6 Luna
0,1.0120482444763184,512,e495ac54a575499e
0,0.9448819160461426,512,43a54978d2b79af0
0,0.8461538553237915,512,2b7fcf125b27da52
0,1.0349650382995603,686,243fdb26ec6474ac
1,0.8623188138008118,685,ai_chinh_tri_0097_GPT-5.6 Luna
0,0.9897959232330322,532,8122bd1b6539a291
1,0.8782608509063721,547,ai_van_hoa_0292_gemini-3.7-flash
0,0.9644268751144408,768,f600f024988a9a7a
0,0.9887005686759948,768,f1b505f55f5c465c
0,1.1071428060531616,744,d823edab40598faf
1,0.867521345615387,600,ai_giao_duc_0193_gemini-3.7-flash
0,0.957446813583374,768,4096d684cafca242
0,1.0080320835113523,588,49e6e28fb57a2129
0,1.0292397737503052,512,3db9cbd3c9ba77e7
1,0.8633093237876892,686,ai_chinh_tri_0754_GPT-5.6 Luna
1,0.8571428656578064,685,ai_van_hoa_0819_GPT-5.6 Luna
0,0.9597315192222596,768,a1c6cf25f22ef00c
1,0.8678571581840515,684,ai_the_thao_0827_GPT-5.6 Luna
1,0.8531468510627747,686,ai_xa_hoi_0122_GPT-5.6 Luna
1,0.9910714030265808,550,ai_van_hoa_0154_gemini-3.7-flash
0,0.948387086391449,747,a61363acb7cfd084
1,0.9227467775344848,570,ai_xa_hoi_0353_gemini-3.7-flash
0,0.9388889074325562,617,d2c96b3d2017d54c
1,0.8546099066734314,684,ai_the_thao_0520_GPT-5.6 Luna
0,0.9194630980491638,652,a038378a494bad6e
0,0.9722222089767456,668,a205e11e4f9503a9
0,0.9846153855323792,662,5a13124150a4a343
0,1.0204081535339355,644,aa5e17cfef129c8e
0,0.9360902309417723,768,00f3b64cd3e0671e
1,0.8804348111152649,684,ai_giao_duc_0488_GPT-5.6 Luna
1,0.9279661178588868,569,ai_xa_hoi_0541_gemini-3.7-flash
0,0.9514925479888916,512,693f4481e0f36144
1,0.8723404407501221,685,ai_kinh_te_0011_GPT-5.6 Luna
0,1.014285683631897,768,6e0eba31f356cb5e
1,0.9531915187835692,531,ai_xa_hoi_0774_gemini-3.7-flash
1,0.8723404407501221,685,ai_chinh_tri_0560_GPT-5.6 Luna
1,0.8389830589294434,554,ai_the_thao_0351_gemini-3.7-flash
1,0.835616409778595,684,ai_chinh_tri_0140_GPT-5.6 Luna
0,0.8303571343421936,534,b754a6a24317e918
1,0.8360000252723694,557,ai_van_hoa_0483_gemini-3.7-flash
1,0.9531915187835692,531,ai_xa_hoi_0726_gemini-3.7-flash
0,0.9806201457977296,512,e9ab97c486f72068
0,1.004629611968994,244,44f881afb80e6974
1,0.8821428418159485,686,ai_giao_duc_0686_GPT-5.6 Luna
1,0.8785714507102966,685,ai_kinh_te_0753_GPT-5.6 Luna
0,1.009216547012329,768,b1ae0c726ecf8ba8
0,0.9484127163887024,683,0fe066213dcd024c
1,0.8341013789176941,561,ai_giao_duc_0451_gemini-3.7-flash
0,0.9379310607910156,602,6cb6039bb2a16450
1,0.8360000252723694,557,ai_van_hoa_0467_gemini-3.7-flash
0,0.9285714030265808,649,fe167ae8cd8e35f8
0,1.013071894645691,720,b43804ae7e246c6c
0,0.9461538195610046,517,cbd27cecedf60052
1,0.8865247964859009,686,ai_giao_duc_0734_GPT-5.6 Luna
1,0.8623188138008118,687,ai_kinh_te_0496_GPT-5.6 Luna
1,0.9111111164093018,684,ai_giao_duc_0434_GPT-5.6 Luna
1,0.8733624219894409,545,ai_chinh_tri_0132_gemini-3.7-flash
0,0.8152173757553101,592,ad335cadb3dbd489
1,0.8978102207183838,686,ai_giao_duc_0501_GPT-5.6 Luna
1,0.8576388955116272,686,ai_van_hoa_0608_GPT-5.6 Luna
1,0.8141891956329346,684,ai_the_thao_0303_GPT-5.6 Luna
0,1.0,669,7da93236dd0759e9
1,0.828000009059906,529,ai_the_thao_0322_gemini-3.7-flash
1,0.8586956262588501,685,ai_chinh_tri_0385_GPT-5.6 Luna
0,1.040816307067871,673,a5ddb97d5e9a6457
0,0.8552631735801697,678,88f4672779486375
0,0.9663865566253662,695,9a3d473de11c7579
1,0.8813559412956238,574,ai_van_hoa_0453_gemini-3.7-flash
1,0.8755555748939514,513,ai_chinh_tri_0471_gemini-3.7-flash
0,1.0384615659713743,512,ff777e1ba758235e
0,1.045454502105713,512,f729323c5bf9e190
0,0.9496123790740968,768,29b2637f517daf61
1,0.921641767024994,686,ai_giao_duc_0707_GPT-5.6 Luna
0,1.0478723049163818,512,c58e84aff5bfd781
0,1.0308642387390137,563,ceec57ba870ef117
1,0.8623188138008118,684,ai_chinh_tri_0227_GPT-5.6 Luna
1,0.8829787373542786,686,ai_giao_duc_0718_GPT-5.6 Luna
1,0.8410041928291321,531,ai_the_thao_0278_gemini-3.7-flash
1,0.8482758402824402,685,ai_chinh_tri_0484_GPT-5.6 Luna
0,0.8807947039604187,768,77f65f62f32a0019
1,0.8510638475418091,685,ai_van_hoa_0179_GPT-5.6 Luna
0,1.021276593208313,504,bfff8435a2371676
0,1.0700637102127075,512,2a635e4908bc641a
1,0.925110161304474,599,ai_giao_duc_0717_gemini-3.7-flash
0,0.914691925048828,67,5bcf31ffb4810b67
0,0.9920318722724916,768,c8a275a3ad7795b7
0,0.9521912336349488,667,cf5c9388e898d5ce
0,0.9411764740943908,768,a118b6287f12913a
1,0.831932783126831,531,ai_the_thao_0814_gemini-3.7-flash
1,0.8541666865348816,686,ai_the_thao_0573_GPT-5.6 Luna
1,0.8333333134651184,684,ai_van_hoa_0709_GPT-5.6 Luna
1,0.8859649300575256,518,ai_giao_duc_0266_gemini-3.7-flash
0,0.9629629850387572,506,a1f301463fb6764d
1,0.85447758436203,530,ai_kinh_te_0407_gemini-3.7-flash
0,0.9424460530281068,768,a01493741c51bc98
0,0.8936170339584351,647,f11e556918451851
0,0.9741935729980468,563,144d8aa4ea970569
1,0.8510638475418091,686,ai_xa_hoi_0734_GPT-5.6 Luna
0,0.8488888740539551,501,1a6105265d7b7380
0,0.9322916865348816,768,cda07516097cab0f
0,0.9396551847457886,729,5a8b6fb8a1aced76
0,0.9341563582420348,718,f4a6cc7541801f39
0,0.8916084170341492,739,8b592f17c4eec843
1,0.9166666865348816,514,ai_kinh_te_0012_gemini-3.7-flash
1,0.8341013789176941,561,ai_giao_duc_0595_gemini-3.7-flash
1,0.8584070801734924,544,ai_van_hoa_0344_gemini-3.7-flash
0,0.9557521939277648,617,28349012ab395f79
1,0.9230769276618958,494,ai_xa_hoi_0364_gemini-3.7-flash
1,0.8731883764266968,684,ai_van_hoa_0638_GPT-5.6 Luna
1,0.8695651888847351,686,ai_giao_duc_0052_GPT-5.6 Luna
0,1.063380241394043,512,8e89403c76db0089
1,0.9404255151748656,533,ai_xa_hoi_0490_gemini-3.7-flash
0,0.7642857432365417,551,cd0daa67a2b9c5c1
1,0.8623188138008118,684,ai_chinh_tri_0343_GPT-5.6 Luna
0,0.9924812316894532,538,df576fc58a560a8c
0,0.9235293865203856,512,4459291a6162ee00
1,0.8472222089767456,686,ai_the_thao_0594_GPT-5.6 Luna
0,1.12350594997406,512,e104661a4e7d478c
0,1.0310077667236328,722,7529923c0f0b04c1
0,1.02173912525177,512,a09400c3ffa34e16
1,0.9194915294647216,497,ai_xa_hoi_0376_gemini-3.7-flash
0,1.0047847032546997,406,130662ff9e043ebe
1,0.8401360511779785,684,ai_the_thao_0775_GPT-5.6 Luna
1,0.8733624219894409,545,ai_chinh_tri_0524_gemini-3.7-flash
0,0.8709677457809448,507,8ada8f5d9b00f13b
1,0.828000009059906,529,ai_the_thao_0394_gemini-3.7-flash
0,0.921052634716034,512,e2d0f8525b1014b1
1,0.8652482032775879,684,ai_the_thao_0680_GPT-5.6 Luna
1,0.8607142567634583,685,ai_xa_hoi_0689_GPT-5.6 Luna
1,0.9383260011672974,551,ai_van_hoa_0534_gemini-3.7-flash
1,0.8473895788192749,521,ai_the_thao_0380_gemini-3.7-flash
1,0.8758864998817444,686,ai_kinh_te_0451_GPT-5.6 Luna
0,0.9753694534301758,512,67c9b101639b3c22
0,1.0,575,e5e6a11f3ef4d6c5
1,0.8219696879386902,555,ai_van_hoa_0167_gemini-3.7-flash
1,0.8804348111152649,686,ai_xa_hoi_0261_GPT-5.6 Luna
1,0.886956512928009,596,ai_the_thao_0221_gemini-3.7-flash
1,0.831932783126831,531,ai_the_thao_0782_gemini-3.7-flash
1,0.9242424368858336,596,ai_chinh_tri_0001_gemini-3.7-flash
1,0.9404255151748656,533,ai_xa_hoi_0674_gemini-3.7-flash
0,0.9214285612106324,768,9208504d54fd00ca
0,0.8715083599090576,768,e079f202020a9d30
1,0.8888888955116272,643,ai_kinh_te_0489_gemini-3.7-flash
0,0.9753694534301758,512,44c46d90235f165a
0,1.021276593208313,512,0b0b101c65601afd
1,0.8758864998817444,686,ai_xa_hoi_0348_GPT-5.6 Luna
1,0.8472222089767456,685,ai_kinh_te_0705_GPT-5.6 Luna
0,1.0,660,ef77d40452947799
1,0.8636363744735718,685,ai_xa_hoi_0633_GPT-5.6 Luna
0,1.0437955856323242,768,ef1a04a6b8a37cfb
1,0.8633093237876892,685,ai_kinh_te_0106_GPT-5.6 Luna
0,1.0708661079406738,669,fbcd67eb7b57791d
1,0.9194915294647216,497,ai_xa_hoi_0792_gemini-3.7-flash
1,0.8741007447242737,686,ai_xa_hoi_0625_GPT-5.6 Luna
0,0.9533898234367372,768,84328ab424342db2
0,1.0552995204925537,512,1afaf77bc4e8c1d2
1,0.8860294222831726,684,ai_giao_duc_0353_GPT-5.6 Luna
0,1.0243902206420898,408,bb758f47d75ca2ae
0,1.0352941751480105,657,7e992c88e02eb22e
0,0.9137930870056152,545,87768a3ffd3c71cf
0,0.8895705342292786,682,66707b5d3a47b18c
1,0.8341013789176941,561,ai_giao_duc_0275_gemini-3.7-flash
0,0.993749976158142,634,2acc0c3d9cef4cb7
0,0.9769230484962464,512,bc7892a8bd6f2b6a
0,1.0,643,bdfc4f97abfa07f7
0,0.938596487045288,589,ed86e8d805837053
0,1.0,526,c5610c8158b64577
0,0.9769230484962464,512,f02a51d08250f588
0,0.9756097793579102,639,415dc2be2e4d8e26
1,0.875,684,ai_kinh_te_0239_GPT-5.6 Luna
0,0.9642857313156128,608,14431acacb906199
0,0.948905110359192,512,3ea6236398af53e0
0,1.0072463750839231,557,27a6ac629254e06d
0,0.8737863898277283,679,15aa168209335aa8
0,1.0,655,643e9ce6164bf438
0,0.9857142567634584,663,ad562081a3fcd29f
1,0.8695651888847351,685,ai_xa_hoi_0019_GPT-5.6 Luna
1,0.8713235259056091,684,ai_giao_duc_0825_GPT-5.6 Luna
1,0.8617021441459656,685,ai_giao_duc_0040_GPT-5.6 Luna
1,0.8829787373542786,686,ai_giao_duc_0390_GPT-5.6 Luna
0,0.8863636255264282,512,7352e841c478c951
1,0.867521345615387,600,ai_giao_duc_0305_gemini-3.7-flash
0,1.0680272579193115,664,22400d19091fedad
0,0.949999988079071,596,99cd6660d3f44490
1,0.8755555748939514,513,ai_chinh_tri_0303_gemini-3.7-flash
0,1.0322580337524414,638,97228c23896ba80f
1,0.8758864998817444,685,ai_kinh_te_0758_GPT-5.6 Luna
1,0.8500000238418579,683,ai_van_hoa_0461_GPT-5.6 Luna
0,1.033472776412964,650,3b3f11564a8a6411
0,0.9754098653793336,512,377fa435f46ce1e4
1,0.9067164063453674,685,ai_xa_hoi_0095_GPT-5.6 Luna
1,0.8784722089767456,686,ai_the_thao_0777_GPT-5.6 Luna
1,0.9531915187835692,531,ai_xa_hoi_0750_gemini-3.7-flash
1,0.8510638475418091,684,ai_van_hoa_0737_GPT-5.6 Luna
1,0.8500000238418579,684,ai_van_hoa_0805_GPT-5.6 Luna
0,0.976047933101654,551,faedf2914ea0db41
0,0.9191176295280457,546,bc80410732e01483
1,0.8515625,567,ai_kinh_te_0126_gemini-3.7-flash
0,0.9716312289237976,512,684ee3e821f5e609
1,0.8723404407501221,685,ai_kinh_te_0371_GPT-5.6 Luna
1,0.9383260011672974,551,ai_van_hoa_0406_gemini-3.7-flash
1,0.8755555748939514,513,ai_chinh_tri_0623_gemini-3.7-flash
1,0.8531468510627747,686,ai_the_thao_0134_GPT-5.6 Luna
1,0.8782608509063721,547,ai_van_hoa_0396_gemini-3.7-flash
1,0.8999999761581421,684,ai_giao_duc_0034_GPT-5.6 Luna
1,0.8586956262588501,685,ai_chinh_tri_0313_GPT-5.6 Luna
1,0.8785714507102966,685,ai_kinh_te_0179_GPT-5.6 Luna
0,0.9414225816726683,768,248bc9a57c3368ac
1,0.8528138399124146,575,ai_van_hoa_0225_gemini-3.7-flash
1,0.827464759349823,684,ai_van_hoa_0429_GPT-5.6 Luna
0,1.0157480239868164,512,0d0e0798e1393ff4
1,0.8690476417541504,568,ai_kinh_te_0282_gemini-3.7-flash
0,1.0,276,bccd58ddb1b448af
1,0.8219696879386902,555,ai_van_hoa_0135_gemini-3.7-flash
0,1.0414201021194458,569,1876123a988ecfe7
1,0.9242424368858336,596,ai_chinh_tri_0273_gemini-3.7-flash
0,0.987730085849762,768,c2c9f704d4b94aab
0,1.0,695,0907df309faedb97
1,0.9166666865348816,514,ai_kinh_te_0620_gemini-3.7-flash
0,0.9191176295280457,548,b22e45e3477fbde1
1,0.8733624219894409,545,ai_chinh_tri_0076_gemini-3.7-flash
0,1.0839694738388062,512,463da79870c90bc5
0,1.0141843557357788,608,33f27124477ca21f
1,0.8823529481887817,684,ai_giao_duc_0681_GPT-5.6 Luna
1,0.8473895788192749,521,ai_the_thao_0236_gemini-3.7-flash
0,0.9209486246109008,680,f6c749869cc7c816
1,0.8607142567634583,686,ai_van_hoa_0283_GPT-5.6 Luna
1,0.9014084339141846,550,ai_xa_hoi_0679_gemini-3.7-flash
1,0.8913043737411499,686,ai_giao_duc_0333_GPT-5.6 Luna
1,0.8617021441459656,684,ai_van_hoa_0266_GPT-5.6 Luna
0,0.9306122660636902,663,eb96ab84cefb5ce5
0,1.006993055343628,504,a292949ff23a87ca
0,0.9666666388511658,663,e54168ee3cc37802
0,0.9781659245491028,768,b317add3ed174d0a
0,1.0379747152328491,512,bff6737537d1a66b
1,0.8571428656578064,685,ai_van_hoa_0443_GPT-5.6 Luna
1,0.8999999761581421,684,ai_giao_duc_0306_GPT-5.6 Luna
0,1.067039132118225,512,ed2f0101ad3e5cb6
0,1.0,768,ae40a1292b7c73ed
1,0.8500000238418579,685,ai_kinh_te_0725_GPT-5.6 Luna
0,0.8661417365074158,512,2da18a02b7764de2
0,0.9147287011146544,572,f52e68638665d43a
1,0.8515625,567,ai_kinh_te_0630_gemini-3.7-flash
0,1.0152671337127686,680,77e47a6fe736baa6
1,0.8453237414360046,684,ai_van_hoa_0597_GPT-5.6 Luna
1,0.828000009059906,529,ai_the_thao_0042_gemini-3.7-flash
0,1.08713698387146,768,2307875c1afe1159
0,0.9847328066825868,768,d6ebcd6204d257ab
0,1.1467889547348022,681,78982318855cfa9a
1,0.8755555748939514,513,ai_chinh_tri_0447_gemini-3.7-flash
1,0.9279661178588868,569,ai_xa_hoi_0717_gemini-3.7-flash
0,0.959999978542328,698,4c2d5b8d192d2115
1,0.828000009059906,529,ai_the_thao_0482_gemini-3.7-flash
1,0.8439716100692749,686,ai_xa_hoi_0821_GPT-5.6 Luna
1,0.9194915294647216,497,ai_xa_hoi_0656_gemini-3.7-flash
0,1.0437955856323242,601,5fd1870b80233760
1,0.8733624219894409,545,ai_chinh_tri_0612_gemini-3.7-flash
1,0.8859649300575256,518,ai_giao_duc_0434_gemini-3.7-flash
1,0.8515625,567,ai_kinh_te_0014_gemini-3.7-flash
1,0.8884119987487793,574,ai_van_hoa_0813_gemini-3.7-flash
0,1.0322580337524414,768,7f82f689dae1c7be
1,0.8888888955116272,518,ai_chinh_tri_0699_gemini-3.7-flash
1,0.8341013789176941,561,ai_giao_duc_0483_gemini-3.7-flash
0,0.9913793206214904,595,8b6e77f635229393
1,0.85447758436203,530,ai_kinh_te_0375_gemini-3.7-flash
0,1.1397058963775637,624,34b573ec9f6636f9
1,0.8515625,567,ai_kinh_te_0526_gemini-3.7-flash
1,0.8617021441459656,685,ai_the_thao_0798_GPT-5.6 Luna
0,0.9752066135406494,515,8e1d1ecf0d691b17
0,1.0136054754257202,512,f9709e9abe4bdec8
0,0.9860140085220336,768,b9f6ad00757d7c70
1,0.8690476417541504,568,ai_kinh_te_0530_gemini-3.7-flash
0,1.0538116693496704,512,5eee8c6a45781857
1,0.8804348111152649,686,ai_giao_duc_0295_GPT-5.6 Luna
0,0.951127827167511,588,7e17c85fdba04617
0,1.0045661926269531,508,41871ab1dff59476
0,1.0220588445663452,643,da8694e8b73ae307
0,1.0306748151779177,768,50dd6b6569eed7d0
0,0.9414225816726683,602,447e12001604be97
0,0.9770992398262024,637,9e058786d232f5e7
0,0.921052634716034,768,409070c5adfa4a31
1,0.8723404407501221,686,ai_van_hoa_0730_GPT-5.6 Luna
1,0.8859649300575256,518,ai_giao_duc_0538_gemini-3.7-flash
0,0.964028775691986,668,9de2fd2056fdf551
0,0.9801324605941772,676,b72161b240fca8ad
0,0.9882352948188782,651,fe55fb3892577800
0,0.935742974281311,548,7703ba1fb61d3fc6
1,0.9910714030265808,550,ai_van_hoa_0122_gemini-3.7-flash
1,0.8884891867637634,685,ai_chinh_tri_0008_GPT-5.6 Luna
1,0.8590308427810669,595,ai_the_thao_0121_gemini-3.7-flash
0,1.0499999523162842,662,0e93324fe793cb36
0,0.9420289993286132,512,1312342a61a0e050
1,0.8785714507102966,685,ai_the_thao_0262_GPT-5.6 Luna
1,0.8952381014823914,595,ai_chinh_tri_0405_gemini-3.7-flash
1,0.8360000252723694,557,ai_van_hoa_0123_gemini-3.7-flash
0,0.8643215894699097,320,e5be583a82c76a79
0,0.9569377899169922,512,78727ed8e753b21f
1,0.866906464099884,685,ai_chinh_tri_0338_GPT-5.6 Luna
1,0.8888888955116272,643,ai_kinh_te_0353_gemini-3.7-flash
0,0.9855072498321532,526,b5b372c09566376f
0,1.0,768,f9ae5020c880736a
1,0.8607142567634583,686,ai_van_hoa_0403_GPT-5.6 Luna
0,0.9324324131011964,529,1bcd857236cb69f3
1,0.8576388955116272,686,ai_the_thao_0613_GPT-5.6 Luna
0,0.9852941036224364,512,e8b94a4df9d9bee4
0,1.013574719429016,547,eb20cb44032c7b3d
1,0.9279661178588868,569,ai_xa_hoi_0421_gemini-3.7-flash
0,1.0,512,305c20b7a59f3063
1,0.8483412265777588,560,ai_giao_duc_0479_gemini-3.7-flash
1,0.8515625,567,ai_kinh_te_0662_gemini-3.7-flash
0,0.9919678568840028,601,2ede8be6d95c415e
1,0.8392857313156128,684,ai_chinh_tri_0390_GPT-5.6 Luna
0,1.076923131942749,562,1c9a12351655a960
0,0.9915611743927002,512,1b832674f4e06dd3
1,0.867521345615387,600,ai_giao_duc_0625_gemini-3.7-flash
1,0.8991228342056274,565,ai_chinh_tri_0690_gemini-3.7-flash
0,0.919028341770172,708,3a5b293f91765256
0,0.9426751732826232,768,bc415460b4cc9ae2
0,1.0808823108673096,316,afcfb15249570b7e
0,0.9847328066825868,512,82d5f6b559739099
0,1.0,768,b67138a88c057800
1,0.8219696879386902,555,ai_van_hoa_0727_gemini-3.7-flash
0,0.9856114983558656,711,12c34bf30809a018
0,0.9849624037742616,512,dee96f06d616f8ae
1,0.8804348111152649,684,ai_chinh_tri_0512_GPT-5.6 Luna
0,0.9404761791229248,768,46b43683c074a7b5
0,0.9788732528686525,762,da7526a8f480196e
0,0.9609375,512,5cce089086e06fd9
1,0.852173924446106,595,ai_the_thao_0777_gemini-3.7-flash
1,0.8333333134651184,530,ai_kinh_te_0515_gemini-3.7-flash
1,0.8771186470985413,574,ai_van_hoa_0061_gemini-3.7-flash
1,0.8527397513389587,685,ai_the_thao_0268_GPT-5.6 Luna
0,0.8973214030265808,609,bcd644038bd4b409
0,1.0617283582687378,543,fbac999b781f281d
1,0.9188033938407898,550,ai_van_hoa_0066_gemini-3.7-flash
1,0.912350594997406,515,ai_kinh_te_0208_gemini-3.7-flash
0,1.1039999723434448,537,ae10546d53e48e17
1,0.8333333134651184,530,ai_kinh_te_0459_gemini-3.7-flash
1,0.8733624219894409,545,ai_chinh_tri_0764_gemini-3.7-flash
0,1.0,654,ad84861026bf1e65
1,0.8590308427810669,595,ai_the_thao_0057_gemini-3.7-flash
1,0.8799999952316284,554,ai_the_thao_0579_gemini-3.7-flash
1,0.8888888955116272,643,ai_kinh_te_0553_gemini-3.7-flash
1,0.8695651888847351,685,ai_chinh_tri_0250_GPT-5.6 Luna
0,0.97265625,575,6c6bd3e50942a162
1,0.8888888955116272,518,ai_chinh_tri_0259_gemini-3.7-flash
0,0.932330846786499,768,56a111d45da433f6
1,0.8333333134651184,685,ai_van_hoa_0249_GPT-5.6 Luna
0,0.9337349534034728,512,e74117f4bf48a3c1
0,0.8992805480957031,534,49bd12e68932aeb0
0,1.030567646026611,768,9c4104c526171d44
1,0.8690476417541504,568,ai_kinh_te_0106_gemini-3.7-flash
1,0.9531915187835692,531,ai_xa_hoi_0542_gemini-3.7-flash
0,0.9561753273010254,512,d900e033012fc0d3
0,1.0546448230743408,653,6e3846de5323cf2b
0,1.0560344457626345,670,f524eb4e8cade450
1,0.8690476417541504,568,ai_kinh_te_0090_gemini-3.7-flash
0,0.9447004795074464,663,5f85cc8b1aedd076
0,1.037037014961243,534,5eada4d5afe6b6b1
0,0.9652777910232544,683,fc5f889fc2b6734c
0,0.9937106966972352,768,8e469e06047b94f9
0,0.8677685856819153,512,3487c9b0f1897d3c
0,0.9645389914512634,484,9490b2f14deaa24d
0,0.9456067085266112,526,667b656b9996366f
1,0.8714285492897034,685,ai_van_hoa_0535_GPT-5.6 Luna
0,1.0240384340286257,512,5e265bcf2d841a35
1,0.8541666865348816,686,ai_the_thao_0794_GPT-5.6 Luna
1,0.8821428418159485,685,ai_the_thao_0572_GPT-5.6 Luna
1,0.9279661178588868,569,ai_xa_hoi_0221_gemini-3.7-flash
0,1.029411792755127,619,7da81e40e41d78dd
0,0.8960000276565552,512,9e695106dc7561a8
1,0.8546099066734314,685,ai_the_thao_0450_GPT-5.6 Luna
0,0.9919999837875366,532,8432a42d5110e0f6
0,0.9871794581413268,548,4850dc33127f0d74
0,1.0495867729187012,568,8cf4c2518f457dd7
0,1.074626922607422,538,0d4d3a596a5b55ca
1,0.8999999761581421,684,ai_giao_duc_0602_GPT-5.6 Luna
0,1.0158730745315552,768,11346d3385fabbb8
1,0.8410041928291321,531,ai_the_thao_0430_gemini-3.7-flash
1,0.8515625,567,ai_kinh_te_0214_gemini-3.7-flash
0,1.006993055343628,512,922d037abd5a3ff6
0,1.0,768,30304d54bfda384a
1,0.8678571581840515,684,ai_the_thao_0587_GPT-5.6 Luna
1,0.8510638475418091,684,ai_van_hoa_0321_GPT-5.6 Luna
1,0.8286713361740112,684,ai_the_thao_0024_GPT-5.6 Luna
0,1.047337293624878,702,e610fb5a3ddab54e
1,0.8859649300575256,518,ai_giao_duc_0002_gemini-3.7-flash
0,0.991416335105896,768,4f355db626778a88
0,1.037037014961243,619,ea05a3cd5ab7a8f7
0,0.9120000004768372,542,3a2925bd0bc58467
1,0.8661971688270569,685,ai_kinh_te_0110_GPT-5.6 Luna
0,1.100000023841858,509,394d782849c94fa2
0,1.0065789222717283,512,5ee0a556681759e6
1,0.8617021441459656,684,ai_the_thao_0379_GPT-5.6 Luna
1,0.9242424368858336,596,ai_chinh_tri_0097_gemini-3.7-flash
0,0.932835817337036,670,71817edf88a09045
0,0.9918032884597778,512,3376454c609a4861
0,0.9622641801834106,512,c04a8c7b3629b148
0,0.9458333253860474,504,c7d2dab48fd51f44
1,0.9279661178588868,569,ai_xa_hoi_0725_gemini-3.7-flash
1,0.85447758436203,530,ai_kinh_te_0527_gemini-3.7-flash
0,1.0140844583511353,512,31e18ef6af881c35
0,1.012195110321045,512,c1c6076c1f954c6e
1,0.8731883764266968,687,ai_kinh_te_0656_GPT-5.6 Luna
1,0.8367347121238708,684,ai_the_thao_0551_GPT-5.6 Luna
1,0.8546099066734314,684,ai_van_hoa_0226_GPT-5.6 Luna
0,0.9691630005836488,768,0b7ac677fd57508c
1,0.8404255509376526,684,ai_van_hoa_0509_GPT-5.6 Luna
0,0.860927164554596,585,e49b01ef3280d16a
0,1.0503144264221191,768,64048dd686c72c19
1,0.8689655065536499,686,ai_the_thao_0449_GPT-5.6 Luna
1,0.8785714507102966,685,ai_the_thao_0378_GPT-5.6 Luna
1,0.829365074634552,523,ai_the_thao_0048_gemini-3.7-flash
1,0.829365074634552,523,ai_the_thao_0344_gemini-3.7-flash
1,0.8785714507102966,685,ai_kinh_te_0777_GPT-5.6 Luna
0,1.0681818723678589,512,c9e5a85abc138d06
1,0.8678571581840515,687,ai_van_hoa_0740_GPT-5.6 Luna
1,0.9254385828971864,551,ai_van_hoa_0774_gemini-3.7-flash
0,0.9610389471054076,768,9aba985f70a59b23
0,0.9696969985961914,768,9f5486abe7ef94af
0,1.0,558,ff480ad9a46b3fa0
1,0.8531468510627747,685,ai_the_thao_0651_GPT-5.6 Luna
0,0.97972971200943,683,5c614df39242205e
1,0.8991228342056274,565,ai_chinh_tri_0314_gemini-3.7-flash
0,1.0,512,e4cd656c7a01c944
0,0.9801587462425232,768,d7806fd9e0bdce3e
0,0.9312977194786072,512,d7321b1a2b239cee
0,0.984375,564,42dc15ebf20c7437
1,0.8860294222831726,684,ai_chinh_tri_0757_GPT-5.6 Luna
1,0.8949275612831116,685,ai_kinh_te_0627_GPT-5.6 Luna
1,0.895652174949646,545,ai_chinh_tri_0016_gemini-3.7-flash
0,1.0881056785583496,512,35e38f6116f90754
0,0.9434782862663268,512,29b654f092efaa0c
1,0.8439716100692749,684,ai_van_hoa_0613_GPT-5.6 Luna
1,0.8360000252723694,557,ai_van_hoa_0155_gemini-3.7-flash
0,1.05633807182312,768,effa76b1bfe5ca2d
0,1.0,512,d1db2c4e3f342833
0,0.94893616437912,768,a81d1a5a1420b26e
1,0.9404255151748656,533,ai_xa_hoi_0594_gemini-3.7-flash
0,0.9795082211494446,768,f53a1ef820598ed7
0,0.9060402512550354,732,fb636e9cf1aebdb1
0,1.014814853668213,604,896e79f05d9bed42
0,0.9823529124259948,594,cbd9767449bbfd50
0,1.004255294799805,679,0fc55a5c0d142f8b
1,0.9227467775344848,570,ai_xa_hoi_0345_gemini-3.7-flash
1,0.8784722089767456,686,ai_the_thao_0745_GPT-5.6 Luna
1,0.828000009059906,529,ai_the_thao_0010_gemini-3.7-flash
0,0.9950248599052428,512,8e87f7a0e4ac0fc3
1,0.8514492511749268,684,ai_van_hoa_0707_GPT-5.6 Luna
0,0.95652174949646,569,32c0d4eca0f968f2
1,0.829365074634552,523,ai_the_thao_0024_gemini-3.7-flash
0,1.025477647781372,768,b7342060a48347d4
0,1.0299999713897705,512,55c48b28da00b609
0,1.0594594478607178,512,0380a900fad9544f
0,0.949999988079071,656,12d499900445b67f
1,0.8617021441459656,684,ai_xa_hoi_0313_GPT-5.6 Luna
0,1.0579710006713867,659,111f0dc398df3d86
1,0.8991228342056274,565,ai_chinh_tri_0762_gemini-3.7-flash
0,1.0187499523162842,644,ab777f7ebe7a38e9
0,1.086734652519226,512,95c208075030f91c
1,0.8859649300575256,518,ai_giao_duc_0634_gemini-3.7-flash
1,0.8755555748939514,513,ai_chinh_tri_0687_gemini-3.7-flash
0,1.079470157623291,768,4e9a1ae926e1c013
0,0.9067164063453674,512,104cf9336b7aaf5d
1,0.8286713361740112,684,ai_the_thao_0744_GPT-5.6 Luna
1,0.8652482032775879,686,ai_xa_hoi_0573_GPT-5.6 Luna
0,0.935742974281311,704,d280da8be8df6486
0,1.0064516067504885,670,1b3ca27d202706aa
0,0.946859896183014,768,4572bc123c4f5ef4
1,0.8731883764266968,686,ai_chinh_tri_0824_GPT-5.6 Luna
0,1.036734700202942,681,ae0dccde1f4ea5d2
0,1.0362318754196167,768,e3e0e5f6198f700c
0,0.953125,768,8db2bcd10c0b225e
1,0.8804348111152649,684,ai_chinh_tri_0392_GPT-5.6 Luna
0,1.1637930870056152,509,8765678b6f81b284
0,1.095022678375244,512,d6d1d8ab4ee68534
1,0.8586956262588501,686,ai_kinh_te_0085_GPT-5.6 Luna
1,0.8733624219894409,545,ai_chinh_tri_0716_gemini-3.7-flash
1,0.9166666865348816,514,ai_kinh_te_0572_gemini-3.7-flash
1,0.9910714030265808,550,ai_van_hoa_0602_gemini-3.7-flash
0,0.9375,512,d9d053a3f92742f9
1,0.8888888955116272,684,ai_giao_duc_0273_GPT-5.6 Luna
0,0.9806201457977296,659,17e3457a29cafd0e
0,0.956204354763031,512,1814068e044424f1
0,0.945945918560028,674,d59c7b08863f0e5b
1,0.8829787373542786,686,ai_kinh_te_0446_GPT-5.6 Luna
1,0.9383260011672974,551,ai_van_hoa_0174_gemini-3.7-flash
1,0.8859649300575256,518,ai_giao_duc_0378_gemini-3.7-flash
0,0.8920000195503235,512,da30bfe703dbe59e
1,0.8500000238418579,684,ai_chinh_tri_0342_GPT-5.6 Luna
1,0.9004328846931458,566,ai_chinh_tri_0398_gemini-3.7-flash
1,0.8219696879386902,555,ai_van_hoa_0303_gemini-3.7-flash
1,0.866906464099884,685,ai_giao_duc_0716_GPT-5.6 Luna
0,0.9931507110595704,626,679ecbf9edb505cf
1,0.85447758436203,530,ai_kinh_te_0295_gemini-3.7-flash
0,0.9485294222831726,515,8ee890234008794f
1,0.828000009059906,529,ai_the_thao_0666_gemini-3.7-flash
1,0.8652482032775879,685,ai_giao_duc_0600_GPT-5.6 Luna
1,0.8590308427810669,595,ai_the_thao_0409_gemini-3.7-flash
0,0.8454545736312866,548,9a4945478684ba80
1,0.9230769276618958,494,ai_xa_hoi_0220_gemini-3.7-flash
0,0.9856114983558656,768,f3376c5ba429b834
0,1.028777003288269,512,e5f0c84f5e88d109
0,1.0,677,98e9c7b9623ffe60
0,1.1029411554336548,512,7e21d1d86b3de4eb
1,0.9279661178588868,569,ai_xa_hoi_0309_gemini-3.7-flash
1,0.8661971688270569,686,ai_the_thao_0684_GPT-5.6 Luna
0,1.0780141353607178,768,4bff39a33a4387c6
0,1.0222222805023191,707,228a11f495e439f0
1,0.8888888955116272,518,ai_chinh_tri_0803_gemini-3.7-flash
1,0.8410041928291321,531,ai_the_thao_0406_gemini-3.7-flash
0,1.1392405033111572,508,e01dd1e1e1f55a3a
1,0.8333333134651184,530,ai_kinh_te_0363_gemini-3.7-flash
1,0.8623188138008118,684,ai_chinh_tri_0257_GPT-5.6 Luna
0,0.9269230961799622,768,a18a84a35a55b99e
0,0.969298243522644,512,4f6aab832fdb83c0
1,0.9242424368858336,596,ai_chinh_tri_0473_gemini-3.7-flash
1,0.8633093237876892,684,ai_chinh_tri_0647_GPT-5.6 Luna
1,0.8219696879386902,555,ai_van_hoa_0479_gemini-3.7-flash
1,0.8905109763145447,684,ai_van_hoa_0350_GPT-5.6 Luna
0,1.045454502105713,512,1e3c1a5910a117c1
1,0.9383260011672974,551,ai_van_hoa_0758_gemini-3.7-flash
0,0.986363649368286,768,6b2dadf6f03dd0a2
1,0.8991228342056274,565,ai_chinh_tri_0730_gemini-3.7-flash
0,0.939393937587738,512,2c34dcc7bcde5cce
0,0.9696969985961914,610,746cb9a46292b578
1,0.8821428418159485,686,ai_giao_duc_0350_GPT-5.6 Luna
1,0.8713235259056091,684,ai_kinh_te_0234_GPT-5.6 Luna
0,1.0275862216949463,703,fe1be805b6a7a119
1,0.8496503233909607,686,ai_the_thao_0654_GPT-5.6 Luna
1,0.9227467775344848,570,ai_xa_hoi_0521_gemini-3.7-flash
1,0.8823529481887817,684,ai_giao_duc_0737_GPT-5.6 Luna
1,0.8426573276519775,684,ai_xa_hoi_0728_GPT-5.6 Luna
1,0.8723404407501221,685,ai_the_thao_0772_GPT-5.6 Luna
0,0.9203187227249146,607,6c143c1a9feea337
1,0.8731883764266968,687,ai_kinh_te_0296_GPT-5.6 Luna
1,0.829365074634552,523,ai_the_thao_0640_gemini-3.7-flash
0,0.9395349025726318,627,58be19878761f726
1,0.852173924446106,595,ai_the_thao_0801_gemini-3.7-flash
1,0.8813559412956238,574,ai_van_hoa_0141_gemini-3.7-flash
1,0.8741007447242737,686,ai_chinh_tri_0624_GPT-5.6 Luna
0,0.8320895433425903,768,19ab608cdeb9f65e
0,0.9568345546722412,558,fbc0e8feefaaa200
1,0.8925926089286804,684,ai_giao_duc_0586_GPT-5.6 Luna
0,0.985401451587677,670,71801eafb1448497
1,0.8617021441459656,685,ai_kinh_te_0017_GPT-5.6 Luna
0,1.063380241394043,712,174c4ac8b90f0744
0,0.962406039237976,768,478de30b5ada97df
0,1.0947867631912231,501,44454d6f8ae51358
0,0.9779411554336548,547,ab942c993eaf8f98
0,0.9923664331436156,768,e221e6ac05692933
0,1.0689655542373655,656,192e98536f49be26
0,0.9656862616539,512,7608f1c6c9baf568
1,0.8888888955116272,518,ai_chinh_tri_0267_gemini-3.7-flash
1,0.8423236608505249,517,ai_giao_duc_0510_gemini-3.7-flash
0,1.0088105201721191,602,b298e3125485d95c
1,0.8253968358039856,557,ai_van_hoa_0059_gemini-3.7-flash
1,0.835616409778595,684,ai_chinh_tri_0620_GPT-5.6 Luna
1,0.8776978254318237,685,ai_xa_hoi_0406_GPT-5.6 Luna
0,0.9735682606697084,512,88dad3e56370e953
1,0.8510638475418091,686,ai_xa_hoi_0157_GPT-5.6 Luna
0,0.9634146094322203,512,e404b004e72f1772
0,1.0078125,698,972451a6bce2089a
0,0.9714285731315612,748,ed797081a20b0563
0,0.9122137427330016,512,bcb9d4c152cdf52c
1,0.85447758436203,530,ai_kinh_te_0727_gemini-3.7-flash
1,0.8623188138008118,686,ai_chinh_tri_0547_GPT-5.6 Luna
1,0.8741007447242737,686,ai_xa_hoi_0745_GPT-5.6 Luna
0,1.0141843557357788,768,067e8121221bb994
0,0.912350594997406,768,b421be2ec2a14a99
0,1.0223881006240845,606,d16972e8ae2b5903
0,0.9149797558784484,512,3a196a69043c0be2
0,1.0140844583511353,525,194adf5963bae426
0,0.9122137427330016,544,a8737829b6eb182b
0,1.0571428537368774,768,e824320d5be5650a
1,0.8392857313156128,684,ai_chinh_tri_0607_GPT-5.6 Luna
0,0.9538461565971376,606,36b76473ccbf07cc
1,0.8782608509063721,547,ai_van_hoa_0556_gemini-3.7-flash
1,0.829365074634552,523,ai_the_thao_0232_gemini-3.7-flash
1,0.8401360511779785,684,ai_the_thao_0743_GPT-5.6 Luna
1,0.8661971688270569,685,ai_kinh_te_0430_GPT-5.6 Luna
0,0.97183096408844,768,0f40a5968bfa554e
0,1.1283783912658691,512,d13c9927fa160c89
0,0.9624413251876832,768,9676f3abe89659f6
0,0.8720930218696594,768,c5cf5ba3875a86c2
0,1.0410958528518677,512,ff8f81f62cf64e9c
1,0.8991228342056274,565,ai_chinh_tri_0202_gemini-3.7-flash
1,0.8607142567634583,685,ai_xa_hoi_0702_GPT-5.6 Luna
1,0.85447758436203,530,ai_kinh_te_0807_gemini-3.7-flash
1,0.8666666746139526,530,ai_giao_duc_0640_gemini-3.7-flash
0,0.9956331849098206,512,610571c977fd57ba
0,1.0672268867492676,573,2cdf32218dd5b374
0,0.9087591171264648,693,11255efde8a6eecf
0,0.9873417615890504,697,3c2cca4c5fae8431
0,0.959999978542328,689,75a7f708a305cb7d
1,0.8633093237876892,685,ai_the_thao_0822_GPT-5.6 Luna
0,0.9717742204666138,768,18ea94a61be9e48b
1,0.867521345615387,600,ai_giao_duc_0329_gemini-3.7-flash
1,0.9279661178588868,569,ai_xa_hoi_0133_gemini-3.7-flash
0,0.9672130942344666,669,fa60b2ccd6288197
1,0.8767605423927307,686,ai_xa_hoi_0332_GPT-5.6 Luna
0,0.9770992398262024,768,c6581cc07aa9adba
1,0.8690476417541504,568,ai_kinh_te_0146_gemini-3.7-flash
1,0.8755555748939514,513,ai_chinh_tri_0367_gemini-3.7-flash
1,0.8782608509063721,547,ai_van_hoa_0332_gemini-3.7-flash
0,1.021276593208313,623,00609d94603a5952
1,0.895652174949646,545,ai_chinh_tri_0384_gemini-3.7-flash
0,1.0,700,33131af357c342a9
0,0.9924812316894532,661,fd16f8b08c8a2027
1,0.828000009059906,529,ai_the_thao_0098_gemini-3.7-flash
0,0.9841269850730896,768,5d5a5f2583efc6e6
1,0.8514492511749268,684,ai_chinh_tri_0402_GPT-5.6 Luna
1,0.8738738894462585,530,ai_giao_duc_0196_gemini-3.7-flash
0,0.94017094373703,654,bcf2804875c93d21
0,1.009615421295166,596,1ad48ed95fdf4dfb
1,0.912350594997406,515,ai_kinh_te_0272_gemini-3.7-flash
0,0.9263566136360168,512,ee342d42ac3d9575
1,0.8355704545974731,684,ai_the_thao_0103_GPT-5.6 Luna
0,0.9446808695793152,690,fa50653dc5323621
0,0.9860140085220336,566,b8890fbaf23b03a6
0,1.0208333730697632,768,1aa56da05001b026
1,0.8633093237876892,684,ai_the_thao_0672_GPT-5.6 Luna
0,1.0310077667236328,512,7d6b19004101b91b
1,0.8410041928291321,531,ai_the_thao_0478_gemini-3.7-flash
0,0.9523809552192688,688,d1be138db8ceefa9
0,0.9900497794151306,514,01234adf65de4bfc
1,0.8821428418159485,686,ai_giao_duc_0830_GPT-5.6 Luna
1,0.925110161304474,599,ai_giao_duc_0181_gemini-3.7-flash
1,0.8690476417541504,568,ai_kinh_te_0546_gemini-3.7-flash
1,0.8680555820465088,686,ai_the_thao_0169_GPT-5.6 Luna
0,1.0378378629684448,665,3d0e6d6ee5b66a69
0,0.9959999918937684,691,c85088de978ee237
1,0.8840579986572266,686,ai_giao_duc_0157_GPT-5.6 Luna
0,1.0192307233810425,650,c4cce7d8efe2c296
0,0.949999988079071,512,1c05f4559da9591a
1,0.8450704216957092,684,ai_xa_hoi_0064_GPT-5.6 Luna
0,0.9583333134651184,768,24c9fa5980a5e07e
0,1.1004366874694824,512,e6ff8b9c1794f0b5
0,0.9537572264671326,503,fcbc645e093cb42b
1,0.8500000238418579,684,ai_van_hoa_0807_GPT-5.6 Luna
1,0.8617021441459656,686,ai_xa_hoi_0730_GPT-5.6 Luna
0,0.9580419659614564,768,1ecf401423f06b00
1,0.9230769276618958,494,ai_xa_hoi_0484_gemini-3.7-flash
0,1.0062111616134644,768,7d9705fdfeb1fa6c
0,1.047619104385376,512,4cc81ce01e587cc4
1,0.9194915294647216,497,ai_xa_hoi_0168_gemini-3.7-flash
1,0.8723404407501221,685,ai_giao_duc_0208_GPT-5.6 Luna
1,0.85447758436203,530,ai_kinh_te_0615_gemini-3.7-flash
0,0.918367326259613,528,45689ed882b5dba6
1,0.8738738894462585,530,ai_giao_duc_0332_gemini-3.7-flash
1,0.9234449863433838,551,ai_xa_hoi_0795_gemini-3.7-flash
1,0.8392857313156128,684,ai_chinh_tri_0070_GPT-5.6 Luna
1,0.8360000252723694,557,ai_van_hoa_0667_gemini-3.7-flash
1,0.8531468510627747,686,ai_the_thao_0685_GPT-5.6 Luna
0,0.955823302268982,585,ff8e15adf5023035
0,1.0490797758102417,637,d74056f4c00bd68b
0,0.9416058659553528,512,52c5a07f51d1c70d
0,0.9527027010917664,768,3d5eae4ab849e91c
1,0.8341013789176941,561,ai_giao_duc_0067_gemini-3.7-flash
1,0.8401360511779785,684,ai_the_thao_0487_GPT-5.6 Luna
1,0.867521345615387,600,ai_giao_duc_0265_gemini-3.7-flash
0,0.9457364082336426,768,db4d2c92cf8d4130
0,0.930656909942627,694,c9797f08b21146c9
0,0.995121955871582,768,865b4c40261c5bb3
1,0.8617021441459656,684,ai_the_thao_0259_GPT-5.6 Luna
1,0.867521345615387,600,ai_giao_duc_0641_gemini-3.7-flash
0,1.0135135650634766,620,aac153cfe370dc16
0,0.9716312289237976,527,cf3de777a8765839
0,0.991525411605835,615,2ec38dce06c1b681
0,1.056249976158142,680,c3a54720387eaa1b
1,0.8633093237876892,686,ai_kinh_te_0320_GPT-5.6 Luna
1,0.8541666865348816,684,ai_chinh_tri_0452_GPT-5.6 Luna
1,0.8888888955116272,518,ai_chinh_tri_0755_gemini-3.7-flash
1,0.8733624219894409,545,ai_chinh_tri_0084_gemini-3.7-flash
0,0.8867924809455872,541,3189b93e116cadc1
0,0.9329268336296082,625,49a2a42d82916f0b
0,0.8556700944900513,681,2fa1a534b5708ccc
1,0.8333333134651184,530,ai_kinh_te_0339_gemini-3.7-flash
0,0.9775784611701964,579,567d83991c0cb4f6
1,0.8782608509063721,547,ai_van_hoa_0508_gemini-3.7-flash
1,0.8473895788192749,521,ai_the_thao_0308_gemini-3.7-flash
0,1.023121356964111,512,3eeb536f9d22139b
1,0.9227467775344848,570,ai_xa_hoi_0505_gemini-3.7-flash
1,0.8731883764266968,684,ai_chinh_tri_0293_GPT-5.6 Luna
1,0.8410041928291321,531,ai_the_thao_0758_gemini-3.7-flash
0,0.9435483813285828,658,a60869021d1e19b4
0,0.970802903175354,676,1fc6b85e874413d3
1,0.8804348111152649,686,ai_giao_duc_0484_GPT-5.6 Luna
1,0.8591549396514893,685,ai_the_thao_0030_GPT-5.6 Luna
0,1.0306748151779177,746,e14f1bb8a3fc0e35
0,1.0137931108474731,739,27cb4b30acb66247
0,0.949999988079071,568,dbc4f0e72d67898d
0,0.977011501789093,610,ed5fcf5a7c37a838
0,0.97183096408844,669,2b391a859790d0f0
1,0.8758864998817444,686,ai_the_thao_0797_GPT-5.6 Luna
1,0.8735178112983704,644,ai_kinh_te_0061_gemini-3.7-flash
1,0.8219696879386902,555,ai_van_hoa_0407_gemini-3.7-flash
1,0.8617021441459656,685,ai_kinh_te_0137_GPT-5.6 Luna
1,0.8952381014823914,595,ai_chinh_tri_0677_gemini-3.7-flash
0,0.93478262424469,607,f948b9cb02e2a842
1,0.9004328846931458,566,ai_chinh_tri_0454_gemini-3.7-flash
1,0.8360000252723694,557,ai_van_hoa_0691_gemini-3.7-flash
1,0.8556337952613831,686,ai_xa_hoi_0117_GPT-5.6 Luna
1,0.8690476417541504,568,ai_kinh_te_0154_gemini-3.7-flash
0,0.9927007555961608,512,6de3c1b951ed979d
1,0.8690476417541504,568,ai_kinh_te_0482_gemini-3.7-flash
1,0.84375,686,ai_van_hoa_0289_GPT-5.6 Luna
0,0.926724135875702,512,9c97dfede2c54c35
0,0.963235318660736,229,1a68a009191b123d
0,1.0141509771347046,547,707398e8d064f1b3
1,0.895652174949646,545,ai_chinh_tri_0096_gemini-3.7-flash
0,0.938095211982727,666,67de2cc952777050
0,1.0044642686843872,598,b97296dbe01c061c
1,0.8680555820465088,686,ai_the_thao_0609_GPT-5.6 Luna
1,0.9067164063453674,685,ai_xa_hoi_0215_GPT-5.6 Luna
1,0.8666666746139526,530,ai_giao_duc_0688_gemini-3.7-flash
1,0.9230769276618958,494,ai_xa_hoi_0212_gemini-3.7-flash
0,0.9767441749572754,553,79422ee793d3a779
0,0.9794520735740662,612,fb52b4eebd7e8803
1,0.8804348111152649,684,ai_chinh_tri_0152_GPT-5.6 Luna
0,1.0750000476837158,668,978fd33ee9b9c7a4
0,0.928205132484436,684,85d22acf36c2ea4c
0,1.0397727489471436,768,435a4389d3e0402a
1,0.8531468510627747,687,ai_van_hoa_0108_GPT-5.6 Luna
1,0.9194915294647216,497,ai_xa_hoi_0568_gemini-3.7-flash
1,0.8590308427810669,595,ai_the_thao_0297_gemini-3.7-flash
1,0.9227467775344848,570,ai_xa_hoi_0529_gemini-3.7-flash
1,0.9531915187835692,531,ai_xa_hoi_0470_gemini-3.7-flash
0,1.0133333206176758,512,b750de0b54fd6025
1,0.8873239159584045,686,ai_the_thao_0313_GPT-5.6 Luna
0,0.9713114500045776,602,d8741c22477319b7
0,0.9779411554336548,512,eed40a02918437fc
1,0.8859649300575256,518,ai_giao_duc_0098_gemini-3.7-flash
0,0.9187816977500916,567,e8e32391d09c2e01
0,0.7355072498321533,638,cfa6f214afaed4ba
1,0.8767605423927307,686,ai_xa_hoi_0492_GPT-5.6 Luna
0,0.9634146094322203,512,119215ab06905613
0,1.046413540840149,659,07725da9277f7588
1,0.8623188138008118,686,ai_xa_hoi_0541_GPT-5.6 Luna
0,1.0470085144042969,660,c4c67feb7d386453
1,0.8884119987487793,574,ai_van_hoa_0789_gemini-3.7-flash
0,0.9477611780166626,523,8ae7a2410fe1e696
1,0.8860294222831726,684,ai_chinh_tri_0517_GPT-5.6 Luna
1,0.9154411554336548,685,ai_kinh_te_0476_GPT-5.6 Luna
0,0.9583333134651184,768,1f5bbcce8fc4b687
1,0.8141891956329346,684,ai_the_thao_0663_GPT-5.6 Luna
0,0.9925373196601868,512,dcbc28bdaf62a217
1,0.8576388955116272,685,ai_the_thao_0300_GPT-5.6 Luna
0,0.9507575631141664,678,914aad5e4aabdafd
0,0.9852941036224364,649,a00ad2317a45a88b
1,0.8219696879386902,555,ai_van_hoa_0471_gemini-3.7-flash
1,0.8527397513389587,684,ai_the_thao_0095_GPT-5.6 Luna
1,0.886956512928009,596,ai_the_thao_0701_gemini-3.7-flash
1,0.9230769276618958,494,ai_xa_hoi_0100_gemini-3.7-flash
0,1.005917191505432,536,bbdfffc49665a8c8
1,0.9404255151748656,533,ai_xa_hoi_0074_gemini-3.7-flash
1,0.9014084339141846,550,ai_xa_hoi_0687_gemini-3.7-flash
1,0.8859649300575256,518,ai_giao_duc_0666_gemini-3.7-flash
0,1.0045454502105713,768,2cede62736a4d95b
1,0.895652174949646,545,ai_chinh_tri_0440_gemini-3.7-flash
0,1.0,655,5685fe44247f0e8f
0,0.951724112033844,512,9ccb320a7a567a0e
0,1.069869041442871,768,277472c62037d3a4
0,0.9734513163566588,677,7d0acbf6ca9ee0b7
1,0.8821428418159485,686,ai_chinh_tri_0416_GPT-5.6 Luna
0,0.9770992398262024,768,b2709716ff776856
1,0.9383260011672974,551,ai_van_hoa_0446_gemini-3.7-flash
0,1.0591132640838623,512,aa336e70dfd369d4
1,0.8735178112983704,644,ai_kinh_te_0805_gemini-3.7-flash
0,0.9772727489471436,685,b0b69a77ffdbdc29
0,0.9579831957817078,668,442e3ab016a08e35
0,1.024539828300476,512,2e115a8e7c8b8c77
1,0.867521345615387,600,ai_giao_duc_0401_gemini-3.7-flash
0,0.9038461446762084,768,ed19db2e5fc34aac
0,1.0817307233810425,655,d495de828a66c3ec
1,0.8738738894462585,530,ai_giao_duc_0676_gemini-3.7-flash
0,0.9810126423835754,512,525dec19ce238e93
1,0.8758864998817444,685,ai_the_thao_0372_GPT-5.6 Luna
0,1.0178571939468384,600,b0f60d9358294583
0,0.9720279574394226,512,ff72d327e86e77d4
1,0.8527397513389587,686,ai_the_thao_0773_GPT-5.6 Luna
1,0.829365074634552,523,ai_the_thao_0120_gemini-3.7-flash
1,0.8733624219894409,545,ai_chinh_tri_0532_gemini-3.7-flash
0,1.0340136289596558,635,c319ede83750a75b
1,0.8738738894462585,530,ai_giao_duc_0260_gemini-3.7-flash
1,0.8464285731315613,684,ai_van_hoa_0317_GPT-5.6 Luna
0,0.930232584476471,768,8298f6156c49f59e
0,0.9668874144554138,557,c7fc73d74aafb4e0
1,0.85447758436203,530,ai_kinh_te_0823_gemini-3.7-flash
0,0.9341563582420348,768,98b913cdffb34a21
1,0.8401360511779785,684,ai_the_thao_0023_GPT-5.6 Luna
0,1.0328638553619385,552,9120890b30303a4b
0,1.053691267967224,571,6fbaead3c87851e1
0,1.0361446142196655,702,095e2be6922efb3e
1,0.8639705777168274,684,ai_giao_duc_0337_GPT-5.6 Luna
0,0.9523809552192688,658,8a94dceb2e745aab
0,1.106382966041565,611,06f43c73fdaad3a0
0,0.9072847962379456,768,3aea687d1decb0f9
1,0.9234449863433838,551,ai_xa_hoi_0555_gemini-3.7-flash
1,0.8731883764266968,684,ai_chinh_tri_0551_GPT-5.6 Luna
1,0.8623188138008118,684,ai_chinh_tri_0055_GPT-5.6 Luna
1,0.9177489280700684,570,ai_xa_hoi_0801_gemini-3.7-flash
1,0.8892857432365417,685,ai_the_thao_0186_GPT-5.6 Luna
0,0.9559999704360962,729,eb9cf766c2682d02
0,1.0042372941970823,657,0b3d3384bf4e6254
0,1.0,639,4fbcd0502fe41e47
0,1.03125,512,db439fae95154750
0,1.0049505233764648,512,32729b15f55429aa
0,0.8117647171020508,768,d6910b87b7e5873f
0,1.057692289352417,528,e7d421c3da7c6698
0,0.9495798349380492,561,c7a648b24c18e8a2
1,0.8777777552604675,684,ai_xa_hoi_0143_GPT-5.6 Luna
0,0.9925925731658936,640,763ee96f6d6581c5
0,0.9790576100349426,512,ad5e6dae3cf45355
0,1.0526316165924072,512,8764000df4aca128
1,0.8584070801734924,544,ai_van_hoa_0648_gemini-3.7-flash
1,0.8738738894462585,530,ai_giao_duc_0708_gemini-3.7-flash
0,0.9496402740478516,634,7f15bcd84724756a
0,0.8275862336158752,656,ee85de7f9a61190e
1,0.8661971688270569,686,ai_xa_hoi_0538_GPT-5.6 Luna
0,0.97265625,581,3291ee5050d4e585
1,0.8723404407501221,685,ai_kinh_te_0798_GPT-5.6 Luna
0,0.9411764740943908,680,107f271992a8404a
1,0.8617021441459656,685,ai_kinh_te_0233_GPT-5.6 Luna
1,0.8840579986572266,686,ai_van_hoa_0812_GPT-5.6 Luna
0,0.929729700088501,707,8672935f814bf126
1,0.8723404407501221,685,ai_kinh_te_0491_GPT-5.6 Luna
1,0.8888888955116272,643,ai_kinh_te_0769_gemini-3.7-flash
0,1.088050365447998,768,c4a30edbe819421a
1,0.8586207032203674,685,ai_chinh_tri_0644_GPT-5.6 Luna
0,0.9857142567634584,512,be1b7e0389504c7a
1,0.9404255151748656,533,ai_xa_hoi_0218_gemini-3.7-flash
1,0.8952381014823914,595,ai_chinh_tri_0413_gemini-3.7-flash
1,0.9383260011672974,551,ai_van_hoa_0118_gemini-3.7-flash
1,0.895652174949646,545,ai_chinh_tri_0816_gemini-3.7-flash
1,0.8741007447242737,686,ai_giao_duc_0015_GPT-5.6 Luna
1,0.8952381014823914,595,ai_chinh_tri_0093_gemini-3.7-flash
1,0.8933823704719543,684,ai_giao_duc_0818_GPT-5.6 Luna
1,0.8829787373542786,686,ai_giao_duc_0750_GPT-5.6 Luna
1,0.8423236608505249,517,ai_giao_duc_0078_gemini-3.7-flash
0,0.9594594836235046,768,de4e5fce5dc59ed7
0,0.9925373196601868,520,b3be2d474157bf15
1,0.8341013789176941,561,ai_giao_duc_0779_gemini-3.7-flash
0,0.9504504799842834,639,c584bc6a56bec5a5
1,0.8804348111152649,686,ai_kinh_te_0589_GPT-5.6 Luna
0,0.9672130942344666,512,ee77ece85114f489
0,0.9755101799964904,768,38fcfcd89eecef06
1,0.8666666746139526,530,ai_giao_duc_0592_gemini-3.7-flash
1,0.8483412265777588,560,ai_giao_duc_0215_gemini-3.7-flash
0,0.9585492014884948,544,f80a7ceb9e60d057
0,1.04054057598114,512,084def9e6ee265f3
1,0.8868613243103027,684,ai_kinh_te_0300_GPT-5.6 Luna
1,0.8733624219894409,545,ai_chinh_tri_0324_gemini-3.7-flash
0,0.9810126423835754,657,3eb8ec229ea8e5a0
0,0.9551281929016112,649,80a92c99c18611cb
0,0.9149797558784484,512,b2b9bfb3626f1ada
0,1.006802678108215,551,76e94b99332eb56d
1,0.8423236608505249,517,ai_giao_duc_0806_gemini-3.7-flash
0,0.9785714149475098,512,2cc9f705fb9d9dd8
0,0.9577465057373048,512,83998e16ef1e472b
1,0.8630136847496033,685,ai_chinh_tri_0116_GPT-5.6 Luna
1,0.8473895788192749,521,ai_the_thao_0268_gemini-3.7-flash
0,0.9601593613624572,768,608c0ff8fbf44678
1,0.8617021441459656,686,ai_xa_hoi_0570_GPT-5.6 Luna
1,0.8620689511299133,686,ai_the_thao_0244_GPT-5.6 Luna
1,0.8617021441459656,685,ai_xa_hoi_0473_GPT-5.6 Luna
0,1.0232558250427246,512,0162f1ed6b08bc75
1,0.8571428656578064,544,ai_van_hoa_0792_gemini-3.7-flash
0,1.0229008197784424,673,610e733d5d992f1d
1,0.8741007447242737,686,ai_xa_hoi_0470_GPT-5.6 Luna
0,1.156462550163269,606,a89728f54db3127b
1,0.8483412265777588,560,ai_giao_duc_0047_gemini-3.7-flash
1,0.8496503233909607,684,ai_van_hoa_0623_GPT-5.6 Luna
1,0.8829787373542786,686,ai_giao_duc_0358_GPT-5.6 Luna
0,0.9743589758872986,609,92a355ba106161d5
1,0.9227467775344848,570,ai_xa_hoi_0209_gemini-3.7-flash
1,0.8510638475418091,684,ai_van_hoa_0681_GPT-5.6 Luna
1,0.867521345615387,600,ai_giao_duc_0497_gemini-3.7-flash
1,0.8733624219894409,545,ai_chinh_tri_0188_gemini-3.7-flash
1,0.9279661178588868,569,ai_xa_hoi_0573_gemini-3.7-flash
0,0.96484375,680,02536087481e6a2b
1,0.8728070259094238,547,ai_van_hoa_0812_gemini-3.7-flash
1,0.886956512928009,596,ai_the_thao_0085_gemini-3.7-flash
1,0.829365074634552,523,ai_the_thao_0144_gemini-3.7-flash
0,0.9094203114509584,512,ea769f46160eb790
1,0.9004328846931458,566,ai_chinh_tri_0126_gemini-3.7-flash
0,0.9788732528686525,683,999475374cebe50d
0,1.0932642221450806,539,6f2251aa60c5352b
1,0.8590308427810669,595,ai_the_thao_0465_gemini-3.7-flash
1,0.8473895788192749,521,ai_the_thao_0036_gemini-3.7-flash
0,0.9457013607025146,521,ffd489a56b6904a6
1,0.8759124279022217,686,ai_chinh_tri_0529_GPT-5.6 Luna
0,1.1025640964508057,666,b7243a0b37fded36
1,0.8633093237876892,685,ai_the_thao_0462_GPT-5.6 Luna
1,0.85447758436203,530,ai_kinh_te_0127_gemini-3.7-flash
1,0.8722627758979797,683,ai_van_hoa_0126_GPT-5.6 Luna
0,1.0227272510528564,523,34e09481f9d342a1
0,0.9427312612533568,636,378653b8912269ee
1,0.8423236608505249,517,ai_giao_duc_0286_gemini-3.7-flash
1,0.8607142567634583,684,ai_chinh_tri_0480_GPT-5.6 Luna
1,0.9166666865348816,514,ai_kinh_te_0828_gemini-3.7-flash
0,1.0151515007019043,632,84496a50985dafab
0,1.0152671337127686,678,e9069ecd31a7bd5d
0,0.9539170265197754,557,43cd0a33e7feca4d
1,0.8546099066734314,684,ai_xa_hoi_0283_GPT-5.6 Luna
0,0.9676113128662108,661,1e6aa2932432a8a0
0,1.0,768,2e03b0c994dc3d94
1,0.9242424368858336,596,ai_chinh_tri_0777_gemini-3.7-flash
0,1.0214285850524902,568,895b19ebef90e4e8
0,0.9751243591308594,648,1d1e6ed3b3572d6e
1,0.85447758436203,530,ai_kinh_te_0815_gemini-3.7-flash
0,0.9790209531784058,703,1b60e907867a3ad3
0,0.9285714030265808,768,ba4d18a32f1f7be2
0,0.964028775691986,592,01d3a9baa491251a
0,0.920634925365448,663,ebdaec9e8985fc62
0,0.9931034445762634,615,f15ad68189a1e4c8
0,0.9870689511299132,768,131b6faf3a6337f0
1,0.8868613243103027,684,ai_kinh_te_0780_GPT-5.6 Luna
1,0.8991228342056274,565,ai_chinh_tri_0450_gemini-3.7-flash
1,0.8690476417541504,568,ai_kinh_te_0794_gemini-3.7-flash
0,1.087499976158142,512,9046c55471c14ad8
1,0.8678571581840515,685,ai_chinh_tri_0231_GPT-5.6 Luna
1,0.9014084339141846,550,ai_xa_hoi_0175_gemini-3.7-flash
0,1.016736388206482,768,cf180ab9c28e5b76
0,0.9677419066429138,636,2c7918958f496ade
1,0.829365074634552,523,ai_the_thao_0424_gemini-3.7-flash
1,0.9194915294647216,497,ai_xa_hoi_0392_gemini-3.7-flash
0,0.9701492786407472,768,188a900a1613bedc
0,1.0289855003356934,512,cabcf6281507f611
1,0.9227467775344848,570,ai_xa_hoi_0729_gemini-3.7-flash
1,0.8714285492897034,685,ai_xa_hoi_0363_GPT-5.6 Luna
1,0.8759124279022217,684,ai_van_hoa_0526_GPT-5.6 Luna
0,0.964102566242218,556,8b07fee03097b3b5
0,0.9753086566925048,666,48aece724c649c70
0,1.0612244606018066,512,19997190b7030b50
0,0.917241394519806,670,e28147ef8b825593
0,0.9615384340286256,512,c53ad07fbb80675e
1,0.8483412265777588,560,ai_giao_duc_0447_gemini-3.7-flash
0,1.0,512,242457016a72e596
1,0.9242424368858336,596,ai_chinh_tri_0577_gemini-3.7-flash
1,0.8840579986572266,685,ai_kinh_te_0374_GPT-5.6 Luna
1,0.9004328846931458,566,ai_chinh_tri_0670_gemini-3.7-flash
0,0.8939393758773804,661,9d3920de84a59b51
0,1.0231481790542605,512,b25048a8305b1da4
1,0.8219696879386902,555,ai_van_hoa_0287_gemini-3.7-flash
0,1.0538461208343506,653,1511493487f2eca5
0,1.0,567,00561de5bdf0d3e2
1,0.9166666865348816,514,ai_kinh_te_0420_gemini-3.7-flash
1,0.8528138399124146,575,ai_van_hoa_0089_gemini-3.7-flash
1,0.8617021441459656,685,ai_giao_duc_0280_GPT-5.6 Luna
1,0.8723404407501221,686,ai_kinh_te_0409_GPT-5.6 Luna
1,0.8804348111152649,685,ai_kinh_te_0789_GPT-5.6 Luna
0,1.0124481916427612,489,2f9ae21b2e3c7194
0,0.8578680157661438,557,fe1737eb59769384
1,0.8391608595848083,684,ai_the_thao_0056_GPT-5.6 Luna
1,0.895652174949646,545,ai_chinh_tri_0304_gemini-3.7-flash
0,0.9475982785224916,768,52b5845997999680
1,0.8410041928291321,531,ai_the_thao_0686_gemini-3.7-flash
1,0.8799999952316284,554,ai_the_thao_0355_gemini-3.7-flash
0,1.4239130020141602,623,459611a28c09f7f7
0,1.012145757675171,435,08cdaee2c7417d67
0,0.9848484992980956,664,90ff41e56384feb6
1,0.8219696879386902,555,ai_van_hoa_0415_gemini-3.7-flash
1,0.9004328846931458,566,ai_chinh_tri_0526_gemini-3.7-flash
0,1.0040650367736816,587,46108de17a859863
1,0.8933823704719543,684,ai_giao_duc_0018_GPT-5.6 Luna
0,1.0080971717834473,567,af12c210de99274d
1,0.867521345615387,600,ai_giao_duc_0505_gemini-3.7-flash
1,0.8368055820465088,684,ai_van_hoa_0151_GPT-5.6 Luna
1,0.8804348111152649,685,ai_van_hoa_0732_GPT-5.6 Luna
1,0.8450704216957092,684,ai_xa_hoi_0304_GPT-5.6 Luna
0,1.0717488527297974,512,989f20d2c38315a4
1,0.8469387888908386,685,ai_chinh_tri_0276_GPT-5.6 Luna
1,0.8546099066734314,684,ai_giao_duc_0344_GPT-5.6 Luna
0,0.9333333373069764,684,2e2036aa961cf6b8
0,1.0141843557357788,768,90ef487111e87058
0,1.0067567825317385,679,c9556dff5187c077
0,0.9227272868156432,512,35730fca6b8d3d24
0,1.0439023971557615,512,b423e4efaefe2456
1,0.8450704216957092,686,ai_xa_hoi_0077_GPT-5.6 Luna
1,0.8515625,567,ai_kinh_te_0078_gemini-3.7-flash
0,0.9959514141082764,512,44095443e5af3333
1,0.8601398468017578,684,ai_the_thao_0731_GPT-5.6 Luna
1,0.8731883764266968,686,ai_xa_hoi_0507_GPT-5.6 Luna
1,0.8633093237876892,684,ai_van_hoa_0118_GPT-5.6 Luna
0,1.1773399114608765,712,c1cb3c86222dd3ed
1,0.8799999952316284,554,ai_the_thao_0059_gemini-3.7-flash
1,0.8731883764266968,687,ai_kinh_te_0416_GPT-5.6 Luna
0,0.982608675956726,674,f7413b33045343b0
1,0.8723404407501221,686,ai_xa_hoi_0662_GPT-5.6 Luna
0,1.0362318754196167,518,5d10adf7553ed47b
1,0.8617021441459656,685,ai_kinh_te_0257_GPT-5.6 Luna
1,0.8410041928291321,531,ai_the_thao_0198_gemini-3.7-flash
1,0.8472222089767456,686,ai_the_thao_0234_GPT-5.6 Luna
1,0.8991228342056274,565,ai_chinh_tri_0242_gemini-3.7-flash
0,1.0127660036087036,517,7ef979e10bc3e4d2
1,0.9166666865348816,514,ai_kinh_te_0236_gemini-3.7-flash
0,1.083769679069519,694,0eda9ad491a8b2e3
0,1.1140351295471191,543,ea6d06b55fc8b063
1,0.8785714507102966,686,ai_xa_hoi_0484_GPT-5.6 Luna
1,0.8723404407501221,685,ai_giao_duc_0144_GPT-5.6 Luna
1,0.8410041928291321,531,ai_the_thao_0158_gemini-3.7-flash
0,1.0,583,60ed02ae881893b3
0,0.9440298676490784,699,56d57f37019f66e4
0,1.020689606666565,534,50d810d40075d2a0
1,0.8813559412956238,574,ai_van_hoa_0509_gemini-3.7-flash
1,0.8636363744735718,685,ai_the_thao_0179_GPT-5.6 Luna
1,0.9257642030715942,550,ai_van_hoa_0786_gemini-3.7-flash
1,0.8510638475418091,686,ai_kinh_te_0288_GPT-5.6 Luna
0,0.9221311211586,753,6852ebcd5026f800
1,0.8586956262588501,685,ai_chinh_tri_0374_GPT-5.6 Luna
1,0.9242424368858336,596,ai_chinh_tri_0553_gemini-3.7-flash
1,0.8868613243103027,686,ai_giao_duc_0699_GPT-5.6 Luna
0,1.0078125,512,7a45608d2b35abe4
0,0.9158878326416016,512,931cfb63617b1f27
0,0.934108555316925,512,b36188d911c839f6
0,0.9651162624359132,768,2c69d8758d66d7b7
0,1.0514018535614014,634,1b3023fd052d33fb
1,0.8905109763145447,686,ai_chinh_tri_0321_GPT-5.6 Luna
1,0.8888888955116272,518,ai_chinh_tri_0251_gemini-3.7-flash
1,0.8991228342056274,565,ai_chinh_tri_0162_gemini-3.7-flash
1,0.8821428418159485,686,ai_giao_duc_0599_GPT-5.6 Luna
0,1.0,768,0ec0365dd811e341
0,0.9698795080184937,512,c2d95e197fd31724
1,0.8556337952613831,686,ai_van_hoa_0400_GPT-5.6 Luna
0,1.0458015203475952,516,e9a175be6f6cbdcf
1,0.8767605423927307,686,ai_van_hoa_0450_GPT-5.6 Luna
1,0.8341013789176941,561,ai_giao_duc_0043_gemini-3.7-flash
0,0.9115044474601746,512,0c246f75b19891fe
0,1.024539828300476,605,3f66c0312fbd8294
1,0.8884891867637634,686,ai_giao_duc_0167_GPT-5.6 Luna
1,0.8321678042411804,685,ai_van_hoa_0636_GPT-5.6 Luna
0,1.0368852615356443,668,abad11f18a8ec269
0,1.02173912525177,662,8dc7863444eea076
0,0.9732620120048524,509,df1100655f0cebc3
0,0.984375,561,f43974e7e7f44652
1,0.8771186470985413,574,ai_van_hoa_0013_gemini-3.7-flash
1,0.8936170339584351,686,ai_kinh_te_0561_GPT-5.6 Luna
0,0.8913043737411499,740,618c1b43a7d326bb
0,1.069869041442871,512,c75a47194238db76
0,1.0,671,1668d6d1d463bd13
0,1.1042654514312744,541,a8e1e75120c021b7
1,0.8515625,567,ai_kinh_te_0118_gemini-3.7-flash
1,0.8286713361740112,684,ai_the_thao_0504_GPT-5.6 Luna
0,1.0759493112564087,555,f914a2eb466735f2
1,0.8652482032775879,685,ai_the_thao_0326_GPT-5.6 Luna
0,1.023668646812439,768,227504f13649a43c
1,0.8633093237876892,685,ai_kinh_te_0343_GPT-5.6 Luna
1,0.8829787373542786,685,ai_the_thao_0778_GPT-5.6 Luna
0,0.993749976158142,647,4c294af4cbbec061
1,0.8483412265777588,560,ai_giao_duc_0159_gemini-3.7-flash
0,0.9748954176902772,621,c179547f70f6dabd
1,0.9234449863433838,551,ai_xa_hoi_0091_gemini-3.7-flash
0,0.9407407641410828,577,1abf201b7d3dcee7
0,1.023809552192688,768,667983aaf88a4d8b
0,1.0,512,608761a47ae0b516
0,1.02173912525177,768,97a1cefe65c7ace4
1,0.84375,684,ai_chinh_tri_0100_GPT-5.6 Luna
1,0.8695651888847351,684,ai_kinh_te_0623_GPT-5.6 Luna
1,0.8728070259094238,547,ai_van_hoa_0772_gemini-3.7-flash
0,0.908730149269104,768,86d403aedb7f1312
0,0.9407894611358644,768,612be7d6a27aef35
1,0.829365074634552,523,ai_the_thao_0480_gemini-3.7-flash
0,0.9054054021835328,602,7a651c9ba35f9900
0,1.014492750167847,616,2e2338e00f3b7ed4
0,1.0,768,5835783f250e981c
0,1.0416666269302368,672,5571444003acd619
1,0.8755555748939514,513,ai_chinh_tri_0095_gemini-3.7-flash
0,1.030075192451477,768,df9a80d0ed38a464
0,0.9503105878829956,768,74af7f432a9911b2
1,0.9004328846931458,566,ai_chinh_tri_0806_gemini-3.7-flash
0,0.9554455280303956,613,c874fa0f395b152b
1,0.8731883764266968,684,ai_chinh_tri_0071_GPT-5.6 Luna
0,1.0251572132110596,768,a342a3981c0bdf1f
0,0.9411764740943908,768,030f6c02449b0164
1,0.8617021441459656,685,ai_xa_hoi_0443_GPT-5.6 Luna
0,1.0684210062026978,512,a4b35e448c2a3ba2
0,1.0354609489440918,768,e64918578257d564
1,0.8723404407501221,686,ai_van_hoa_0538_GPT-5.6 Luna
0,0.9788732528686525,703,ee02d1fba83fc4e4
1,0.8546099066734314,685,ai_xa_hoi_0758_GPT-5.6 Luna
1,0.8623188138008118,686,ai_xa_hoi_0061_GPT-5.6 Luna
1,0.9057971239089966,686,ai_giao_duc_0629_GPT-5.6 Luna
1,0.8829787373542786,684,ai_van_hoa_0335_GPT-5.6 Luna
0,0.9346153736114502,512,2516c1d604f86998
1,0.829365074634552,523,ai_the_thao_0264_gemini-3.7-flash
1,0.8829787373542786,684,ai_van_hoa_0455_GPT-5.6 Luna
1,0.8341013789176941,561,ai_giao_duc_0467_gemini-3.7-flash
0,0.9548872113227844,681,4cbed0fd2df4397f
0,0.9906103014945984,768,0586a19eed735559
1,0.8321678042411804,685,ai_van_hoa_0396_GPT-5.6 Luna
0,0.9298245906829834,634,7e99e25019f35d9c
0,0.9720279574394226,693,84fcfd101f5079cb
0,1.1192660331726074,618,aaaed908948624e1
0,1.0042372941970823,651,920839c7681e8268
0,0.9858155846595764,512,cc236cd446ea6e94
1,0.8617021441459656,685,ai_kinh_te_0751_GPT-5.6 Luna
1,0.8706293702125549,686,ai_xa_hoi_0652_GPT-5.6 Luna
0,0.9375,768,e93a3cfa773b0d6d
1,0.9234449863433838,551,ai_xa_hoi_0587_gemini-3.7-flash
1,0.895652174949646,545,ai_chinh_tri_0240_gemini-3.7-flash
1,0.8695651888847351,684,ai_chinh_tri_0215_GPT-5.6 Luna
1,0.8723404407501221,686,ai_xa_hoi_0173_GPT-5.6 Luna
1,0.8731883764266968,684,ai_xa_hoi_0672_GPT-5.6 Luna
0,0.951127827167511,512,7e07f3af91fe4227
1,0.8525179624557495,684,ai_van_hoa_0037_GPT-5.6 Luna
0,0.9865471124649048,768,28cb752a1f003476
0,0.9154228568077089,534,46ed350be5aab064
0,0.937062919139862,512,40acff0d55d0f1dd
1,0.8652482032775879,685,ai_kinh_te_0123_GPT-5.6 Luna
1,0.8840579986572266,685,ai_kinh_te_0127_GPT-5.6 Luna
0,0.985401451587677,512,f7870eb54bbc84ec
0,0.969924807548523,650,95a1c5b5813e7680
1,0.8666666746139526,530,ai_giao_duc_0456_gemini-3.7-flash
1,0.8453237414360046,684,ai_chinh_tri_0142_GPT-5.6 Luna
0,1.0337553024291992,650,4ed249194434e4dd
0,0.964143455028534,512,99ff728e53a9cc2d
0,0.979865789413452,663,45d1af08a284168e
1,0.8888888955116272,518,ai_chinh_tri_0459_gemini-3.7-flash
1,0.8426573276519775,686,ai_xa_hoi_0650_GPT-5.6 Luna
1,0.8286713361740112,684,ai_the_thao_0384_GPT-5.6 Luna
0,0.9379844665527344,527,fb058d01fec2c883
1,0.912350594997406,515,ai_kinh_te_0056_gemini-3.7-flash
0,1.029288649559021,615,8f47dd98a985f65d
1,0.85447758436203,530,ai_kinh_te_0303_gemini-3.7-flash
0,1.0204081535339355,558,c28f6a6519762684
0,1.047337293624878,667,322f0b48dc8a9a9e
0,0.9145299196243286,527,f6c58b87bcb31ec1
1,0.8341013789176941,561,ai_giao_duc_0267_gemini-3.7-flash
0,1.0189573764801023,552,aa1be5c9b2520ff4
0,0.970370352268219,768,428dc9bc6484047e
0,1.014814853668213,768,8be31f4770c5eb0d
0,1.0223881006240845,768,21078a362aa09c0d
1,0.8758864998817444,686,ai_kinh_te_0241_GPT-5.6 Luna
0,0.9308176040649414,538,8eb086d08376058f
0,0.9724137783050536,768,86c9ae2ea92c6bd6
0,0.9790209531784058,512,8d2bbded9e288b1f
0,1.0152671337127686,440,2942e6254448bfaa
0,0.9727272987365724,561,e7e0cfb3acda48f1
0,1.0522388219833374,512,a4f13e44d57f524e
0,1.0068492889404297,768,232263362b09e6d7
1,0.8636363744735718,685,ai_van_hoa_0543_GPT-5.6 Luna
1,0.8546099066734314,686,ai_chinh_tri_0314_GPT-5.6 Luna
0,0.9629629850387572,583,111b93015c347383
1,0.829365074634552,523,ai_the_thao_0568_gemini-3.7-flash
0,0.9925925731658936,618,baf66bca935eb1dc
0,0.945147693157196,512,ca425f327ce7db2d
0,0.9069767594337464,512,ace69d1a42c6b6e6
0,1.0,506,910cef5627eec187
0,0.9722222089767456,512,96fc014f8adc97c0
1,0.8483412265777588,560,ai_giao_duc_0023_gemini-3.7-flash
1,0.8333333134651184,530,ai_kinh_te_0667_gemini-3.7-flash
1,0.9014084339141846,550,ai_xa_hoi_0767_gemini-3.7-flash
0,1.0846153497695925,644,56451fee081c7b10
1,0.8617021441459656,684,ai_the_thao_0139_GPT-5.6 Luna
1,0.8639705777168274,684,ai_giao_duc_0745_GPT-5.6 Luna
0,0.9904305934906006,768,595010e7a3dca898
0,0.979865789413452,610,c2e869b01ec279a8
1,0.8510638475418091,684,ai_van_hoa_0257_GPT-5.6 Luna
1,0.8546099066734314,684,ai_van_hoa_0405_GPT-5.6 Luna
0,1.0529412031173706,665,e8b5ed619039ac42
1,0.8561151027679443,685,ai_chinh_tri_0683_GPT-5.6 Luna
0,1.034482717514038,512,54908e5dc62a5be6
1,0.8297872543334961,684,ai_van_hoa_0421_GPT-5.6 Luna
0,1.0205479860305786,528,ad5efb1aeb47c062
0,0.967479646205902,639,cab98c0aa1e22fab
0,1.0579710006713867,695,63ad3dddf16a62fd
1,0.8410041928291321,531,ai_the_thao_0486_gemini-3.7-flash
1,0.8321678042411804,685,ai_van_hoa_0436_GPT-5.6 Luna
1,0.8483412265777588,560,ai_giao_duc_0135_gemini-3.7-flash
1,0.8586956262588501,684,ai_kinh_te_0570_GPT-5.6 Luna
0,1.1034482717514038,512,1eb83926a0e53850
1,0.8848921060562134,685,ai_xa_hoi_0441_GPT-5.6 Luna
1,0.817829430103302,523,ai_the_thao_0832_gemini-3.7-flash
0,0.979865789413452,667,647ad037c7c7911c
0,0.957692325115204,567,32506ee62dc5154c
1,0.8652482032775879,686,ai_chinh_tri_0376_GPT-5.6 Luna
1,0.8483412265777588,560,ai_giao_duc_0727_gemini-3.7-flash
0,0.910614550113678,663,f52858f351ce31fd
0,0.9871794581413268,684,0efe3952f0598045
1,0.867521345615387,600,ai_giao_duc_0689_gemini-3.7-flash
1,0.8666666746139526,530,ai_giao_duc_0472_gemini-3.7-flash
1,0.8723404407501221,685,ai_giao_duc_0384_GPT-5.6 Luna
0,1.0085105895996094,580,a803e90872cb26b9
0,1.0070422887802124,512,f78e15db89d4e201
1,0.8633093237876892,686,ai_chinh_tri_0274_GPT-5.6 Luna
1,0.8510638475418091,686,ai_xa_hoi_0517_GPT-5.6 Luna
1,0.9037036895751952,686,ai_giao_duc_0355_GPT-5.6 Luna
1,0.8514492511749268,684,ai_chinh_tri_0282_GPT-5.6 Luna
1,0.8500000238418579,685,ai_chinh_tri_0214_GPT-5.6 Luna
0,1.0,649,19846cfa0335d5e9
0,0.8571428656578064,543,57c699043bdefe08
1,0.8738738894462585,530,ai_giao_duc_0508_gemini-3.7-flash
0,0.9354838728904724,571,dc0adc6428b12dbf
1,0.8713235259056091,685,ai_chinh_tri_0329_GPT-5.6 Luna
1,0.8360000252723694,557,ai_van_hoa_0419_gemini-3.7-flash
0,1.0215827226638794,512,b0ed7f30a4e24c8e
0,0.969924807548523,463,7c262d437b1be242
0,1.0273972749710083,755,6b8b6f18b7d92c30
0,0.9838056564331056,768,8284420cf3039513
1,0.925110161304474,599,ai_giao_duc_0693_gemini-3.7-flash
1,0.8401360511779785,684,ai_the_thao_0247_GPT-5.6 Luna
1,0.8636363744735718,686,ai_the_thao_0094_GPT-5.6 Luna
0,0.9414225816726683,768,9086fa128bf71037
0,1.0428571701049805,512,2d586b98e8e310df
1,0.8423236608505249,517,ai_giao_duc_0198_gemini-3.7-flash
0,0.8590604066848755,564,01d1b72e2bfd7e44
0,1.0044052600860596,519,ce2b32b37fe9b350
0,0.9455782175064088,695,7b46e5dbaaae0697
0,1.021897792816162,512,14796922394dcfc2
1,0.8541666865348816,684,ai_chinh_tri_0572_GPT-5.6 Luna
0,0.9641255736351012,658,6a2eaa9345fb3747
1,0.8389830589294434,554,ai_the_thao_0087_gemini-3.7-flash
0,0.8709677457809448,768,cd13dbd27d7a0541
0,1.053691267967224,768,be9640a20d16512a
1,0.8341013789176941,561,ai_giao_duc_0811_gemini-3.7-flash
1,0.8341013789176941,561,ai_giao_duc_0379_gemini-3.7-flash
0,1.0510637760162354,678,abd1009f606a0ba8
0,1.0080000162124634,512,1837268cf967d756
1,0.9004328846931458,566,ai_chinh_tri_0382_gemini-3.7-flash
1,0.8785714507102966,686,ai_van_hoa_0164_GPT-5.6 Luna
0,0.9427480697631836,679,26eabbc24bf266de
0,1.0596026182174685,708,51c1492df758944a
1,0.8738738894462585,530,ai_giao_duc_0644_gemini-3.7-flash
0,1.0352423191070557,512,afa739a2f30761be
1,0.829365074634552,523,ai_the_thao_0304_gemini-3.7-flash
0,0.9447852969169616,531,1451d48af5f9e0ad
0,1.2000000476837158,512,dada48da4152d046
1,0.8321678042411804,685,ai_van_hoa_0156_GPT-5.6 Luna
1,0.8936170339584351,686,ai_giao_duc_0694_GPT-5.6 Luna
0,1.0081632137298584,512,829e107827c79352
0,0.9440559148788452,692,da5922227e522b03
0,0.93359375,606,63b798f790f94791
1,0.8860294222831726,686,ai_xa_hoi_0675_GPT-5.6 Luna
1,0.8735178112983704,644,ai_kinh_te_0405_gemini-3.7-flash
1,0.8888888955116272,643,ai_kinh_te_0385_gemini-3.7-flash
1,0.8680555820465088,686,ai_the_thao_0369_GPT-5.6 Luna
1,0.8623188138008118,684,ai_chinh_tri_0599_GPT-5.6 Luna
0,0.8933333158493042,675,1dedb10993e3a772
0,0.957692325115204,626,130d4756f0360daf
0,1.03125,512,f6cdd71626347263
1,0.8607142567634583,685,ai_chinh_tri_0271_GPT-5.6 Luna
1,0.8731883764266968,684,ai_chinh_tri_0303_GPT-5.6 Luna
1,0.8387096524238586,529,ai_the_thao_0826_gemini-3.7-flash
0,1.0208333730697632,536,e4409381cdccab6c
0,0.8961538672447205,681,7bd6513639e11e2b
1,0.8884891867637634,685,ai_the_thao_0082_GPT-5.6 Luna
1,0.8755555748939514,513,ai_chinh_tri_0527_gemini-3.7-flash
1,0.9383260011672974,551,ai_van_hoa_0182_gemini-3.7-flash
1,0.8500000238418579,685,ai_kinh_te_0125_GPT-5.6 Luna
0,0.9333333373069764,768,c7176d08806cc127
1,0.8690476417541504,568,ai_kinh_te_0010_gemini-3.7-flash
0,1.0711296796798706,419,62d176af679635a2
0,0.9894179701805116,768,5974bee2e1365f2a
1,0.8483412265777588,560,ai_giao_duc_0639_gemini-3.7-flash
0,1.0,512,768f747f091d2f22
1,0.8713235259056091,684,ai_kinh_te_0714_GPT-5.6 Luna
0,0.9836065769195556,351,f61bc0a4e4a261ef
1,0.8782608509063721,547,ai_van_hoa_0748_gemini-3.7-flash
0,1.0105819702148438,768,7c6752e36309493e
1,0.9194915294647216,497,ai_xa_hoi_0280_gemini-3.7-flash
0,0.9627329111099244,768,a1d1728b49a7ff79
1,0.8936170339584351,686,ai_kinh_te_0321_GPT-5.6 Luna
1,0.8633093237876892,684,ai_chinh_tri_0645_GPT-5.6 Luna
0,1.0268456935882568,768,6e9b1154e55db8dc
1,0.8333333134651184,685,ai_van_hoa_0209_GPT-5.6 Luna
1,0.8423236608505249,517,ai_giao_duc_0670_gemini-3.7-flash
1,0.8483412265777588,560,ai_giao_duc_0799_gemini-3.7-flash
1,0.9166666865348816,514,ai_kinh_te_0540_gemini-3.7-flash
1,0.8723404407501221,686,ai_chinh_tri_0816_GPT-5.6 Luna
0,1.018518567085266,512,3ba3afe4050dff16
1,0.8799999952316284,554,ai_the_thao_0387_gemini-3.7-flash
0,0.8809523582458496,543,2beb0d73560b0cbd
1,0.8999999761581421,686,ai_giao_duc_0171_GPT-5.6 Luna
1,0.9166666865348816,514,ai_kinh_te_0668_gemini-3.7-flash
0,1.037037014961243,515,5ef2552f0bc7c841
0,0.9921875,512,1d6b4407e3c9d41c
1,0.8584070801734924,544,ai_van_hoa_0520_gemini-3.7-flash
0,0.9857142567634584,512,eb7755c7612eb014
1,0.8633093237876892,684,ai_chinh_tri_0447_GPT-5.6 Luna
1,0.8689655065536499,686,ai_the_thao_0329_GPT-5.6 Luna
0,1.04347825050354,512,8df47428ddb4c4d5
1,0.9014084339141846,550,ai_xa_hoi_0831_gemini-3.7-flash
1,0.8617021441459656,684,ai_xa_hoi_0553_GPT-5.6 Luna
0,0.9079999923706056,646,4c5b15fbc29db3b8
1,0.8829787373542786,686,ai_giao_duc_0422_GPT-5.6 Luna
1,0.8884891867637634,686,ai_kinh_te_0646_GPT-5.6 Luna
0,0.9776785969734192,768,6aa0aa0018880e56
1,0.8453237414360046,684,ai_van_hoa_0357_GPT-5.6 Luna
0,0.972000002861023,550,a6f42f44e6c01522
0,1.0,586,279775dcbd1b2de7
0,0.96875,631,9c7ecbecd14a43db
0,1.0122449398040771,541,427ca7c8e7cbc4cb
1,0.867521345615387,600,ai_giao_duc_0745_gemini-3.7-flash
1,0.8991228342056274,565,ai_chinh_tri_0186_gemini-3.7-flash
0,1.0,672,b705bb92f8eb8295
0,1.029535889625549,607,581eb3545adad9eb
1,0.8755555748939514,513,ai_chinh_tri_0439_gemini-3.7-flash
0,0.9738562107086182,666,b25b03d3906fb756
0,0.9215686321258544,768,e4f4449132681f4d
1,0.8546099066734314,685,ai_kinh_te_0030_GPT-5.6 Luna
0,1.1615384817123413,527,f4b932b875d52387
1,0.912350594997406,515,ai_kinh_te_0824_gemini-3.7-flash
1,0.9910714030265808,550,ai_van_hoa_0698_gemini-3.7-flash
1,0.8813559412956238,574,ai_van_hoa_0381_gemini-3.7-flash
1,0.8888888955116272,643,ai_kinh_te_0505_gemini-3.7-flash
0,1.028409123420715,530,0ff5254600beb620
0,0.9704433679580688,512,631a67b7e1a26527
1,0.8510638475418091,685,ai_van_hoa_0697_GPT-5.6 Luna
0,1.0760233402252195,638,f2c2b5fea6847f35
0,0.9034482836723328,768,9f956af9ed5b4fe4
1,0.9060150384902954,684,ai_giao_duc_0410_GPT-5.6 Luna
0,0.936170220375061,683,34bcfba3b59789ca
1,0.8590308427810669,595,ai_the_thao_0377_gemini-3.7-flash
0,0.9711934328079224,768,657ed6fb712477ef
1,0.8483412265777588,560,ai_giao_duc_0583_gemini-3.7-flash
0,0.9234449863433838,512,f2c84963d76eb678
0,1.0189872980117798,512,ae942a019cf23d2a
1,0.8758864998817444,685,ai_kinh_te_0302_GPT-5.6 Luna
0,0.9506173133850098,567,1ecb05df6281bd92
1,0.8561151027679443,685,ai_van_hoa_0755_GPT-5.6 Luna
1,0.895652174949646,545,ai_chinh_tri_0144_gemini-3.7-flash
1,0.9404255151748656,533,ai_xa_hoi_0642_gemini-3.7-flash
1,0.8360000252723694,557,ai_van_hoa_0491_gemini-3.7-flash
1,0.8341013789176941,561,ai_giao_duc_0147_gemini-3.7-flash
1,0.8623188138008118,684,ai_chinh_tri_0827_GPT-5.6 Luna
1,0.8661971688270569,685,ai_the_thao_0358_GPT-5.6 Luna
0,1.029288649559021,500,e425a47586d232a5
1,0.8971630930900574,686,ai_giao_duc_0414_GPT-5.6 Luna
0,1.0303030014038086,563,c146220e23949dd7
0,0.8875501751899719,768,13ddbaca75d8f472
0,1.0077519416809082,719,f7d2d47ccb2fd218
1,0.8652482032775879,686,ai_van_hoa_0480_GPT-5.6 Luna
0,0.8758864998817444,560,cd79d877f0c894aa
0,0.94907408952713,660,20d6ba8742067c82
1,0.8813559412956238,574,ai_van_hoa_0709_gemini-3.7-flash
0,1.042253494262695,537,5a19926f7b9a620c
0,0.9205020666122437,768,4d01eff55b139364
1,0.8759124279022217,684,ai_chinh_tri_0389_GPT-5.6 Luna
1,0.9194915294647216,497,ai_xa_hoi_0040_gemini-3.7-flash
0,1.0,768,3f3295600ba8f4eb
0,0.964028775691986,768,b596ba7cb3fd14a0
1,0.8731883764266968,686,ai_chinh_tri_0064_GPT-5.6 Luna
1,0.867521345615387,600,ai_giao_duc_0681_gemini-3.7-flash
1,0.8586956262588501,685,ai_chinh_tri_0134_GPT-5.6 Luna
1,0.925110161304474,599,ai_giao_duc_0165_gemini-3.7-flash
1,0.8265306353569031,684,ai_the_thao_0591_GPT-5.6 Luna
1,0.8607142567634583,684,ai_kinh_te_0335_GPT-5.6 Luna
1,0.8829787373542786,686,ai_giao_duc_0182_GPT-5.6 Luna
1,0.8738738894462585,530,ai_giao_duc_0564_gemini-3.7-flash
0,1.0151515007019043,512,1ac3654163f61aee
0,0.9618320465087892,565,e789ea87d2bb19b8
1,0.8813559412956238,574,ai_van_hoa_0229_gemini-3.7-flash
1,0.9383260011672974,551,ai_van_hoa_0334_gemini-3.7-flash
1,0.89552241563797,684,ai_xa_hoi_0151_GPT-5.6 Luna
0,1.0865800380706787,563,4bc8011bae718925
1,0.8423236608505249,517,ai_giao_duc_0326_gemini-3.7-flash
1,0.8848921060562134,685,ai_the_thao_0002_GPT-5.6 Luna
1,0.8840579986572266,685,ai_kinh_te_0487_GPT-5.6 Luna
0,1.029535889625549,658,52cd5b71c01d3dd1
0,0.9275362491607666,512,45f2aab81d1ff436
1,0.9234449863433838,551,ai_xa_hoi_0003_gemini-3.7-flash
1,0.8341013789176941,561,ai_giao_duc_0195_gemini-3.7-flash
1,0.8423236608505249,517,ai_giao_duc_0006_gemini-3.7-flash
0,0.9704142212867736,512,38c61e6c06c3df24
0,0.945147693157196,610,084e426362015808
0,0.8058823347091675,768,bc35bde25c043baf
0,1.03125,694,de1dc461dae54647
1,0.8571428656578064,685,ai_chinh_tri_0519_GPT-5.6 Luna
1,0.8333333134651184,530,ai_kinh_te_0699_gemini-3.7-flash
0,1.0447760820388794,512,83b6e931416c5b35
0,1.0047392845153809,576,a38891ff3af61d0b
0,0.9781659245491028,679,06fd60ba586bf842
1,0.8636363744735718,686,ai_the_thao_0454_GPT-5.6 Luna
0,1.0,694,a5c3bcbcf01a8eac
0,1.0,768,d91c07bb8629d49a
0,0.9767441749572754,700,4b255095596159c0
1,0.9014084339141846,550,ai_xa_hoi_0415_gemini-3.7-flash
0,1.0118342638015747,512,e565ba2df3313903
0,0.9424460530281068,590,b0667085ff823d57
1,0.8633093237876892,685,ai_kinh_te_0645_GPT-5.6 Luna
1,0.8473895788192749,521,ai_the_thao_0108_gemini-3.7-flash
0,1.014285683631897,662,1b08936b72820cf4
1,0.8623188138008118,684,ai_chinh_tri_0690_GPT-5.6 Luna
1,0.8952381014823914,595,ai_chinh_tri_0477_gemini-3.7-flash
1,0.8472222089767456,685,ai_kinh_te_0105_GPT-5.6 Luna
1,0.8888888955116272,684,ai_kinh_te_0074_GPT-5.6 Luna
0,1.0,712,e4bee6e7c297f63c
0,0.9791666865348816,768,9a9d3cf9e7a014e3
0,1.021897792816162,664,0d9e7ea8e926846c
0,0.993333339691162,768,6998e838eea7ddf6
0,1.078740119934082,617,38f5b0ef0d748713
1,0.9230769276618958,494,ai_xa_hoi_0468_gemini-3.7-flash
0,1.0538461208343506,512,36a474191e580412
1,0.8561151027679443,685,ai_van_hoa_0155_GPT-5.6 Luna
0,0.9581589698791504,768,0c359116f8418787
1,0.8888888955116272,643,ai_kinh_te_0729_gemini-3.7-flash
1,0.9204545617103576,685,ai_xa_hoi_0087_GPT-5.6 Luna
1,0.8546099066734314,684,ai_xa_hoi_0043_GPT-5.6 Luna
1,0.8735178112983704,644,ai_kinh_te_0413_gemini-3.7-flash
0,0.9795918464660645,768,3db6d14fd0a9b6f0
1,0.866906464099884,685,ai_kinh_te_0746_GPT-5.6 Luna
0,1.0,524,8fd3347960cb4422
1,0.9194915294647216,497,ai_xa_hoi_0768_gemini-3.7-flash
1,0.8776978254318237,684,ai_the_thao_0475_GPT-5.6 Luna
1,0.8690476417541504,568,ai_kinh_te_0418_gemini-3.7-flash
0,0.95302015542984,545,e2071e0e95e3cef8
1,0.8999999761581421,686,ai_giao_duc_0651_GPT-5.6 Luna
0,1.0261437892913818,768,8e33506ba8443c5a
0,0.9399999976158142,512,019960f561459884
1,0.895652174949646,545,ai_chinh_tri_0416_gemini-3.7-flash
0,1.0204918384552002,617,1616874a5603fb15
1,0.8590308427810669,595,ai_the_thao_0041_gemini-3.7-flash
1,0.8840579986572266,685,ai_kinh_te_0727_GPT-5.6 Luna
0,1.045454502105713,543,81063b8ca690d33c
0,0.9240000247955322,666,2cd409eac9980bbb
1,0.886956512928009,596,ai_the_thao_0581_gemini-3.7-flash
0,1.0384615659713743,512,1e7f7d6e81f05d74
1,0.8785714507102966,685,ai_kinh_te_0537_GPT-5.6 Luna
1,0.8785714507102966,686,ai_xa_hoi_0502_GPT-5.6 Luna
1,0.9111111164093018,684,ai_kinh_te_0388_GPT-5.6 Luna
1,0.9014084339141846,550,ai_xa_hoi_0239_gemini-3.7-flash
1,0.8678571581840515,685,ai_kinh_te_0053_GPT-5.6 Luna
1,0.8473895788192749,521,ai_the_thao_0668_gemini-3.7-flash
1,0.9242424368858336,596,ai_chinh_tri_0761_gemini-3.7-flash
0,0.9655172228813172,707,4653ced4d94da1b0
1,0.8439716100692749,685,ai_chinh_tri_0166_GPT-5.6 Luna
0,0.9591836929321288,768,b750eca436695cc2
1,0.9188033938407898,550,ai_van_hoa_0018_gemini-3.7-flash
0,1.0355329513549805,500,eb574c37887c7819
1,0.8546099066734314,684,ai_van_hoa_0045_GPT-5.6 Luna
0,0.9224806427955629,512,6d7a74444107a734
1,0.8423236608505249,517,ai_giao_duc_0446_gemini-3.7-flash
0,0.970588207244873,567,9020f7e17c945bf1
1,0.8865247964859009,686,ai_giao_duc_0374_GPT-5.6 Luna
1,0.8823529481887817,684,ai_giao_duc_0041_GPT-5.6 Luna
1,0.8713235259056091,684,ai_giao_duc_0657_GPT-5.6 Luna
1,0.8755555748939514,513,ai_chinh_tri_0823_gemini-3.7-flash
0,0.9503816962242126,549,ae99696d35667991
1,0.866906464099884,686,ai_chinh_tri_0723_GPT-5.6 Luna
1,0.9531915187835692,531,ai_xa_hoi_0350_gemini-3.7-flash
0,1.0,563,3f2165b5afd4d3bb
1,0.8661971688270569,686,ai_van_hoa_0048_GPT-5.6 Luna
1,0.8483412265777588,560,ai_giao_duc_0287_gemini-3.7-flash
1,0.8952381014823914,595,ai_chinh_tri_0813_gemini-3.7-flash
0,1.0063694715499878,768,86e628ab9d661aa4
0,0.962499976158142,660,7b3fcddf398a1199
0,1.0061349868774414,768,5031c9f168c22f50
0,0.9042553305625916,768,35a34be877ac0f7b
0,0.9525691866874696,768,a1dde3055727618f
0,0.9800994992256165,512,274a9d8a9d43c19d
1,0.9057971239089966,686,ai_giao_duc_0269_GPT-5.6 Luna
0,0.97183096408844,512,5a21ca2a55a06d43
1,0.8776978254318237,686,ai_chinh_tri_0586_GPT-5.6 Luna
0,1.0,618,350c5712e8543b60
1,0.8410041928291321,531,ai_the_thao_0174_gemini-3.7-flash
1,0.8952381014823914,595,ai_chinh_tri_0013_gemini-3.7-flash
0,0.9922480583190918,665,6d4abc0d4473ae6b
1,0.8695651888847351,685,ai_xa_hoi_0630_GPT-5.6 Luna
0,0.9867841601371764,747,2c10d68d9998041e
0,1.0,679,d23baabca132fc7b
1,0.8546099066734314,685,ai_giao_duc_0496_GPT-5.6 Luna
0,1.0182926654815674,637,c9c2c6b0ede04e7c
1,0.8799999952316284,554,ai_the_thao_0011_gemini-3.7-flash
0,0.949685513973236,645,9d7906d0c6e3de69
0,1.050847411155701,660,1c277ef3b61ba76e
0,0.9713114500045776,768,332a03207cae27ac
0,1.045454502105713,638,010ec261042e80b5
1,0.8848921060562134,685,ai_kinh_te_0238_GPT-5.6 Luna
1,0.8776978254318237,686,ai_xa_hoi_0305_GPT-5.6 Luna
0,0.9746192693710328,518,11649987ae1f18da
0,1.0416666269302368,626,54af5f122574ee88
1,0.8584070801734924,544,ai_van_hoa_0248_gemini-3.7-flash
0,0.9386792182922364,768,96df8477b4175ae3
1,0.8821428418159485,686,ai_giao_duc_0038_GPT-5.6 Luna
1,0.9242424368858336,596,ai_chinh_tri_0265_gemini-3.7-flash
1,0.8813559412956238,574,ai_van_hoa_0317_gemini-3.7-flash
0,0.9519650936126708,683,2cfeb97054264d6b
1,0.8496503233909607,685,ai_van_hoa_0116_GPT-5.6 Luna
1,0.8461538553237915,683,ai_xa_hoi_0808_GPT-5.6 Luna
0,1.0,508,25bbc14124af77fa
1,0.8464285731315613,684,ai_kinh_te_0178_GPT-5.6 Luna
0,0.9826589822769164,512,f6d5b4f1c8a7f3aa
0,0.9923076629638672,568,282884deaad80a96
1,0.8623188138008118,685,ai_xa_hoi_0811_GPT-5.6 Luna
0,0.9780219793319702,504,01970b98db7f4b7f
0,0.95703125,512,9009de8c1baebc95
0,0.8775510191917419,512,b7dbff91d2e3bf57
1,0.8738738894462585,530,ai_giao_duc_0300_gemini-3.7-flash
1,0.8426573276519775,684,ai_chinh_tri_0132_GPT-5.6 Luna
1,0.9060150384902954,685,ai_xa_hoi_0487_GPT-5.6 Luna
1,0.8426573276519775,684,ai_chinh_tri_0412_GPT-5.6 Luna
1,0.8633093237876892,686,ai_chinh_tri_0299_GPT-5.6 Luna
0,0.953125,673,1e72482e38a7a33d
1,0.8387096524238586,529,ai_the_thao_0810_gemini-3.7-flash
1,0.8253968358039856,557,ai_van_hoa_0043_gemini-3.7-flash
0,1.0141843557357788,768,286418bf77e44fd3
0,1.011494278907776,611,123ee727ab088846
1,0.9194915294647216,497,ai_xa_hoi_0552_gemini-3.7-flash
0,1.0204081535339355,512,a1d97450cbf80140
0,0.936170220375061,512,af348e2ceb9c4f8c
0,0.9703390002250672,768,7dadb4f2385380cf
1,0.9242424368858336,596,ai_chinh_tri_0825_gemini-3.7-flash
0,1.0232558250427246,512,41aacb1a6d69aab8
1,0.8738738894462585,530,ai_giao_duc_0612_gemini-3.7-flash
1,0.8978102207183838,686,ai_giao_duc_0741_GPT-5.6 Luna
0,1.0,631,bf0283335d896670
0,1.0119760036468506,768,aeb8a7b2be3c4325
1,0.8820960521697998,547,ai_van_hoa_0020_gemini-3.7-flash
0,0.9878542423248292,768,51ddabb228d758c8
0,0.9354838728904724,625,9ba55d095b0e671a
0,0.9656652212142944,663,dd36b42fd78415bc
0,0.9609375,512,44e4261b590dac47
1,0.8859649300575256,518,ai_giao_duc_0330_gemini-3.7-flash
1,0.8617021441459656,684,ai_xa_hoi_0673_GPT-5.6 Luna
1,0.8686131238937378,684,ai_van_hoa_0822_GPT-5.6 Luna
0,0.9836065769195556,657,8953852e38e649e8
1,0.9004328846931458,566,ai_chinh_tri_0702_gemini-3.7-flash
1,0.8483412265777588,560,ai_giao_duc_0615_gemini-3.7-flash
0,1.0531400442123413,512,5c5f5b5c2536d1eb
0,0.9285714030265808,698,daa6942930213ecd
1,0.8401360511779785,684,ai_the_thao_0383_GPT-5.6 Luna
0,1.024896264076233,564,7fb52b36dfd8362e
0,0.9605262875556946,768,67d43dbbd3c0e6c0
1,0.8591549396514893,686,ai_van_hoa_0153_GPT-5.6 Luna
0,1.0545454025268557,512,a689133f15560918
0,1.0694444179534912,512,342df89d821aae7a
1,0.8514492511749268,684,ai_kinh_te_0802_GPT-5.6 Luna
1,0.8633093237876892,686,ai_chinh_tri_0539_GPT-5.6 Luna
1,0.8424657583236694,685,ai_chinh_tri_0676_GPT-5.6 Luna
0,1.1111111640930176,512,f6d17380a79f9769
1,0.8848921060562134,686,ai_xa_hoi_0060_GPT-5.6 Luna
1,0.8697183132171631,686,ai_xa_hoi_0596_GPT-5.6 Luna
1,0.8888888955116272,643,ai_kinh_te_0785_gemini-3.7-flash
0,1.0,768,d923d1566d82ffc2
1,0.8584070801734924,544,ai_van_hoa_0576_gemini-3.7-flash
0,0.9568345546722412,768,add0be3703dbb54f
0,0.9925373196601868,768,3c567cb5c66c5802
1,0.9531915187835692,531,ai_xa_hoi_0510_gemini-3.7-flash
0,0.9268292784690856,512,16841685327941c2
0,0.97265625,768,85ebf6af37d143b0
1,0.828000009059906,529,ai_the_thao_0682_gemini-3.7-flash
1,0.8601398468017578,684,ai_chinh_tri_0788_GPT-5.6 Luna
0,0.9789029359817504,541,ce0180361afdb943
1,0.8799999952316284,554,ai_the_thao_0531_gemini-3.7-flash
0,1.0,768,96ebbc309f4df27b
1,0.8952381014823914,595,ai_chinh_tri_0229_gemini-3.7-flash
1,0.8617021441459656,685,ai_kinh_te_0443_GPT-5.6 Luna
1,0.8690476417541504,568,ai_kinh_te_0570_gemini-3.7-flash
1,0.9004328846931458,566,ai_chinh_tri_0150_gemini-3.7-flash
0,0.8920187950134277,512,17d98eea810c06d5
1,0.8404255509376526,684,ai_van_hoa_0269_GPT-5.6 Luna
1,0.9230769276618958,494,ai_xa_hoi_0476_gemini-3.7-flash
0,1.076923131942749,512,00adf322051c5794
0,0.959276020526886,768,3f0738bca9f151f9
1,0.85447758436203,530,ai_kinh_te_0191_gemini-3.7-flash
1,0.9166666865348816,514,ai_kinh_te_0700_gemini-3.7-flash
0,0.9925373196601868,620,2b9b2d60f56e4f33
0,1.0044052600860596,768,7c0352c0437befec
0,0.9957627058029176,768,42968dfe239f20c9
1,0.8515625,567,ai_kinh_te_0302_gemini-3.7-flash
1,0.829365074634552,523,ai_the_thao_0088_gemini-3.7-flash
0,0.956204354763031,768,301f016bb656796e
1,0.8360000252723694,557,ai_van_hoa_0227_gemini-3.7-flash
0,1.0808823108673096,512,6dc57a93fadc312f
0,0.9581589698791504,710,5af077111becd9fb
1,0.829365074634552,523,ai_the_thao_0112_gemini-3.7-flash
0,0.9268292784690856,705,492a48c7ce542a66
0,0.9402984976768494,584,6aa8920dc29d991b
0,0.944000005722046,531,baff4f697ac93709
1,0.8758864998817444,686,ai_xa_hoi_0708_GPT-5.6 Luna
1,0.8759124279022217,685,ai_xa_hoi_0179_GPT-5.6 Luna
0,1.0413793325424194,768,20571844581a781b
1,0.925110161304474,599,ai_giao_duc_0477_gemini-3.7-flash
0,0.9491525292396544,512,1759fe804187008d
1,0.8541666865348816,686,ai_the_thao_0674_GPT-5.6 Luna
1,0.8485915660858154,684,ai_xa_hoi_0496_GPT-5.6 Luna
1,0.8758864998817444,686,ai_kinh_te_0601_GPT-5.6 Luna
1,0.8723404407501221,685,ai_the_thao_0818_GPT-5.6 Luna
1,0.8510638475418091,686,ai_chinh_tri_0355_GPT-5.6 Luna
0,1.0283401012420654,550,320bec80fc476e97
0,0.959276020526886,768,983f059b2fa0f1db
1,0.8731883764266968,684,ai_van_hoa_0062_GPT-5.6 Luna
0,0.99319726228714,768,fc6034ec0f9ba80b
1,0.8576388955116272,686,ai_the_thao_0421_GPT-5.6 Luna
1,0.829365074634552,523,ai_the_thao_0104_gemini-3.7-flash
0,1.0269057750701904,512,2f6acab4e21a2968
0,0.9377777576446532,768,581e592c92c0e282
0,0.9289617538452148,555,efc20a08d9afed69
1,0.8776978254318237,686,ai_chinh_tri_0226_GPT-5.6 Luna
0,0.9701492786407472,768,af8390e26e054c24
0,1.0,512,c28a81349468dcfd
1,0.8714285492897034,686,ai_xa_hoi_0550_GPT-5.6 Luna
1,0.8541666865348816,686,ai_the_thao_0813_GPT-5.6 Luna
1,0.8423236608505249,517,ai_giao_duc_0390_gemini-3.7-flash
0,0.9241706132888794,768,4fa676731233ec7d
1,0.8859649300575256,518,ai_giao_duc_0570_gemini-3.7-flash
1,0.8528138399124146,575,ai_van_hoa_0385_gemini-3.7-flash
0,0.993749976158142,690,9b61452c513ddb4d
1,0.8389830589294434,554,ai_the_thao_0655_gemini-3.7-flash
1,0.8970588445663452,684,ai_kinh_te_0700_GPT-5.6 Luna
0,1.0157480239868164,669,64abdb66b51b7ede
0,0.953947365283966,713,4056b45d3e5ee327
1,0.9404255151748656,533,ai_xa_hoi_0370_gemini-3.7-flash
0,0.9384615421295166,512,9ae573a010c354bf
0,1.0520833730697632,615,8260619bafbe538b
1,0.9531915187835692,531,ai_xa_hoi_0462_gemini-3.7-flash
0,0.969924807548523,403,39f9b9653ae86007
1,0.9004328846931458,566,ai_chinh_tri_0534_gemini-3.7-flash
0,0.9702127575874328,525,9cbfe68f3c75bc8c
1,0.8617021441459656,685,ai_kinh_te_0593_GPT-5.6 Luna
1,0.9404255151748656,533,ai_xa_hoi_0058_gemini-3.7-flash
0,0.9791666865348816,587,a0f5c6f70ee1a404
1,0.8731883764266968,686,ai_giao_duc_0471_GPT-5.6 Luna
1,0.8868613243103027,684,ai_kinh_te_0540_GPT-5.6 Luna
0,0.9591836929321288,581,3a3e597e918a060c
0,1.0596026182174685,650,e57e4b5b0d4b5512
0,0.9185185432434082,676,6e064513f8aa2712
1,0.8686131238937378,684,ai_van_hoa_0462_GPT-5.6 Luna
1,0.8423236608505249,517,ai_giao_duc_0334_gemini-3.7-flash
1,0.8528138399124146,575,ai_van_hoa_0321_gemini-3.7-flash
0,0.9934210777282716,512,e34dc4fafb0bd9ec
0,0.9344978332519532,655,8cc8a52f1a78030b
1,0.8804348111152649,686,ai_giao_duc_0708_GPT-5.6 Luna
0,1.0261437892913818,665,033805748a576c43
1,0.8695651888847351,684,ai_chinh_tri_0733_GPT-5.6 Luna
0,0.9365671873092652,512,84022638a287e7a3
1,0.8678571581840515,686,ai_chinh_tri_0491_GPT-5.6 Luna
0,0.9813084006309508,512,e1329de3e62f0a05
0,1.0,551,948ce4bb66637064
1,0.8623188138008118,686,ai_kinh_te_0424_GPT-5.6 Luna
1,0.8755555748939514,513,ai_chinh_tri_0383_gemini-3.7-flash
0,0.9230769276618958,512,cfe0721fa1667cb3
0,1.0596330165863037,536,ae743a60dbb7d8cc
0,1.0331950187683103,768,11af991684321939
1,0.9067164063453674,684,ai_giao_duc_0042_GPT-5.6 Luna
0,0.954023003578186,642,63b6f85988b72443
0,0.9525862336158752,673,44288f01485ac6b5
0,0.9809523820877076,529,8ac867acbe468f74
0,1.0,563,86695f76095cb90f
1,0.8636363744735718,685,ai_van_hoa_0783_GPT-5.6 Luna
1,0.8848921060562134,686,ai_xa_hoi_0620_GPT-5.6 Luna
1,0.9135338068008424,685,ai_xa_hoi_0655_GPT-5.6 Luna
1,0.895652174949646,545,ai_chinh_tri_0136_gemini-3.7-flash
1,0.8341013789176941,561,ai_giao_duc_0571_gemini-3.7-flash
0,0.8011695742607117,768,db1c90251a50d998
1,0.8755555748939514,513,ai_chinh_tri_0719_gemini-3.7-flash
1,0.8514492511749268,686,ai_kinh_te_0760_GPT-5.6 Luna
0,0.9928057789802552,687,ab3127976a325659
0,1.0666667222976685,768,6b043dfd93d4ef76
1,0.8678571581840515,684,ai_the_thao_0347_GPT-5.6 Luna
0,0.9656488299369812,602,28643727c24c36d5
1,0.8733624219894409,545,ai_chinh_tri_0068_gemini-3.7-flash
1,0.9230769276618958,494,ai_xa_hoi_0412_gemini-3.7-flash
0,0.8793969750404358,768,d621593b1b89f934
1,0.8636363744735718,686,ai_the_thao_0005_GPT-5.6 Luna
1,0.895652174949646,545,ai_chinh_tri_0320_gemini-3.7-flash
1,0.8546099066734314,685,ai_van_hoa_0713_GPT-5.6 Luna
0,0.9356223344802856,754,908a6870ef9b0647
1,0.9194915294647216,497,ai_xa_hoi_0312_gemini-3.7-flash
0,0.9861111044883728,512,e6bcb2a90689050d
0,1.0916030406951904,768,2a576a7a0a894d41
0,1.048888921737671,512,55bd89dfe0e98d2c
0,0.9934640526771544,512,e34d119395049e89
1,0.8949275612831116,686,ai_giao_duc_0173_GPT-5.6 Luna
0,1.038135647773743,667,367a5940e51c09ba
0,0.9779735803604126,512,09bbd68250767668
1,0.895652174949646,545,ai_chinh_tri_0264_gemini-3.7-flash
1,0.8515625,567,ai_kinh_te_0198_gemini-3.7-flash
1,0.8510638475418091,686,ai_xa_hoi_0277_GPT-5.6 Luna
0,1.0303030014038086,604,63f343d0651dcb9a
1,0.8368794322013855,683,ai_xa_hoi_0504_GPT-5.6 Luna
1,0.8952381014823914,595,ai_chinh_tri_0661_gemini-3.7-flash
1,0.8666666746139526,530,ai_giao_duc_0224_gemini-3.7-flash
0,1.03649640083313,535,8fcb2a7b972a2c4e
0,0.9677419066429138,627,656f0296627751b9
1,0.8333333134651184,530,ai_kinh_te_0203_gemini-3.7-flash
1,0.8423236608505249,517,ai_giao_duc_0766_gemini-3.7-flash
1,0.8731883764266968,686,ai_kinh_te_0792_GPT-5.6 Luna
0,0.9655172228813172,768,20fce7ad969abacb
0,1.0745341777801514,768,ad10f761eb252294
1,0.866906464099884,684,ai_chinh_tri_0725_GPT-5.6 Luna
1,0.8576642274856567,684,ai_van_hoa_0022_GPT-5.6 Luna
1,0.8771186470985413,574,ai_van_hoa_0021_gemini-3.7-flash
0,1.0,625,3705f16edd6bf119
0,0.9172661900520324,512,2887cf2b9d3cba7b
1,0.8738738894462585,530,ai_giao_duc_0572_gemini-3.7-flash
0,0.9553072452545166,695,1c5c6ab4537d5302
1,0.8360000252723694,557,ai_van_hoa_0803_gemini-3.7-flash
0,1.0129032135009766,700,d28c27880a5eb7b4
0,0.887499988079071,768,28bccac4f4986ea2
1,0.8556337952613831,686,ai_van_hoa_0752_GPT-5.6 Luna
0,0.9736841917037964,539,4263eaca552577ea
0,1.0496894121170044,631,155fd666b374e402
1,0.9313304424285888,569,ai_xa_hoi_0805_gemini-3.7-flash
0,0.9708333611488342,655,ef2dd894f6621ece
1,0.8510638475418091,686,ai_xa_hoi_0494_GPT-5.6 Luna
1,0.8733624219894409,545,ai_chinh_tri_0332_gemini-3.7-flash
1,0.912350594997406,515,ai_kinh_te_0664_gemini-3.7-flash
0,1.0,567,3b422c041caeacc4
1,0.829365074634552,523,ai_the_thao_0416_gemini-3.7-flash
1,0.8758864998817444,686,ai_kinh_te_0531_GPT-5.6 Luna
1,0.8368055820465088,686,ai_xa_hoi_0026_GPT-5.6 Luna
1,0.8623188138008118,685,ai_giao_duc_0308_GPT-5.6 Luna
1,0.8804348111152649,685,ai_chinh_tri_0109_GPT-5.6 Luna
1,0.8528138399124146,575,ai_van_hoa_0473_gemini-3.7-flash
0,0.969924807548523,624,b91627e8f3780639
0,1.0546875,448,dbcaac696a8ceb1c
0,0.9601989984512328,512,e518b211a968e96b
0,0.9243243336677552,515,3adc713721573ac7
0,1.0303030014038086,768,ce8c06ef129b04ec
0,0.9637681245803832,768,8c1e26ef5367740a
1,0.8389830589294434,554,ai_the_thao_0295_gemini-3.7-flash
0,1.0634920597076416,557,92a250fc13eb1100
1,0.9404255151748656,533,ai_xa_hoi_0194_gemini-3.7-flash
0,1.0,629,1f328b2ce5e675a4
0,0.960629940032959,592,efa0f285130b2db5
1,0.8884891867637634,686,ai_giao_duc_0623_GPT-5.6 Luna
0,0.9515418410301208,533,98fec2fd4db6e5c7
0,0.949999988079071,659,51c0578578721006
0,0.9635036587715148,768,8776d80f6dd97707
1,0.8731883764266968,686,ai_giao_duc_0748_GPT-5.6 Luna
0,0.9784172773361206,512,3ad9d609ce1f355a
1,0.9910714030265808,550,ai_van_hoa_0226_gemini-3.7-flash
0,1.024896264076233,664,fff71d3513730b64
1,0.8733624219894409,545,ai_chinh_tri_0012_gemini-3.7-flash
1,0.8297872543334961,684,ai_van_hoa_0541_GPT-5.6 Luna
1,0.8426573276519775,686,ai_xa_hoi_0074_GPT-5.6 Luna
0,0.9635036587715148,640,4b52a861f24f0637
0,1.044843077659607,588,b8e1f60205057182
0,0.9792746305465698,768,1b30d5f42c8a8fe8
1,0.8714285492897034,685,ai_the_thao_0422_GPT-5.6 Luna
0,0.9781659245491028,507,ae9b7d0f43c1ce41
0,1.0202429294586182,559,2286375e4bee9894
0,0.9426229596138,512,14407ce752da45cb
0,1.057554006576538,675,141a1decc60fc470
1,0.85447758436203,530,ai_kinh_te_0207_gemini-3.7-flash
0,0.9333333373069764,768,bf7198d2c5886f52
1,0.866906464099884,686,ai_chinh_tri_0243_GPT-5.6 Luna
1,0.85447758436203,530,ai_kinh_te_0503_gemini-3.7-flash
0,1.0071429014205933,674,faad6314e70ea691
0,0.9701492786407472,512,dff5df2ad2b60795
1,0.8617021441459656,686,ai_xa_hoi_0610_GPT-5.6 Luna
0,0.986725687980652,645,edd3b586b38be975
1,0.8785714507102966,685,ai_kinh_te_0057_GPT-5.6 Luna
1,0.866906464099884,685,ai_giao_duc_0596_GPT-5.6 Luna
0,0.9607843160629272,768,521109f5c3ce3b75
0,0.9307359457015992,768,7cf5b44cb03375fb
0,0.9736841917037964,512,6e602bc7d6fc92af
0,1.0877193212509155,512,8d881d055af6c679
1,0.8733624219894409,545,ai_chinh_tri_0788_gemini-3.7-flash
0,0.907489001750946,695,fbf2efbfe246c66f
0,0.991769552230835,697,672d09623ab75131
0,1.0,740,2640bb7cd8d8f1da
1,0.8636363744735718,685,ai_the_thao_0059_GPT-5.6 Luna
0,0.9800000190734864,607,0597b3449ab9aa7f
1,0.8636363744735718,684,ai_van_hoa_0351_GPT-5.6 Luna
1,0.886956512928009,596,ai_the_thao_0229_gemini-3.7-flash
1,0.8510638475418091,685,ai_van_hoa_0059_GPT-5.6 Luna
0,0.9432623982429504,647,9dff195a1b585a3a
0,1.029411792755127,512,9bb09d6f08daf30b
1,0.912350594997406,515,ai_kinh_te_0392_gemini-3.7-flash
1,0.8840579986572266,685,ai_chinh_tri_0069_GPT-5.6 Luna
1,0.8723404407501221,686,ai_kinh_te_0259_GPT-5.6 Luna
0,1.0090909004211426,579,ec227fae300b1099
1,0.9230769276618958,494,ai_xa_hoi_0196_gemini-3.7-flash
1,0.9242424368858336,596,ai_chinh_tri_0361_gemini-3.7-flash
1,0.9279661178588868,569,ai_xa_hoi_0069_gemini-3.7-flash
1,0.8368055820465088,686,ai_xa_hoi_0506_GPT-5.6 Luna
0,0.9428571462631226,674,a94a2dfb3c11effb
0,0.9090909361839294,643,a6255e521f0111bd
0,1.0,551,14c2d4fe80af0261
1,0.8731883764266968,686,ai_kinh_te_0277_GPT-5.6 Luna
1,0.8759124279022217,685,ai_chinh_tri_0541_GPT-5.6 Luna
1,0.8661971688270569,685,ai_the_thao_0238_GPT-5.6 Luna
1,0.8767605423927307,686,ai_van_hoa_0498_GPT-5.6 Luna
0,1.0062893629074097,512,177d2ab3148bce77
1,0.8936170339584351,686,ai_giao_duc_0102_GPT-5.6 Luna
0,1.0076923370361328,768,355e64db3da5b0d8
1,0.8576388955116272,685,ai_the_thao_0196_GPT-5.6 Luna
1,0.8219696879386902,555,ai_van_hoa_0183_gemini-3.7-flash
1,0.8714285492897034,685,ai_xa_hoi_0129_GPT-5.6 Luna
0,1.0544553995132446,512,4d2f0c32e2f517d3
1,0.9910714030265808,550,ai_van_hoa_0162_gemini-3.7-flash
1,0.8738738894462585,530,ai_giao_duc_0132_gemini-3.7-flash
1,0.8690476417541504,568,ai_kinh_te_0162_gemini-3.7-flash
1,0.9222221970558168,685,ai_kinh_te_0676_GPT-5.6 Luna
1,0.8510638475418091,685,ai_chinh_tri_0206_GPT-5.6 Luna
0,1.018518567085266,628,14fb100b3a3ab577
1,0.8829787373542786,686,ai_giao_duc_0526_GPT-5.6 Luna
1,0.8714285492897034,685,ai_xa_hoi_0489_GPT-5.6 Luna
0,1.0347222089767456,512,64c37dac13c0d003
0,0.9738562107086182,533,5243da9575e97267
0,1.0827068090438845,768,8b5884e52a3dd84e
1,0.8782608509063721,547,ai_van_hoa_0188_gemini-3.7-flash
0,1.0845069885253906,744,6452dd35bd152046
1,0.8799999952316284,554,ai_the_thao_0611_gemini-3.7-flash
1,0.8584070801734924,544,ai_van_hoa_0752_gemini-3.7-flash
1,0.9279661178588868,569,ai_xa_hoi_0653_gemini-3.7-flash
0,1.0606060028076172,512,aab085b0655f333c
1,0.866906464099884,685,ai_xa_hoi_0726_GPT-5.6 Luna
0,0.8650306463241577,681,8bac50cc1fd00d72
0,0.9333333373069764,568,5f58c3874a96c3e6
0,1.078703761100769,512,c2fd6a414906dd72
1,0.9227467775344848,570,ai_xa_hoi_0113_gemini-3.7-flash
0,1.0,512,fa827f4aa74dfe0e
0,1.0253164768218994,707,bdba4b37de51b1a4
1,0.8767605423927307,685,ai_the_thao_0100_GPT-5.6 Luna
0,1.0,667,2eedb40dfd9ecce9
0,0.9261363744735718,624,e68e7502dcf837d7
1,0.8758864998817444,685,ai_the_thao_0459_GPT-5.6 Luna
0,0.9924812316894532,512,e98ac72ccbd09103
0,1.0067113637924194,512,f53491763a2d4e1c
1,0.8784722089767456,686,ai_the_thao_0505_GPT-5.6 Luna
1,0.8410041928291321,531,ai_the_thao_0558_gemini-3.7-flash
1,0.829365074634552,523,ai_the_thao_0224_gemini-3.7-flash
0,0.9919999837875366,530,3dcd43e976a07c47
0,0.7777777910232544,668,2f862bd5f214a978
1,0.9910714030265808,550,ai_van_hoa_0434_gemini-3.7-flash
1,0.9242424368858336,596,ai_chinh_tri_0233_gemini-3.7-flash
1,0.9404255151748656,533,ai_xa_hoi_0506_gemini-3.7-flash
0,0.9679144620895386,768,1b11cb86d530596a
1,0.8515625,567,ai_kinh_te_0190_gemini-3.7-flash
1,0.9194915294647216,497,ai_xa_hoi_0248_gemini-3.7-flash
0,0.973154366016388,768,7c0381a2179685d9
0,1.0785714387893677,512,c42ba6a952ca0085
1,0.8541666865348816,686,ai_the_thao_0333_GPT-5.6 Luna
1,0.8571428656578064,685,ai_van_hoa_0563_GPT-5.6 Luna
0,0.9661017060279846,512,c00e3de635a36655
0,0.995412826538086,524,4eb78d8ff3f2ebef
1,0.8514492511749268,684,ai_van_hoa_0587_GPT-5.6 Luna
1,0.9037036895751952,684,ai_kinh_te_0052_GPT-5.6 Luna
1,0.8731883764266968,686,ai_kinh_te_0312_GPT-5.6 Luna
1,0.8755555748939514,513,ai_chinh_tri_0767_gemini-3.7-flash
1,0.8690476417541504,568,ai_kinh_te_0770_gemini-3.7-flash
1,0.8888888955116272,518,ai_chinh_tri_0019_gemini-3.7-flash
1,0.8607142567634583,685,ai_xa_hoi_0822_GPT-5.6 Luna
0,1.0299999713897705,512,0a601bfb7d76852a
0,0.9743589758872986,693,d3687f5a5a423fb4
0,1.0174672603607178,768,bf2b6e0d2e9f7b6a
1,0.925110161304474,599,ai_giao_duc_0261_gemini-3.7-flash
0,1.012738823890686,512,b897d40f4735c8db
1,0.8617021441459656,685,ai_van_hoa_0432_GPT-5.6 Luna
0,0.9556451439857484,768,894135e35e8ee69a
0,1.01260507106781,616,3299f6aced00cfc1
1,0.8617021441459656,685,ai_kinh_te_0391_GPT-5.6 Luna
1,0.8253968358039856,557,ai_van_hoa_0027_gemini-3.7-flash
0,0.9636363387107848,512,ab81b3203307e6a7
